id ra dec ra1 dec1 ra2 dec2 ra3 dec3 ra4 dec4
T00000 0.0 -90.0 44.992135235867146 -88.10150516316908 135.0078647641327 -88.10150516316908 224.9921352358667 -88.10150516316911 315.00786476413344 -88.1015051631691
T00001 0.0 -87.42857142857143 18.94267867422655 -85.86233945993571 47.53704869081069 -88.18054937333365 312.4629513091899 -88.18054937333366 341.0573213257738 -85.86233945993571
T00002 36.0 -87.42857142857143 54.942678674226556 -85.86233945993571 83.53704869081069 -88.18054937333365 348.4629513091899 -88.18054937333366 17.057321325773806 -85.86233945993571
T00003 72.0 -87.42857142857143 90.94267867422654 -85.86233945993571 119.5370486908107 -88.18054937333365 24.46295130918989 -88.18054937333366 53.0573213257738 -85.86233945993571
T00004 108.0 -87.42857142857143 126.94267867422654 -85.86233945993571 155.5370486908107 -88.18054937333365 60.46295130918988 -88.18054937333366 89.0573213257738 -85.86233945993571
T00005 144.0 -87.42857142857143 162.94267867422656 -85.86233945993571 191.53704869081068 -88.18054937333365 96.46295130918988 -88.18054937333366 125.05732132577381 -85.86233945993571
T00006 180.0 -87.42857142857143 198.94267867422653 -85.86233945993571 227.53704869081068 -88.18054937333365 132.4629513091899 -88.18054937333366 161.0573213257738 -85.86233945993571
T00007 216.0 -87.42857142857143 234.94267867422656 -85.86233945993571 263.5370486908107 -88.18054937333365 168.4629513091899 -88.18054937333366 197.05732132577378 -85.86233945993571
T00008 252.0 -87.42857142857143 270.94267867422656 -85.86233945993571 299.5370486908107 -88.18054937333365 204.46295130918986 -88.18054937333366 233.0573213257738 -85.86233945993571
T00009 288.0 -87.42857142857143 306.94267867422656 -85.86233945993571 335.5370486908107 -88.18054937333365 240.46295130918986 -88.18054937333366 269.0573213257738 -85.86233945993571
T00010 324.0 -87.42857142857143 342.94267867422656 -85.86233945993571 11.537048690810687 -88.18054937333365 276.46295130918986 -88.18054937333366 305.0573213257738 -85.86233945993571
T00011 0.0 -84.85714285714286 11.717947124258643 -83.37744362876387 19.469380364786353 -85.97028677897576 340.530619635214 -85.97028677897578 348.2820528757416 -83.37744362876387
T00012 22.5 -84.85714285714286 34.217947124258636 -83.37744362876387 41.96938036478636 -85.97028677897576 3.030619635214009 -85.97028677897578 10.782052875741588 -83.37744362876387
T00013 45.0 -84.85714285714286 56.71794712425864 -83.37744362876387 64.46938036478636 -85.97028677897576 25.53061963521401 -85.97028677897578 33.282052875741584 -83.37744362876387
T00014 67.5 -84.85714285714286 79.21794712425864 -83.37744362876387 86.96938036478636 -85.97028677897576 48.030619635214 -85.97028677897578 55.78205287574159 -83.37744362876387
T00015 90.0 -84.85714285714286 101.71794712425864 -83.37744362876387 109.46938036478636 -85.97028677897576 70.530619635214 -85.97028677897578 78.28205287574158 -83.37744362876387
T00016 112.5 -84.85714285714286 124.21794712425863 -83.37744362876387 131.96938036478636 -85.97028677897576 93.030619635214 -85.97028677897578 100.78205287574158 -83.37744362876387
T00017 135.0 -84.85714285714286 146.71794712425864 -83.37744362876387 154.46938036478633 -85.97028677897576 115.53061963521401 -85.97028677897578 123.2820528757416 -83.37744362876387
T00018 157.5 -84.85714285714286 169.21794712425864 -83.37744362876387 176.96938036478636 -85.97028677897576 138.030619635214 -85.97028677897578 145.78205287574158 -83.37744362876387
T00019 180.0 -84.85714285714286 191.71794712425864 -83.37744362876387 199.46938036478633 -85.97028677897576 160.530619635214 -85.97028677897578 168.28205287574158 -83.37744362876387
T00020 202.5 -84.85714285714286 214.21794712425864 -83.37744362876387 221.96938036478633 -85.97028677897576 183.03061963521398 -85.97028677897578 190.78205287574158 -83.37744362876387
T00021 225.0 -84.85714285714286 236.71794712425861 -83.37744362876387 244.4693803647863 -85.97028677897576 205.53061963521398 -85.97028677897578 213.28205287574158 -83.37744362876387
T00022 247.49999999999997 -84.85714285714286 259.2179471242586 -83.37744362876387 266.96938036478633 -85.97028677897576 228.03061963521395 -85.97028677897578 235.78205287574153 -83.37744362876387
T00023 270.0 -84.85714285714286 281.71794712425867 -83.37744362876387 289.4693803647864 -85.97028677897576 250.53061963521398 -85.97028677897578 258.28205287574156 -83.37744362876387
T00024 292.5 -84.85714285714286 304.2179471242586 -83.37744362876387 311.9693803647864 -85.97028677897576 273.030619635214 -85.97028677897578 280.78205287574156 -83.37744362876387
T00025 315.0 -84.85714285714286 326.7179471242586 -83.37744362876387 334.46938036478633 -85.97028677897576 295.530619635214 -85.97028677897578 303.2820528757416 -83.37744362876387
T00026 337.5 -84.85714285714286 349.2179471242586 -83.37744362876387 356.9693803647864 -85.97028677897576 318.030619635214 -85.97028677897578 325.7820528757416 -83.37744362876387
T00027 0.0 -82.28571428571429 8.465240988325045 -80.84476493125493 11.921346386420463 -83.48932852839798 348.0786536135798 -83.48932852839799 351.53475901167513 -80.84476493125494
T00028 16.363636363636363 -82.28571428571429 24.828877351961413 -80.84476493125494 28.28498275005683 -83.48932852839799 4.442289977216135 -83.48932852839799 7.898395375311488 -80.84476493125494
T00029 32.72727272727273 -82.28571428571429 41.19251371559777 -80.84476493125493 44.64861911369318 -83.48932852839798 20.805926340852498 -83.48932852839799 24.26203173894785 -80.84476493125494
T00030 49.090909090909086 -82.28571428571429 57.55615007923413 -80.84476493125493 61.012255477329546 -83.48932852839799 37.16956270448885 -83.48932852839799 40.62566810258421 -80.84476493125494
T00031 65.45454545454545 -82.28571428571429 73.9197864428705 -80.84476493125494 77.37589184096592 -83.48932852839798 53.53319906812522 -83.48932852839799 56.98930446622058 -80.84476493125494
T00032 81.81818181818183 -82.28571428571429 90.28342280650686 -80.84476493125493 93.73952820460228 -83.48932852839799 69.89683543176159 -83.48932852839799 73.35294082985695 -80.84476493125494
T00033 98.18181818181817 -82.28571428571429 106.64705917014322 -80.84476493125493 110.10316456823864 -83.48932852839798 86.26047179539795 -83.48932852839799 89.7165771934933 -80.84476493125494
T00034 114.54545454545455 -82.28571428571429 123.0106955337796 -80.84476493125494 126.466800931875 -83.48932852839799 102.62410815903432 -83.48932852839799 106.08021355712967 -80.84476493125494
T00035 130.9090909090909 -82.28571428571429 139.37433189741594 -80.84476493125493 142.8304372955114 -83.48932852839798 118.9877445226707 -83.48932852839799 122.44384992076604 -80.84476493125494
T00036 147.27272727272725 -82.28571428571429 155.73796826105232 -80.84476493125494 159.19407365914773 -83.48932852839799 135.35138088630706 -83.48932852839799 138.8074862844024 -80.84476493125494
T00037 163.63636363636365 -82.28571428571429 172.1016046246887 -80.84476493125494 175.5577100227841 -83.48932852839799 151.71501724994343 -83.48932852839799 155.1711226480388 -80.84476493125494
T00038 180.0 -82.28571428571429 188.46524098832504 -80.84476493125493 191.92134638642045 -83.48932852839798 168.07865361357977 -83.48932852839799 171.53475901167513 -80.84476493125494
T00039 196.36363636363635 -82.28571428571429 204.8288773519614 -80.84476493125493 208.2849827500568 -83.48932852839798 184.44228997721612 -83.48932852839799 187.89839537531145 -80.84476493125494
T00040 212.72727272727272 -82.28571428571429 221.19251371559776 -80.84476493125493 224.64861911369317 -83.48932852839798 200.8059263408525 -83.48932852839799 204.26203173894785 -80.84476493125494
T00041 229.0909090909091 -82.28571428571429 237.5561500792341 -80.84476493125493 241.01225547732952 -83.48932852839799 217.16956270448884 -83.48932852839799 220.6256681025842 -80.84476493125494
T00042 245.45454545454547 -82.28571428571429 253.9197864428705 -80.84476493125494 257.3758918409659 -83.48932852839799 233.5331990681252 -83.48932852839799 236.98930446622057 -80.84476493125494
T00043 261.8181818181818 -82.28571428571429 270.28342280650685 -80.84476493125493 273.73952820460227 -83.48932852839799 249.8968354317616 -83.48932852839799 253.35294082985692 -80.84476493125494
T00044 278.1818181818182 -82.28571428571429 286.6470591701432 -80.84476493125493 290.10316456823864 -83.48932852839798 266.2604717953979 -83.48932852839799 269.71657719349326 -80.84476493125494
T00045 294.5454545454545 -82.28571428571429 303.0106955337796 -80.84476493125493 306.46680093187496 -83.48932852839799 282.6241081590343 -83.48932852839799 286.08021355712964 -80.84476493125494
T00046 310.90909090909093 -82.28571428571429 319.37433189741597 -80.84476493125493 322.8304372955114 -83.48932852839798 298.9877445226707 -83.48932852839799 302.44384992076607 -80.84476493125494
T00047 327.2727272727273 -82.28571428571429 335.73796826105234 -80.84476493125494 339.19407365914776 -83.48932852839798 315.351380886307 -83.48932852839799 318.8074862844024 -80.84476493125494
T00048 343.6363636363636 -82.28571428571429 352.10160462468866 -80.84476493125494 355.5577100227841 -83.48932852839799 331.7150172499434 -83.48932852839799 335.17112264803876 -80.84476493125494
T00049 0.0 -79.71428571428571 6.629969272412946 -78.29528079466864 8.570963598931327 -80.95781243598245 351.42903640106886 -80.95781243598246 353.37003072758716 -78.29528079466864
T00050 12.857142857142858 -79.71428571428571 19.487112129555804 -78.29528079466864 21.428106456074186 -80.95781243598245 4.286179258211701 -80.95781243598246 6.227173584730042 -78.29528079466864
T00051 25.714285714285715 -79.71428571428571 32.344254986698665 -78.29528079466864 34.28524931321704 -80.95781243598245 17.143322115354568 -80.95781243598246 19.084316441872904 -78.29528079466864
T00052 38.57142857142857 -79.71428571428571 45.20139784384151 -78.29528079466864 47.1423921703599 -80.95781243598246 30.00046497249742 -80.95781243598246 31.941459299015754 -78.29528079466864
T00053 51.42857142857143 -79.71428571428571 58.05854070098437 -78.29528079466864 59.99953502750275 -80.95781243598246 42.85760782964027 -80.95781243598246 44.798602156158616 -78.29528079466864
T00054 64.28571428571429 -79.71428571428571 70.91568355812726 -78.29528079466864 72.85667788464562 -80.95781243598245 55.71475068678315 -80.95781243598246 57.6557450133015 -78.29528079466864
T00055 77.14285714285714 -79.71428571428571 83.77282641527009 -78.29528079466864 85.71382074178847 -80.95781243598245 68.57189354392598 -80.95781243598246 70.51288787044433 -78.29528079466864
T00056 90.0 -79.71428571428571 96.62996927241294 -78.29528079466864 98.57096359893133 -80.95781243598245 81.42903640106884 -80.95781243598246 83.37003072758718 -78.29528079466864
T00057 102.85714285714286 -79.71428571428571 109.4871121295558 -78.29528079466864 111.42810645607418 -80.95781243598246 94.2861792582117 -80.95781243598246 96.22717358473004 -78.29528079466864
T00058 115.71428571428571 -79.71428571428571 122.34425498669867 -78.29528079466864 124.28524931321705 -80.95781243598245 107.14332211535456 -80.95781243598246 109.08431644187291 -78.29528079466864
T00059 128.57142857142858 -79.71428571428571 135.20139784384156 -78.29528079466864 137.1423921703599 -80.95781243598245 120.00046497249744 -80.95781243598246 121.94145929901579 -78.29528079466864
T00060 141.42857142857142 -79.71428571428571 148.0585407009844 -78.29528079466864 149.99953502750276 -80.95781243598246 132.85760782964027 -80.95781243598246 134.79860215615864 -78.29528079466864
T00061 154.28571428571428 -79.71428571428571 160.91568355812723 -78.29528079466864 162.8566778846456 -80.95781243598245 145.71475068678313 -80.95781243598246 147.65574501330147 -78.29528079466864
T00062 167.14285714285714 -79.71428571428571 173.7728264152701 -78.29528079466864 175.71382074178848 -80.95781243598245 158.571893543926 -80.95781243598246 160.51288787044433 -78.29528079466864
T00063 180.0 -79.71428571428571 186.62996927241292 -78.29528079466864 188.5709635989313 -80.95781243598245 171.42903640106883 -80.95781243598246 173.3700307275872 -78.29528079466864
T00064 192.85714285714286 -79.71428571428571 199.48711212955578 -78.29528079466864 201.42810645607418 -80.95781243598246 184.2861792582117 -80.95781243598246 186.22717358473002 -78.29528079466864
T00065 205.71428571428572 -79.71428571428571 212.34425498669864 -78.29528079466864 214.28524931321704 -80.95781243598245 197.14332211535455 -80.95781243598246 199.0843164418729 -78.29528079466864
T00066 218.57142857142858 -79.71428571428571 225.20139784384153 -78.29528079466864 227.1423921703599 -80.95781243598245 210.00046497249744 -80.95781243598246 211.94145929901578 -78.29528079466864
T00067 231.42857142857142 -79.71428571428571 238.05854070098437 -78.29528079466864 239.99953502750273 -80.95781243598245 222.85760782964027 -80.95781243598246 224.7986021561586 -78.29528079466864
T00068 244.28571428571428 -79.71428571428571 250.91568355812723 -78.29528079466864 252.8566778846456 -80.95781243598245 235.71475068678313 -80.95781243598246 237.65574501330147 -78.29528079466864
T00069 257.14285714285717 -79.71428571428571 263.7728264152701 -78.29528079466864 265.7138207417885 -80.95781243598246 248.57189354392602 -80.95781243598246 250.51288787044436 -78.29528079466864
T00070 270.0 -79.71428571428571 276.62996927241295 -78.29528079466864 278.5709635989313 -80.95781243598246 261.42903640106886 -80.95781243598246 263.37003072758716 -78.29528079466864
T00071 282.85714285714283 -79.71428571428571 289.4871121295558 -78.29528079466864 291.42810645607415 -80.95781243598246 274.2861792582117 -80.95781243598246 276.22717358473005 -78.29528079466864
T00072 295.7142857142857 -79.71428571428571 302.3442549866986 -78.29528079466864 304.28524931321704 -80.95781243598245 287.1433221153546 -80.95781243598246 289.0843164418729 -78.29528079466864
T00073 308.57142857142856 -79.71428571428571 315.2013978438415 -78.29528079466864 317.14239217035987 -80.95781243598246 300.0004649724974 -80.95781243598246 301.9414592990157 -78.29528079466864
T00074 321.42857142857144 -79.71428571428571 328.05854070098434 -78.29528079466864 329.99953502750276 -80.95781243598245 312.85760782964024 -80.95781243598246 314.7986021561586 -78.29528079466864
T00075 334.2857142857143 -79.71428571428571 340.9156835581272 -78.29528079466864 342.8566778846456 -80.95781243598245 325.71475068678313 -80.95781243598246 327.65574501330144 -78.29528079466864
T00076 347.14285714285717 -79.71428571428571 353.7728264152701 -78.29528079466864 355.7138207417885 -80.95781243598246 338.571893543926 -80.95781243598246 340.5128878704444 -78.29528079466864
T00077 0.0 -77.14285714285714 5.455671299795474 -75.73800138505088 6.694300480996051 -78.40881732840315 353.3056995190041 -78.40881732840315 354.54432870020463 -75.73800138505088
T00078 10.588235294117647 -77.14285714285714 16.043906593913125 -75.73800138505088 17.282535775113704 -78.40881732840315 3.893934813121731 -78.40881732840315 5.132563994322284 -75.73800138505088
T00079 21.176470588235293 -77.14285714285714 26.632141888030763 -75.73800138505088 27.87077106923134 -78.40881732840315 14.482170107239375 -78.40881732840315 15.720799288439927 -75.73800138505088
T00080 31.764705882352942 -77.14285714285714 37.22037718214841 -75.73800138505088 38.45900636334898 -78.40881732840315 25.07040540135702 -78.40881732840315 26.309034582557572 -75.73800138505088
T00081 42.35294117647059 -77.14285714285714 47.808612476266056 -75.73800138505088 49.04724165746664 -78.40881732840315 35.658640695474666 -78.40881732840315 36.897269876675225 -75.73800138505088
T00082 52.94117647058824 -77.14285714285714 58.39684777038371 -75.73800138505088 59.63547695158428 -78.40881732840315 46.24687598959231 -78.40881732840315 47.48550517079286 -75.73800138505088
T00083 63.529411764705884 -77.14285714285714 68.98508306450137 -75.73800138505088 70.22371224570193 -78.40881732840315 56.83511128370996 -78.40881732840315 58.073740464910514 -75.73800138505088
T00084 74.11764705882354 -77.14285714285714 79.573318358619 -75.73800138505088 80.8119475398196 -78.40881732840315 67.42334657782762 -78.40881732840315 68.66197575902817 -75.73800138505088
T00085 84.70588235294117 -77.14285714285714 90.16155365273664 -75.73800138505088 91.40018283393724 -78.40881732840315 78.01158187194527 -78.40881732840315 79.2502110531458 -75.73800138505088
T00086 95.29411764705883 -77.14285714285714 100.74978894685431 -75.73800138505088 101.98841812805487 -78.40881732840315 88.59981716606292 -78.40881732840315 89.83844634726347 -75.73800138505088
T00087 105.88235294117648 -77.14285714285714 111.33802424097195 -75.73800138505088 112.57665342217253 -78.40881732840315 99.18805246018056 -78.40881732840315 100.42668164138111 -75.73800138505088
T00088 116.47058823529412 -77.14285714285714 121.92625953508959 -75.73800138505088 123.16488871629016 -78.40881732840315 109.7762877542982 -78.40881732840315 111.01491693549875 -75.73800138505088
T00089 127.05882352941177 -77.14285714285714 132.51449482920722 -75.73800138505088 133.75312401040784 -78.40881732840315 120.36452304841585 -78.40881732840315 121.6031522296164 -75.73800138505088
T00090 137.6470588235294 -77.14285714285714 143.10273012332487 -75.73800138505088 144.34135930452544 -78.40881732840315 130.95275834253349 -78.40881732840315 132.19138752373402 -75.73800138505088
T00091 148.23529411764707 -77.14285714285714 153.69096541744253 -75.73800138505088 154.92959459864312 -78.40881732840315 141.54099363665117 -78.40881732840315 142.7796228178517 -75.73800138505088
T00092 158.82352941176472 -77.14285714285714 164.2792007115602 -75.73800138505088 165.51782989276077 -78.40881732840315 152.12922893076882 -78.40881732840315 153.36785811196938 -75.73800138505088
T00093 169.41176470588235 -77.14285714285714 174.86743600567783 -75.73800138505088 176.1060651868784 -78.40881732840315 162.71746422488644 -78.40881732840315 163.95609340608698 -75.73800138505088
T00094 180.0 -77.14285714285714 185.45567129979545 -75.73800138505088 186.69430048099605 -78.40881732840315 173.3056995190041 -78.40881732840315 174.54432870020463 -75.73800138505088
T00095 190.58823529411765 -77.14285714285714 196.04390659391314 -75.73800138505088 197.2825357751137 -78.40881732840315 183.89393481312172 -78.40881732840315 185.1325639943223 -75.73800138505088
T00096 201.1764705882353 -77.14285714285714 206.6321418880308 -75.73800138505088 207.87077106923135 -78.40881732840315 194.4821701072394 -78.40881732840315 195.72079928843993 -75.73800138505088
T00097 211.76470588235296 -77.14285714285714 217.2203771821484 -75.73800138505088 218.459006363349 -78.40881732840315 205.07040540135702 -78.40881732840315 206.3090345825576 -75.73800138505088
T00098 222.3529411764706 -77.14285714285714 227.8086124762661 -75.73800138505088 229.04724165746666 -78.40881732840315 215.65864069547467 -78.40881732840315 216.89726987667524 -75.73800138505088
T00099 232.94117647058823 -77.14285714285714 238.3968477703837 -75.73800138505088 239.63547695158428 -78.40881732840315 226.2468759895923 -78.40881732840315 227.48550517079283 -75.73800138505088
T00100 243.5294117647059 -77.14285714285714 248.9850830645014 -75.73800138505088 250.22371224570196 -78.40881732840315 236.83511128371 -78.40881732840315 238.07374046491051 -75.73800138505088
T00101 254.11764705882354 -77.14285714285714 259.57331835861896 -75.73800138505088 260.8119475398196 -78.40881732840315 247.42334657782757 -78.40881732840315 248.66197575902814 -75.73800138505088
T00102 264.7058823529412 -77.14285714285714 270.1615536527367 -75.73800138505088 271.40018283393727 -78.40881732840315 258.0115818719453 -78.40881732840315 259.25021105314585 -75.73800138505088
T00103 275.2941176470588 -77.14285714285714 280.74978894685427 -75.73800138505088 281.98841812805483 -78.40881732840315 268.59981716606285 -78.40881732840315 269.8384463472634 -75.73800138505088
T00104 285.88235294117646 -77.14285714285714 291.33802424097195 -75.73800138505088 292.5766534221725 -78.40881732840315 279.18805246018053 -78.40881732840315 280.4266816413811 -75.73800138505088
T00105 296.47058823529414 -77.14285714285714 301.92625953508957 -75.73800138505088 303.1648887162902 -78.40881732840315 289.7762877542982 -78.40881732840315 291.0149169354988 -75.73800138505088
T00106 307.05882352941177 -77.14285714285714 312.5144948292072 -75.73800138505088 313.7531240104078 -78.40881732840315 300.36452304841583 -78.40881732840315 301.60315222961634 -75.73800138505088
T00107 317.64705882352945 -77.14285714285714 323.10273012332493 -75.73800138505088 324.3413593045255 -78.40881732840315 310.9527583425335 -78.40881732840315 312.1913875237341 -75.73800138505088
T00108 328.2352941176471 -77.14285714285714 333.69096541744256 -75.73800138505088 334.9295945986431 -78.40881732840315 321.54099363665114 -78.40881732840315 322.7796228178517 -75.73800138505088
T00109 338.8235294117647 -77.14285714285714 344.2792007115602 -75.73800138505088 345.51782989276074 -78.40881732840315 332.12922893076876 -78.40881732840315 333.3678581119693 -75.73800138505088
T00110 349.4117647058824 -77.14285714285714 354.8674360056778 -75.73800138505088 356.1060651868784 -78.40881732840315 342.71746422488644 -78.40881732840315 343.956093406087 -75.73800138505088
T00111 0.0 -74.57142857142857 4.641890521734724 -73.17648171315146 5.498773984363363 -75.85178786522627 354.50122601563675 -75.85178786522627 355.35810947826536 -73.17648171315146
T00112 9.0 -74.57142857142857 13.641890521734727 -73.17648171315146 14.498773984363364 -75.85178786522627 3.5012260156367487 -75.85178786522627 4.35810947826537 -73.17648171315146
T00113 18.0 -74.57142857142857 22.641890521734723 -73.17648171315146 23.49877398436336 -75.85178786522627 12.501226015636748 -75.85178786522627 13.358109478265371 -73.17648171315146
T00114 27.0 -74.57142857142857 31.64189052173472 -73.17648171315146 32.49877398436336 -75.85178786522627 21.501226015636746 -75.85178786522627 22.358109478265366 -73.17648171315146
T00115 36.0 -74.57142857142857 40.64189052173472 -73.17648171315146 41.49877398436336 -75.85178786522627 30.50122601563675 -75.85178786522627 31.358109478265376 -73.17648171315146
T00116 45.0 -74.57142857142857 49.641890521734716 -73.17648171315146 50.49877398436336 -75.85178786522627 39.501226015636746 -75.85178786522627 40.35810947826537 -73.17648171315146
T00117 54.0 -74.57142857142857 58.641890521734716 -73.17648171315146 59.49877398436336 -75.85178786522627 48.50122601563674 -75.85178786522627 49.35810947826536 -73.17648171315146
T00118 63.0 -74.57142857142857 67.64189052173472 -73.17648171315146 68.49877398436337 -75.85178786522627 57.50122601563675 -75.85178786522627 58.358109478265376 -73.17648171315146
T00119 72.0 -74.57142857142857 76.64189052173472 -73.17648171315146 77.49877398436337 -75.85178786522627 66.50122601563675 -75.85178786522627 67.35810947826538 -73.17648171315146
T00120 81.0 -74.57142857142857 85.64189052173472 -73.17648171315146 86.49877398436337 -75.85178786522627 75.50122601563675 -75.85178786522627 76.35810947826536 -73.17648171315146
T00121 90.0 -74.57142857142857 94.64189052173472 -73.17648171315146 95.49877398436337 -75.85178786522627 84.50122601563675 -75.85178786522627 85.35810947826538 -73.17648171315146
T00122 99.0 -74.57142857142857 103.64189052173472 -73.17648171315146 104.49877398436337 -75.85178786522627 93.50122601563675 -75.85178786522627 94.35810947826538 -73.17648171315146
T00123 108.0 -74.57142857142857 112.64189052173472 -73.17648171315146 113.49877398436337 -75.85178786522627 102.50122601563675 -75.85178786522627 103.35810947826536 -73.17648171315146
T00124 117.0 -74.57142857142857 121.64189052173471 -73.17648171315146 122.49877398436338 -75.85178786522627 111.50122601563675 -75.85178786522627 112.35810947826538 -73.17648171315146
T00125 126.0 -74.57142857142857 130.64189052173475 -73.17648171315146 131.49877398436334 -75.85178786522627 120.50122601563675 -75.85178786522627 121.35810947826536 -73.17648171315146
T00126 135.0 -74.57142857142857 139.64189052173472 -73.17648171315146 140.49877398436334 -75.85178786522627 129.50122601563675 -75.85178786522627 130.35810947826536 -73.17648171315146
T00127 144.0 -74.57142857142857 148.64189052173472 -73.17648171315146 149.49877398436334 -75.85178786522627 138.50122601563675 -75.85178786522627 139.35810947826536 -73.17648171315146
T00128 153.0 -74.57142857142857 157.64189052173472 -73.17648171315146 158.49877398436334 -75.85178786522627 147.50122601563675 -75.85178786522627 148.35810947826536 -73.17648171315146
T00129 162.0 -74.57142857142857 166.64189052173475 -73.17648171315146 167.49877398436337 -75.85178786522627 156.50122601563675 -75.85178786522627 157.35810947826536 -73.17648171315146
T00130 171.0 -74.57142857142857 175.64189052173472 -73.17648171315146 176.49877398436334 -75.85178786522627 165.50122601563675 -75.85178786522627 166.35810947826536 -73.17648171315146
T00131 180.0 -74.57142857142857 184.64189052173472 -73.17648171315146 185.49877398436334 -75.85178786522627 174.50122601563675 -75.85178786522627 175.35810947826536 -73.17648171315146
T00132 189.0 -74.57142857142857 193.64189052173472 -73.17648171315146 194.49877398436334 -75.85178786522627 183.50122601563672 -75.85178786522627 184.35810947826536 -73.17648171315146
T00133 198.0 -74.57142857142857 202.64189052173472 -73.17648171315146 203.49877398436334 -75.85178786522627 192.50122601563672 -75.85178786522627 193.35810947826536 -73.17648171315146
T00134 207.0 -74.57142857142857 211.64189052173472 -73.17648171315146 212.49877398436334 -75.85178786522627 201.50122601563675 -75.85178786522627 202.35810947826536 -73.17648171315146
T00135 216.0 -74.57142857142857 220.64189052173472 -73.17648171315146 221.49877398436334 -75.85178786522627 210.50122601563672 -75.85178786522627 211.35810947826536 -73.17648171315146
T00136 225.0 -74.57142857142857 229.6418905217347 -73.17648171315146 230.49877398436337 -75.85178786522627 219.50122601563672 -75.85178786522627 220.35810947826536 -73.17648171315146
T00137 234.0 -74.57142857142857 238.64189052173475 -73.17648171315146 239.4987739843633 -75.85178786522627 228.50122601563672 -75.85178786522627 229.35810947826536 -73.17648171315146
T00138 243.0 -74.57142857142857 247.6418905217347 -73.17648171315146 248.49877398436337 -75.85178786522627 237.50122601563672 -75.85178786522627 238.35810947826536 -73.17648171315146
T00139 252.0 -74.57142857142857 256.64189052173475 -73.17648171315146 257.4987739843633 -75.85178786522627 246.50122601563672 -75.85178786522627 247.35810947826536 -73.17648171315146
T00140 261.0 -74.57142857142857 265.6418905217347 -73.17648171315146 266.49877398436337 -75.85178786522627 255.50122601563672 -75.85178786522627 256.35810947826536 -73.17648171315146
T00141 270.0 -74.57142857142857 274.64189052173475 -73.17648171315146 275.4987739843633 -75.85178786522627 264.50122601563675 -75.85178786522627 265.35810947826536 -73.17648171315146
T00142 279.0 -74.57142857142857 283.6418905217347 -73.17648171315146 284.49877398436337 -75.85178786522627 273.50122601563675 -75.85178786522627 274.35810947826536 -73.17648171315146
T00143 288.0 -74.57142857142857 292.6418905217347 -73.17648171315146 293.4987739843633 -75.85178786522627 282.50122601563675 -75.85178786522627 283.35810947826536 -73.17648171315146
T00144 297.0 -74.57142857142857 301.6418905217347 -73.17648171315146 302.49877398436337 -75.85178786522627 291.50122601563675 -75.85178786522627 292.35810947826536 -73.17648171315146
T00145 306.0 -74.57142857142857 310.64189052173475 -73.17648171315146 311.4987739843633 -75.85178786522627 300.50122601563675 -75.85178786522627 301.35810947826536 -73.17648171315146
T00146 315.0 -74.57142857142857 319.6418905217347 -73.17648171315146 320.49877398436337 -75.85178786522627 309.50122601563675 -75.85178786522627 310.35810947826536 -73.17648171315146
T00147 324.0 -74.57142857142857 328.64189052173475 -73.17648171315146 329.49877398436337 -75.85178786522627 318.50122601563675 -75.85178786522627 319.35810947826536 -73.17648171315146
T00148 333.0 -74.57142857142857 337.6418905217347 -73.17648171315146 338.49877398436337 -75.85178786522627 327.50122601563675 -75.85178786522627 328.35810947826536 -73.17648171315146
T00149 342.0 -74.57142857142857 346.64189052173475 -73.17648171315146 347.49877398436337 -75.85178786522627 336.50122601563675 -75.85178786522627 337.35810947826536 -73.17648171315146
T00150 351.0 -74.57142857142857 355.6418905217347 -73.17648171315146 356.4987739843633 -75.85178786522627 345.50122601563675 -75.85178786522627 346.35810947826536 -73.17648171315146
T00151 0.0 -72.0 4.046081168678832 -70.6124030235825 4.672696797282996 -73.29041267073946 355.3273032027171 -73.29041267073946 355.95391883132123 -70.6124030235825
T00152 7.826086956521739 -72.0 11.872168125200574 -70.61240302358252 12.498783753804739 -73.29041267073946 3.1533901592388376 -73.29041267073946 3.780005787842989 -70.61240302358252
T00153 15.652173913043478 -72.0 19.69825508172231 -70.6124030235825 20.324870710326476 -73.29041267073946 10.979477115760576 -73.29041267073946 11.606092744364728 -70.6124030235825
T00154 23.47826086956522 -72.0 27.524342038244054 -70.6124030235825 28.150957666848218 -73.29041267073946 18.80556407228232 -73.29041267073946 19.432179700886465 -70.61240302358252
T00155 31.304347826086957 -72.0 35.35042899476579 -70.61240302358252 35.977044623369956 -73.29041267073946 26.631651028804054 -73.29041267073946 27.258266657408207 -70.61240302358252
T00156 39.13043478260869 -72.0 43.17651595128752 -70.6124030235825 43.80313157989169 -73.29041267073946 34.45773798532579 -73.29041267073946 35.08435361392994 -70.61240302358252
T00157 46.95652173913044 -72.0 51.00260290780927 -70.6124030235825 51.62921853641344 -73.29041267073946 42.283824941847534 -73.29041267073946 42.910440570451684 -70.61240302358252
T00158 54.78260869565218 -72.0 58.82868986433101 -70.6124030235825 59.455305492935175 -73.29041267073946 50.109911898369276 -73.29041267073946 50.73652752697343 -70.61240302358252
T00159 62.608695652173914 -72.0 66.65477682085275 -70.6124030235825 67.28139244945692 -73.29041267073946 57.93599885489101 -73.29041267073946 58.56261448349516 -70.61240302358252
T00160 70.43478260869564 -72.0 74.48086377737448 -70.61240302358252 75.10747940597865 -73.29041267073946 65.76208581141273 -73.29041267073946 66.38870144001689 -70.61240302358252
T00161 78.26086956521738 -72.0 82.3069507338962 -70.61240302358252 82.93356636250039 -73.29041267073946 73.58817276793448 -73.29041267073946 74.21478839653864 -70.61240302358252
T00162 86.08695652173913 -72.0 90.13303769041796 -70.6124030235825 90.75965331902214 -73.29041267073946 81.41425972445623 -73.29041267073946 82.04087535306039 -70.61240302358252
T00163 93.91304347826087 -72.0 97.95912464693971 -70.6124030235825 98.58574027554388 -73.29041267073946 89.24034668097798 -73.29041267073946 89.86696230958214 -70.6124030235825
T00164 101.73913043478261 -72.0 105.78521160346143 -70.6124030235825 106.41182723206562 -73.29041267073946 97.06643363749971 -73.29041267073946 97.69304926610387 -70.61240302358252
T00165 109.56521739130436 -72.0 113.6112985599832 -70.6124030235825 114.23791418858737 -73.29041267073946 104.89252059402146 -73.29041267073946 105.51913622262562 -70.61240302358252
T00166 117.3913043478261 -72.0 121.43738551650492 -70.61240302358252 122.06400114510907 -73.29041267073946 112.71860755054318 -73.29041267073946 113.34522317914734 -70.61240302358252
T00167 125.21739130434783 -72.0 129.26347247302667 -70.61240302358252 129.89008810163082 -73.29041267073946 120.54469450706492 -73.29041267073946 121.17131013566906 -70.61240302358252
T00168 133.04347826086956 -72.0 137.08955942954836 -70.61240302358252 137.71617505815254 -73.29041267073946 128.37078146358664 -73.29041267073946 128.9973970921908 -70.61240302358252
T00169 140.86956521739128 -72.0 144.91564638607014 -70.6124030235825 145.54226201467432 -73.29041267073946 136.19686842010842 -73.29041267073946 136.82348404871254 -70.6124030235825
T00170 148.69565217391303 -72.0 152.74173334259186 -70.61240302358252 153.368348971196 -73.29041267073946 144.0229553766301 -73.29041267073946 144.64957100523426 -70.61240302358252
T00171 156.52173913043475 -72.0 160.5678202991136 -70.6124030235825 161.19443592771776 -73.29041267073946 151.84904233315186 -73.29041267073946 152.475657961756 -70.61240302358252
T00172 164.34782608695653 -72.0 168.39390725563536 -70.6124030235825 169.0205228842395 -73.29041267073946 159.6751292896736 -73.29041267073946 160.30174491827776 -70.61240302358252
T00173 172.17391304347825 -72.0 176.2199942121571 -70.6124030235825 176.84660984076126 -73.29041267073946 167.50121624619536 -73.29041267073946 168.1278318747995 -70.6124030235825
T00174 180.0 -72.0 184.04608116867882 -70.6124030235825 184.67269679728298 -73.29041267073946 175.32730320271708 -73.29041267073946 175.95391883132123 -70.6124030235825
T00175 187.82608695652175 -72.0 191.87216812520057 -70.6124030235825 192.49878375380476 -73.29041267073946 183.15339015923885 -73.29041267073946 183.780005787843 -70.61240302358252
T00176 195.65217391304347 -72.0 199.6982550817223 -70.6124030235825 200.32487071032645 -73.29041267073946 190.97947711576055 -73.29041267073946 191.6060927443647 -70.6124030235825
T00177 203.47826086956522 -72.0 207.52434203824404 -70.6124030235825 208.15095766684823 -73.29041267073946 198.80556407228232 -73.29041267073946 199.43217970088648 -70.61240302358252
T00178 211.30434782608694 -72.0 215.35042899476576 -70.6124030235825 215.97704462336992 -73.29041267073946 206.63165102880404 -73.29041267073946 207.25826665740817 -70.61240302358252
T00179 219.13043478260872 -72.0 223.17651595128754 -70.6124030235825 223.80313157989173 -73.29041267073946 214.45773798532582 -73.29041267073946 215.08435361392998 -70.6124030235825
T00180 226.95652173913044 -72.0 231.00260290780923 -70.6124030235825 231.62921853641342 -73.29041267073946 222.28382494184754 -73.29041267073946 222.91044057045167 -70.61240302358252
T00181 234.7826086956522 -72.0 238.82868986433098 -70.6124030235825 239.4553054929352 -73.29041267073946 230.10991189836926 -73.29041267073946 230.73652752697342 -70.61240302358252
T00182 242.60869565217388 -72.0 246.6547768208527 -70.6124030235825 247.28139244945686 -73.29041267073946 237.93599885489098 -73.29041267073946 238.5626144834951 -70.6124030235825
T00183 250.43478260869566 -72.0 254.48086377737445 -70.6124030235825 255.1074794059786 -73.29041267073946 245.76208581141273 -73.29041267073946 246.3887014400169 -70.61240302358252
T00184 258.26086956521743 -72.0 262.30695073389626 -70.6124030235825 262.9335663625004 -73.29041267073946 253.58817276793454 -73.29041267073946 254.2147883965387 -70.6124030235825
T00185 266.0869565217391 -72.0 270.13303769041795 -70.6124030235825 270.7596533190221 -73.29041267073946 261.4142597244562 -73.29041267073946 262.04087535306036 -70.61240302358252
T00186 273.9130434782609 -72.0 277.9591246469397 -70.6124030235825 278.5857402755439 -73.29041267073946 269.24034668097795 -73.29041267073946 269.8669623095821 -70.61240302358252
T00187 281.73913043478257 -72.0 285.7852116034614 -70.6124030235825 286.41182723206555 -73.29041267073946 277.0664336374997 -73.29041267073946 277.69304926610386 -70.6124030235825
T00188 289.5652173913044 -72.0 293.6112985599832 -70.6124030235825 294.2379141885874 -73.29041267073946 284.8925205940215 -73.29041267073946 285.51913622262566 -70.61240302358252
T00189 297.39130434782606 -72.0 301.4373855165049 -70.6124030235825 302.0640011451091 -73.29041267073946 292.71860755054314 -73.29041267073946 293.3452231791473 -70.61240302358252
T00190 305.2173913043478 -72.0 309.26347247302664 -70.61240302358252 309.8900881016308 -73.29041267073946 300.5446945070649 -73.29041267073946 301.17131013566905 -70.6124030235825
T00191 313.0434782608695 -72.0 317.08955942954833 -70.61240302358252 317.7161750581525 -73.29041267073946 308.37078146358664 -73.29041267073946 308.9973970921908 -70.61240302358252
T00192 320.8695652173913 -72.0 324.9156463860701 -70.6124030235825 325.54226201467424 -73.29041267073946 316.1968684201084 -73.29041267073946 316.82348404871254 -70.6124030235825
T00193 328.69565217391306 -72.0 332.7417333425919 -70.6124030235825 333.36834897119604 -73.29041267073946 324.02295537663014 -73.29041267073946 324.6495710052343 -70.61240302358252
T00194 336.52173913043475 -72.0 340.5678202991136 -70.6124030235825 341.19443592771773 -73.29041267073946 331.84904233315183 -73.29041267073946 332.475657961756 -70.61240302358252
T00195 344.3478260869565 -72.0 348.3939072556353 -70.6124030235825 349.0205228842395 -73.29041267073946 339.67512928967363 -73.29041267073946 340.3017449182778 -70.6124030235825
T00196 352.17391304347825 -72.0 356.2199942121571 -70.6124030235825 356.8466098407612 -73.29041267073946 347.5012162461953 -73.29041267073946 348.1278318747995 -70.61240302358252
T00197 0.0 -69.42857142857143 3.5920377811935036 -68.04666260702936 4.069138556456639 -70.7264248799515 355.93086144354345 -70.7264248799515 356.4079622188066 -68.04666260702936
T00198 6.9230769230769225 -69.42857142857143 10.515114704270426 -68.04666260702936 10.99221547953356 -70.7264248799515 2.8539383666203673 -70.7264248799515 3.3310391418834935 -68.04666260702936
T00199 13.846153846153845 -69.42857142857143 17.438191627347347 -68.04666260702936 17.915292402610486 -70.7264248799515 9.777015289697289 -70.7264248799515 10.254116064960415 -68.04666260702936
T00200 20.769230769230766 -69.42857142857143 24.361268550424267 -68.04666260702936 24.838369325687406 -70.7264248799515 16.70009221277421 -70.7264248799515 17.177192988037334 -68.04666260702936
T00201 27.69230769230769 -69.42857142857143 31.28434547350119 -68.04666260702936 31.761446248764333 -70.7264248799515 23.623169135851136 -70.7264248799515 24.10026991111426 -68.04666260702936
T00202 34.61538461538461 -69.42857142857143 38.20742239657811 -68.04666260702936 38.68452317184125 -70.7264248799515 30.546246058928055 -70.7264248799515 31.023346834191177 -68.04666260702936
T00203 41.53846153846153 -69.42857142857143 45.130499319655044 -68.04666260702936 45.607600094918176 -70.7264248799515 37.46932298200498 -70.7264248799515 37.94642375726811 -68.04666260702936
T00204 48.46153846153846 -69.42857142857143 52.05357624273196 -68.04666260702936 52.53067701799509 -70.7264248799515 44.392399905081895 -70.7264248799515 44.86950068034502 -68.04666260702936
T00205 55.38461538461538 -69.42857142857143 58.976653165808884 -68.04666260702936 59.45375394107202 -70.7264248799515 51.31547682815882 -70.7264248799515 51.79257760342195 -68.04666260702936
T00206 62.30769230769231 -69.42857142857143 65.89973008888582 -68.04666260702936 66.37683086414894 -70.7264248799515 58.23855375123575 -70.7264248799515 58.71565452649889 -68.04666260702936
T00207 69.23076923076923 -69.42857142857143 72.82280701196272 -68.04666260702936 73.29990778722585 -70.7264248799515 65.16163067431266 -70.7264248799515 65.63873144957579 -68.04666260702936
T00208 76.15384615384615 -69.42857142857143 79.74588393503966 -68.04666260702936 80.2229847103028 -70.7264248799515 72.0847075973896 -70.7264248799515 72.56180837265272 -68.04666260702936
T00209 83.07692307692307 -69.42857142857143 86.66896085811656 -68.04666260702936 87.14606163337972 -70.7264248799515 79.00778452046652 -70.7264248799515 79.48488529572964 -68.04666260702936
T00210 90.0 -69.42857142857143 93.59203778119351 -68.04666260702936 94.06913855645665 -70.7264248799515 85.93086144354345 -70.7264248799515 86.40796221880656 -68.04666260702936
T00211 96.92307692307692 -69.42857142857143 100.51511470427043 -68.04666260702936 100.99221547953356 -70.7264248799515 92.85393836662037 -70.7264248799515 93.33103914188348 -68.04666260702936
T00212 103.84615384615384 -69.42857142857143 107.43819162734735 -68.04666260702936 107.91529240261049 -70.7264248799515 99.77701528969729 -70.7264248799515 100.25411606496041 -68.04666260702936
T00213 110.76923076923076 -69.42857142857143 114.36126855042426 -68.04666260702936 114.8383693256874 -70.7264248799515 106.70009221277421 -70.7264248799515 107.17719298803733 -68.04666260702936
T00214 117.6923076923077 -69.42857142857143 121.2843454735012 -68.04666260702936 121.76144624876434 -70.7264248799515 113.62316913585114 -70.7264248799515 114.10026991111425 -68.04666260702936
T00215 124.61538461538461 -69.42857142857143 128.2074223965781 -68.04666260702936 128.68452317184122 -70.7264248799515 120.54624605892805 -70.7264248799515 121.02334683419117 -68.04666260702936
T00216 131.53846153846152 -69.42857142857143 135.13049931965503 -68.04666260702936 135.60760009491818 -70.7264248799515 127.46932298200495 -70.7264248799515 127.9464237572681 -68.04666260702936
T00217 138.46153846153845 -69.42857142857143 142.05357624273196 -68.04666260702936 142.5306770179951 -70.7264248799515 134.3923999050819 -70.7264248799515 134.869500680345 -68.04666260702936
T00218 145.3846153846154 -69.42857142857143 148.9766531658089 -68.04666260702936 149.45375394107202 -70.7264248799515 141.31547682815884 -70.7264248799515 141.79257760342196 -68.04666260702936
T00219 152.3076923076923 -69.42857142857143 155.8997300888858 -68.04666260702936 156.37683086414896 -70.7264248799515 148.23855375123574 -70.7264248799515 148.71565452649887 -68.04666260702936
T00220 159.23076923076923 -69.42857142857143 162.82280701196274 -68.04666260702936 163.29990778722586 -70.7264248799515 155.16163067431265 -70.7264248799515 155.6387314495758 -68.04666260702936
T00221 166.15384615384613 -69.42857142857143 169.74588393503964 -68.04666260702936 170.2229847103028 -70.7264248799515 162.0847075973896 -70.7264248799515 162.5618083726527 -68.04666260702936
T00222 173.07692307692307 -69.42857142857143 176.66896085811658 -68.04666260702936 177.1460616333797 -70.7264248799515 169.0077845204665 -70.7264248799515 169.4848852957296 -68.04666260702936
T00223 180.0 -69.42857142857143 183.59203778119348 -68.04666260702936 184.0691385564566 -70.7264248799515 175.93086144354342 -70.7264248799515 176.40796221880657 -68.04666260702936
T00224 186.9230769230769 -69.42857142857143 190.5151147042704 -68.04666260702936 190.99221547953354 -70.7264248799515 182.85393836662035 -70.7264248799515 183.33103914188348 -68.04666260702936
T00225 193.84615384615384 -69.42857142857143 197.43819162734732 -68.04666260702936 197.91529240261045 -70.7264248799515 189.77701528969726 -70.7264248799515 190.2541160649604 -68.04666260702936
T00226 200.76923076923075 -69.42857142857143 204.36126855042423 -68.04666260702936 204.83836932568738 -70.7264248799515 196.7000922127742 -70.7264248799515 197.17719298803732 -68.04666260702936
T00227 207.69230769230768 -69.42857142857143 211.2843454735012 -68.04666260702936 211.76144624876432 -70.7264248799515 203.62316913585113 -70.7264248799515 204.10026991111425 -68.04666260702936
T00228 214.6153846153846 -69.42857142857143 218.2074223965781 -68.04666260702936 218.68452317184122 -70.7264248799515 210.54624605892803 -70.7264248799515 211.02334683419116 -68.04666260702936
T00229 221.53846153846152 -69.42857142857143 225.130499319655 -68.04666260702936 225.60760009491815 -70.7264248799515 217.46932298200497 -70.7264248799515 217.9464237572681 -68.04666260702936
T00230 228.46153846153845 -69.42857142857143 232.05357624273196 -68.04666260702936 232.53067701799506 -70.7264248799515 224.39239990508187 -70.7264248799515 224.869500680345 -68.04666260702936
T00231 235.3846153846154 -69.42857142857143 238.97665316580884 -68.04666260702936 239.453753941072 -70.7264248799515 231.3154768281588 -70.7264248799515 231.79257760342193 -68.04666260702936
T00232 242.3076923076923 -69.42857142857143 245.89973008888578 -68.04666260702936 246.3768308641489 -70.7264248799515 238.2385537512357 -70.7264248799515 238.7156545264988 -68.04666260702936
T00233 249.23076923076923 -69.42857142857143 252.82280701196274 -68.04666260702936 253.29990778722583 -70.7264248799515 245.16163067431265 -70.7264248799515 245.6387314495758 -68.04666260702936
T00234 256.1538461538462 -69.42857142857143 259.7458839350397 -68.04666260702936 260.22298471030285 -70.7264248799515 252.08470759738964 -70.7264248799515 252.56180837265276 -68.04666260702936
T00235 263.07692307692304 -69.42857142857143 266.6689608581165 -68.04666260702936 267.1460616333797 -70.7264248799515 259.0077845204665 -70.7264248799515 259.4848852957296 -68.04666260702936
T00236 270.0 -69.42857142857143 273.5920377811935 -68.04666260702936 274.0691385564566 -70.7264248799515 265.93086144354345 -70.7264248799515 266.4079622188065 -68.04666260702936
T00237 276.9230769230769 -69.42857142857143 280.5151147042704 -68.04666260702936 280.9922154795335 -70.7264248799515 272.8539383666203 -70.7264248799515 273.3310391418834 -68.04666260702936
T00238 283.8461538461538 -69.42857142857143 287.43819162734735 -68.04666260702936 287.9152924026105 -70.7264248799515 279.77701528969726 -70.7264248799515 280.2541160649604 -68.04666260702936
T00239 290.7692307692308 -69.42857142857143 294.3612685504243 -68.04666260702936 294.8383693256874 -70.7264248799515 286.7000922127742 -70.7264248799515 287.1771929880373 -68.04666260702936
T00240 297.6923076923077 -69.42857142857143 301.28434547350116 -68.04666260702936 301.7614462487643 -70.7264248799515 293.6231691358511 -70.7264248799515 294.1002699111142 -68.04666260702936
T00241 304.6153846153846 -69.42857142857143 308.20742239657807 -68.04666260702936 308.68452317184125 -70.7264248799515 300.54624605892803 -70.7264248799515 301.02334683419116 -68.04666260702936
T00242 311.5384615384615 -69.42857142857143 315.130499319655 -68.04666260702936 315.6076000949181 -70.7264248799515 307.46932298200494 -70.7264248799515 307.94642375726806 -68.04666260702936
T00243 318.46153846153845 -69.42857142857143 322.05357624273194 -68.04666260702936 322.53067701799506 -70.7264248799515 314.3923999050819 -70.7264248799515 314.86950068034497 -68.04666260702936
T00244 325.3846153846154 -69.42857142857143 328.97665316580895 -68.04666260702936 329.4537539410721 -70.7264248799515 321.31547682815886 -70.7264248799515 321.792577603422 -68.04666260702936
T00245 332.30769230769226 -69.42857142857143 335.8997300888858 -68.04666260702936 336.37683086414887 -70.7264248799515 328.2385537512357 -70.7264248799515 328.71565452649884 -68.04666260702936
T00246 339.2307692307692 -69.42857142857143 342.8228070119627 -68.04666260702936 343.29990778722583 -70.7264248799515 335.1616306743127 -70.7264248799515 335.63873144957574 -68.04666260702936
T00247 346.15384615384613 -69.42857142857143 349.7458839350396 -68.04666260702936 350.22298471030274 -70.7264248799515 342.0847075973895 -70.7264248799515 342.56180837265265 -68.04666260702936
T00248 353.07692307692304 -69.42857142857143 356.6689608581166 -68.04666260702936 357.1460616333797 -70.7264248799515 349.0077845204665 -70.7264248799515 349.4848852957296 -68.04666260702936
T00249 0.0 -66.85714285714286 3.235363531444675 -65.47978277490616 3.6099004724840964 -68.16074530410795 356.390099527516 -68.16074530410795 356.7646364685554 -65.47978277490616
T00250 6.206896551724138 -66.85714285714286 9.442260083168815 -65.47978277490616 9.816797024208235 -68.16074530410795 2.5969960792401157 -68.16074530410795 2.9715330202795287 -65.47978277490616
T00251 12.413793103448276 -66.85714285714286 15.649156634892952 -65.47978277490616 16.02369357593237 -68.16074530410793 8.803892630964254 -68.16074530410795 9.178429572003669 -65.47978277490616
T00252 18.620689655172416 -66.85714285714286 21.856053186617093 -65.47978277490616 22.230590127656512 -68.16074530410793 15.01078918268839 -68.16074530410795 15.385326123727806 -65.47978277490616
T00253 24.82758620689655 -66.85714285714286 28.062949738341228 -65.47978277490616 28.43748667938065 -68.16074530410795 21.21768573441253 -68.16074530410795 21.592222675451943 -65.47978277490616
T00254 31.03448275862069 -66.85714285714286 34.26984629006537 -65.47978277490616 34.64438323110478 -68.16074530410793 27.424582286136665 -68.16074530410793 27.79911922717608 -65.47978277490616
T00255 37.24137931034483 -66.85714285714286 40.476742841789495 -65.47978277490616 40.85127978282892 -68.16074530410795 33.631478837860804 -68.16074530410795 34.00601577890022 -65.47978277490616
T00256 43.44827586206897 -66.85714285714286 46.683639393513644 -65.47978277490616 47.058176334553075 -68.16074530410795 39.83837538958495 -68.16074530410795 40.21291233062436 -65.47978277490616
T00257 49.6551724137931 -66.85714285714286 52.89053594523777 -65.47978277490616 53.265072886277196 -68.16074530410795 46.045271941309075 -68.16074530410795 46.419808882348484 -65.47978277490616
T00258 55.862068965517246 -66.85714285714286 59.09743249696191 -65.47978277490616 59.47196943800134 -68.16074530410793 52.25216849303321 -68.16074530410795 52.626705434072626 -65.47978277490616
T00259 62.06896551724138 -66.85714285714286 65.30432904868606 -65.47978277490616 65.67886598972548 -68.16074530410795 58.45906504475736 -68.16074530410795 58.833601985796776 -65.47978277490616
T00260 68.27586206896552 -66.85714285714286 71.51122560041019 -65.47978277490616 71.88576254144962 -68.16074530410793 64.6659615964815 -68.16074530410795 65.0404985375209 -65.47978277490616
T00261 74.48275862068967 -66.85714285714286 77.71812215213434 -65.47978277490616 78.09265909317376 -68.16074530410795 70.87285814820564 -68.16074530410795 71.24739508924506 -65.47978277490616
T00262 80.68965517241381 -66.85714285714286 83.92501870385848 -65.47978277490616 84.29955564489791 -68.16074530410793 77.0797546999298 -68.16074530410793 77.4542916409692 -65.47978277490616
T00263 86.89655172413794 -66.85714285714286 90.13191525558261 -65.47978277490616 90.50645219662204 -68.16074530410795 83.28665125165392 -68.16074530410795 83.66118819269333 -65.47978277490616
T00264 93.10344827586206 -66.85714285714286 96.33881180730674 -65.47978277490616 96.71334874834616 -68.16074530410795 89.49354780337805 -68.16074530410795 89.86808474441746 -65.47978277490616
T00265 99.3103448275862 -66.85714285714286 102.54570835903088 -65.47978277490616 102.9202453000703 -68.16074530410795 95.70044435510219 -68.16074530410795 96.0749812961416 -65.47978277490616
T00266 105.51724137931035 -66.85714285714286 108.75260491075503 -65.47978277490616 109.12714185179445 -68.16074530410795 101.90734090682633 -68.16074530410795 102.28187784786574 -65.47978277490616
T00267 111.72413793103449 -66.85714285714286 114.95950146247918 -65.47978277490616 115.33403840351859 -68.16074530410793 108.11423745855046 -68.16074530410793 108.48877439958989 -65.47978277490616
T00268 117.93103448275862 -66.85714285714286 121.1663980142033 -65.47978277490616 121.5409349552427 -68.16074530410795 114.32113401027459 -68.16074530410795 114.695670951314 -65.47978277490616
T00269 124.13793103448276 -66.85714285714286 127.37329456592742 -65.47978277490616 127.74783150696688 -68.16074530410795 120.52803056199872 -68.16074530410795 120.90256750303814 -65.47978277490616
T00270 130.3448275862069 -66.85714285714286 133.58019111765157 -65.47978277490616 133.954728058691 -68.16074530410795 126.73492711372286 -68.16074530410795 127.10946405476228 -65.47978277490616
T00271 136.55172413793105 -66.85714285714286 139.78708766937572 -65.47978277490616 140.16162461041512 -68.16074530410795 132.941823665447 -68.16074530410795 133.31636060648643 -65.47978277490616
T00272 142.75862068965517 -66.85714285714286 145.99398422109985 -65.47978277490616 146.36852116213927 -68.16074530410795 139.14872021717116 -68.16074530410795 139.52325715821058 -65.47978277490616
T00273 148.96551724137933 -66.85714285714286 152.20088077282398 -65.47978277490616 152.57541771386343 -68.16074530410793 145.35561676889532 -68.16074530410795 145.7301537099347 -65.47978277490616
T00274 155.17241379310346 -66.85714285714286 158.40777732454814 -65.47978277490616 158.78231426558756 -68.16074530410795 151.56251332061942 -68.16074530410795 151.93705026165884 -65.47978277490616
T00275 161.37931034482762 -66.85714285714286 164.6146738762723 -65.47978277490616 164.98921081731172 -68.16074530410795 157.7694098723436 -68.16074530410795 158.143946813383 -65.47978277490616
T00276 167.58620689655172 -66.85714285714286 170.8215704279964 -65.47978277490616 171.19610736903581 -68.16074530410793 163.9763064240677 -68.16074530410793 164.3508433651071 -65.47978277490616
T00277 173.79310344827587 -66.85714285714286 177.02846697972055 -65.47978277490616 177.40300392075997 -68.16074530410795 170.18320297579186 -68.16074530410795 170.55773991683125 -65.47978277490616
T00278 180.0 -66.85714285714286 183.23536353144468 -65.47978277490616 183.60990047248407 -68.16074530410795 176.39009952751596 -68.16074530410795 176.76463646855538 -65.47978277490616
T00279 186.20689655172413 -66.85714285714286 189.4422600831688 -65.47978277490616 189.81679702420823 -68.16074530410795 182.5969960792401 -68.16074530410795 182.9715330202795 -65.47978277490616
T00280 192.41379310344828 -66.85714285714286 195.64915663489296 -65.47978277490616 196.02369357593236 -68.16074530410793 188.80389263096424 -68.16074530410795 189.17842957200367 -65.47978277490616
T00281 198.6206896551724 -66.85714285714286 201.8560531866171 -65.47978277490616 202.2305901276565 -68.16074530410793 195.0107891826884 -68.16074530410795 195.3853261237278 -65.47978277490616
T00282 204.82758620689657 -66.85714285714286 208.06294973834122 -65.47978277490616 208.43748667938064 -68.16074530410795 201.21768573441253 -68.16074530410795 201.59222267545195 -65.47978277490616
T00283 211.0344827586207 -66.85714285714286 214.26984629006537 -65.47978277490616 214.6443832311048 -68.16074530410793 207.42458228613665 -68.16074530410795 207.79911922717608 -65.47978277490616
T00284 217.24137931034485 -66.85714285714286 220.47674284178953 -65.47978277490616 220.85127978282895 -68.16074530410793 213.63147883786084 -68.16074530410795 214.00601577890023 -65.47978277490616
T00285 223.44827586206898 -66.85714285714286 226.68363939351366 -65.47978277490616 227.05817633455308 -68.16074530410795 219.83837538958494 -68.16074530410795 220.21291233062436 -65.47978277490616
T00286 229.6551724137931 -66.85714285714286 232.89053594523776 -65.47978277490616 233.26507288627724 -68.16074530410795 226.0452719413091 -68.16074530410795 226.4198088823485 -65.47978277490616
T00287 235.86206896551724 -66.85714285714286 239.0974324969619 -65.47978277490616 239.4719694380013 -68.16074530410795 232.25216849303317 -68.16074530410795 232.6267054340726 -65.47978277490616
T00288 242.0689655172414 -66.85714285714286 245.3043290486861 -65.47978277490616 245.67886598972547 -68.16074530410795 238.45906504475735 -68.16074530410795 238.8336019857968 -65.47978277490616
T00289 248.27586206896552 -66.85714285714286 251.51122560041017 -65.47978277490616 251.88576254144962 -68.16074530410793 244.6659615964815 -68.16074530410795 245.04049853752088 -65.47978277490616
T00290 254.48275862068968 -66.85714285714286 257.71812215213436 -65.47978277490616 258.0926590931738 -68.16074530410795 250.87285814820567 -68.16074530410795 251.24739508924503 -65.47978277490616
T00291 260.6896551724138 -66.85714285714286 263.9250187038584 -65.47978277490616 264.29955564489785 -68.16074530410793 257.07975469992977 -68.16074530410793 257.4542916409692 -65.47978277490616
T00292 266.8965517241379 -66.85714285714286 270.13191525558256 -65.47978277490616 270.50645219662204 -68.16074530410795 263.2866512516539 -68.16074530410795 263.66118819269326 -65.47978277490616
T00293 273.1034482758621 -66.85714285714286 276.33881180730674 -65.47978277490616 276.7133487483462 -68.16074530410795 269.4935478033781 -68.16074530410795 269.86808474441744 -65.47978277490616
T00294 279.3103448275862 -66.85714285714286 282.54570835903087 -65.47978277490616 282.92024530007035 -68.16074530410793 275.70044435510226 -68.16074530410795 276.07498129614163 -65.47978277490616
T00295 285.51724137931035 -66.85714285714286 288.752604910755 -65.47978277490616 289.1271418517944 -68.16074530410795 281.9073409068263 -68.16074530410795 282.28187784786576 -65.47978277490616
T00296 291.7241379310345 -66.85714285714286 294.9595014624791 -65.47978277490616 295.3340384035186 -68.16074530410793 288.11423745855046 -68.16074530410795 288.48877439958983 -65.47978277490616
T00297 297.93103448275866 -66.85714285714286 301.1663980142033 -65.47978277490616 301.54093495524273 -68.16074530410793 294.32113401027465 -68.16074530410795 294.695670951314 -65.47978277490616
T00298 304.13793103448273 -66.85714285714286 307.3732945659274 -65.47978277490616 307.7478315069668 -68.16074530410795 300.5280305619987 -68.16074530410795 300.90256750303814 -65.47978277490616
T00299 310.3448275862069 -66.85714285714286 313.58019111765157 -65.47978277490616 313.954728058691 -68.16074530410795 306.73492711372285 -68.16074530410795 307.1094640547623 -65.47978277490616
T00300 316.55172413793105 -66.85714285714286 319.7870876693757 -65.47978277490616 320.1616246104151 -68.16074530410795 312.941823665447 -68.16074530410795 313.3163606064864 -65.47978277490616
T00301 322.75862068965523 -66.85714285714286 325.9939842210999 -65.47978277490616 326.3685211621393 -68.16074530410795 319.1487202171712 -68.16074530410795 319.52325715821064 -65.47978277490616
T00302 328.9655172413793 -66.85714285714286 332.20088077282395 -65.47978277490616 332.5754177138634 -68.16074530410793 325.3556167688953 -68.16074530410795 325.73015370993465 -65.47978277490616
T00303 335.17241379310343 -66.85714285714286 338.4077773245481 -65.47978277490616 338.78231426558756 -68.16074530410793 331.5625133206194 -68.16074530410795 331.9370502616588 -65.47978277490616
T00304 341.3793103448276 -66.85714285714286 344.61467387627226 -65.47978277490616 344.9892108173117 -68.16074530410793 337.76940987234354 -68.16074530410795 338.14394681338297 -65.47978277490616
T00305 347.58620689655174 -66.85714285714286 350.8215704279964 -65.47978277490616 351.1961073690358 -68.16074530410795 343.97630642406773 -68.16074530410795 344.3508433651071 -65.47978277490616
T00306 353.7931034482759 -66.85714285714286 357.0284669797205 -65.47978277490616 357.40300392075994 -68.16074530410795 350.1832029757918 -68.16074530410795 350.5577399168312 -65.47978277490616
T00307 0.0 -64.28571428571429 2.9484578862647988 -62.91208814466269 3.2495749055927714 -65.59390815959678 356.75042509440726 -65.59390815959678 357.0515421137353 -62.91208814466269
T00308 5.714285714285714 -64.28571428571429 8.662743600550515 -62.91208814466269 8.963860619878485 -65.59390815959678 2.4647108086930105 -65.59390815959678 2.7658278280209756 -62.912088144662675
T00309 11.428571428571429 -64.28571428571429 14.377029314836228 -62.91208814466269 14.678146334164202 -65.59390815959678 8.178996522978725 -65.59390815959678 8.480113542306691 -62.91208814466269
T00310 17.142857142857142 -64.28571428571429 20.09131502912194 -62.912088144662675 20.39243204844991 -65.59390815959678 13.893282237264433 -65.59390815959678 14.194399256592403 -62.912088144662675
T00311 22.857142857142858 -64.28571428571429 25.80560074340766 -62.91208814466269 26.10671776273563 -65.59390815959678 19.607567951550152 -65.59390815959678 19.90868497087812 -62.91208814466269
T00312 28.571428571428573 -64.28571428571429 31.51988645769337 -62.91208814466269 31.821003477021343 -65.59390815959678 25.321853665835867 -65.59390815959678 25.622970685163835 -62.91208814466269
T00313 34.285714285714285 -64.28571428571429 37.23417217197909 -62.91208814466269 37.53528919130706 -65.59390815959678 31.036139380121586 -65.59390815959678 31.33725639944955 -62.91208814466269
T00314 40.00000000000001 -64.28571428571429 42.948457886264805 -62.91208814466269 43.24957490559278 -65.59390815959678 36.7504250944073 -65.59390815959678 37.051542113735266 -62.91208814466269
T00315 45.714285714285715 -64.28571428571429 48.66274360055051 -62.912088144662675 48.96386061987848 -65.59390815959678 42.464710808693 -65.59390815959678 42.765827828020974 -62.91208814466269
T00316 51.42857142857143 -64.28571428571429 54.37702931483623 -62.91208814466269 54.6781463341642 -65.59390815959678 48.178996522978714 -65.59390815959678 48.48011354230668 -62.91208814466269
T00317 57.142857142857146 -64.28571428571429 60.091315029121944 -62.91208814466269 60.392432048449905 -65.59390815959678 53.89328223726444 -65.59390815959678 54.194399256592405 -62.91208814466269
T00318 62.85714285714286 -64.28571428571429 65.80560074340767 -62.912088144662675 66.10671776273563 -65.59390815959678 59.60756795155015 -65.59390815959678 59.90868497087812 -62.912088144662675
T00319 68.57142857142857 -64.28571428571429 71.51988645769337 -62.91208814466269 71.82100347702134 -65.59390815959678 65.32185366583587 -65.59390815959678 65.62297068516384 -62.91208814466269
T00320 74.28571428571429 -64.28571428571429 77.2341721719791 -62.91208814466269 77.53528919130707 -65.59390815959678 71.03613938012158 -65.59390815959678 71.33725639944954 -62.91208814466269
T00321 80.00000000000001 -64.28571428571429 82.9484578862648 -62.912088144662675 83.2495749055928 -65.59390815959678 76.7504250944073 -65.59390815959678 77.05154211373527 -62.91208814466269
T00322 85.71428571428572 -64.28571428571429 88.66274360055051 -62.912088144662675 88.96386061987849 -65.59390815959678 82.46471080869301 -65.59390815959678 82.76582782802097 -62.91208814466269
T00323 91.42857142857143 -64.28571428571429 94.37702931483622 -62.91208814466269 94.6781463341642 -65.59390815959678 88.17899652297874 -65.59390815959678 88.4801135423067 -62.91208814466269
T00324 97.14285714285714 -64.28571428571429 100.09131502912194 -62.912088144662675 100.3924320484499 -65.59390815959678 93.89328223726444 -65.59390815959678 94.1943992565924 -62.91208814466269
T00325 102.85714285714286 -64.28571428571429 105.80560074340765 -62.912088144662675 106.10671776273563 -65.59390815959678 99.60756795155015 -65.59390815959678 99.90868497087811 -62.91208814466269
T00326 108.57142857142858 -64.28571428571429 111.51988645769337 -62.91208814466269 111.82100347702135 -65.59390815959678 105.32185366583587 -65.59390815959678 105.62297068516384 -62.91208814466269
T00327 114.28571428571429 -64.28571428571429 117.23417217197907 -62.912088144662675 117.53528919130707 -65.59390815959678 111.0361393801216 -65.59390815959678 111.33725639944954 -62.91208814466269
T00328 120.00000000000001 -64.28571428571429 122.9484578862648 -62.912088144662675 123.24957490559278 -65.59390815959678 116.7504250944073 -65.59390815959678 117.05154211373528 -62.91208814466269
T00329 125.71428571428572 -64.28571428571429 128.66274360055053 -62.91208814466269 128.9638606198785 -65.59390815959678 122.46471080869301 -65.59390815959678 122.76582782802099 -62.912088144662675
T00330 131.42857142857144 -64.28571428571429 134.37702931483622 -62.912088144662675 134.6781463341642 -65.59390815959678 128.17899652297874 -65.59390815959678 128.4801135423067 -62.912088144662675
T00331 137.14285714285714 -64.28571428571429 140.09131502912194 -62.91208814466269 140.3924320484499 -65.59390815959678 133.89328223726443 -65.59390815959678 134.19439925659242 -62.91208814466269
T00332 142.85714285714286 -64.28571428571429 145.80560074340767 -62.912088144662675 146.10671776273563 -65.59390815959678 139.60756795155015 -65.59390815959678 139.9086849708781 -62.912088144662675
T00333 148.57142857142858 -64.28571428571429 151.51988645769336 -62.91208814466269 151.82100347702135 -65.59390815959678 145.32185366583585 -65.59390815959678 145.62297068516384 -62.91208814466269
T00334 154.28571428571428 -64.28571428571429 157.23417217197908 -62.91208814466269 157.53528919130704 -65.59390815959678 151.03613938012157 -65.59390815959678 151.33725639944953 -62.91208814466269
T00335 160.00000000000003 -64.28571428571429 162.9484578862648 -62.91208814466269 163.2495749055928 -65.59390815959678 156.75042509440732 -65.59390815959678 157.05154211373528 -62.91208814466269
T00336 165.71428571428572 -64.28571428571429 168.66274360055053 -62.91208814466269 168.9638606198785 -65.59390815959678 162.464710808693 -65.59390815959678 162.765827828021 -62.91208814466269
T00337 171.42857142857144 -64.28571428571429 174.37702931483625 -62.91208814466269 174.6781463341642 -65.59390815959678 168.17899652297874 -65.59390815959678 168.4801135423067 -62.91208814466269
T00338 177.14285714285717 -64.28571428571429 180.09131502912197 -62.91208814466269 180.39243204844996 -65.59390815959678 173.89328223726446 -65.59390815959678 174.19439925659245 -62.91208814466269
T00339 182.85714285714286 -64.28571428571429 185.80560074340767 -62.912088144662675 186.10671776273563 -65.59390815959678 179.60756795155015 -65.59390815959678 179.9086849708781 -62.91208814466269
T00340 188.57142857142858 -64.28571428571429 191.51988645769336 -62.91208814466269 191.82100347702135 -65.59390815959678 185.32185366583587 -65.59390815959678 185.62297068516384 -62.91208814466269
T00341 194.28571428571428 -64.28571428571429 197.23417217197908 -62.912088144662675 197.53528919130704 -65.59390815959678 191.03613938012157 -65.59390815959678 191.33725639944956 -62.91208814466269
T00342 200.0 -64.28571428571429 202.94845788626478 -62.912088144662675 203.24957490559274 -65.59390815959678 196.7504250944073 -65.59390815959678 197.05154211373525 -62.91208814466269
T00343 205.71428571428572 -64.28571428571429 208.6627436005505 -62.91208814466269 208.9638606198785 -65.59390815959678 202.46471080869298 -65.59390815959678 202.76582782802097 -62.91208814466269
T00344 211.42857142857144 -64.28571428571429 214.37702931483625 -62.912088144662675 214.6781463341642 -65.59390815959678 208.17899652297874 -65.59390815959678 208.4801135423067 -62.91208814466269
T00345 217.14285714285717 -64.28571428571429 220.09131502912194 -62.912088144662675 220.39243204844993 -65.59390815959678 213.89328223726446 -65.59390815959678 214.19439925659242 -62.91208814466269
T00346 222.85714285714286 -64.28571428571429 225.80560074340767 -62.91208814466269 226.10671776273563 -65.59390815959678 219.60756795155015 -65.59390815959678 219.90868497087814 -62.91208814466269
T00347 228.57142857142858 -64.28571428571429 231.5198864576934 -62.91208814466269 231.82100347702138 -65.59390815959678 225.32185366583587 -65.59390815959678 225.6229706851638 -62.91208814466269
T00348 234.2857142857143 -64.28571428571429 237.2341721719791 -62.912088144662675 237.53528919130702 -65.59390815959678 231.03613938012157 -65.59390815959678 231.3372563994496 -62.91208814466269
T00349 240.00000000000003 -64.28571428571429 242.94845788626486 -62.912088144662675 243.2495749055928 -65.59390815959678 236.75042509440732 -65.59390815959678 237.05154211373525 -62.91208814466269
T00350 245.71428571428572 -64.28571428571429 248.6627436005505 -62.91208814466269 248.9638606198785 -65.59390815959678 242.464710808693 -65.59390815959678 242.76582782802095 -62.91208814466269
T00351 251.42857142857144 -64.28571428571429 254.37702931483622 -62.91208814466269 254.6781463341642 -65.59390815959678 248.17899652297874 -65.59390815959678 248.4801135423067 -62.91208814466269
T00352 257.14285714285717 -64.28571428571429 260.091315029122 -62.91208814466269 260.39243204844996 -65.59390815959678 253.8932822372645 -65.59390815959678 254.19439925659242 -62.91208814466269
T00353 262.8571428571429 -64.28571428571429 265.80560074340764 -62.91208814466269 266.1067177627356 -65.59390815959678 259.60756795155015 -65.59390815959678 259.9086849708781 -62.91208814466269
T00354 268.57142857142856 -64.28571428571429 271.51988645769336 -62.91208814466269 271.82100347702135 -65.59390815959678 265.3218536658359 -65.59390815959678 265.6229706851638 -62.91208814466269
T00355 274.2857142857143 -64.28571428571429 277.2341721719791 -62.91208814466269 277.5352891913071 -65.59390815959678 271.0361393801216 -65.59390815959678 271.33725639944953 -62.91208814466269
T00356 280.00000000000006 -64.28571428571429 282.9484578862648 -62.912088144662675 283.2495749055928 -65.59390815959678 276.7504250944073 -65.59390815959678 277.05154211373525 -62.912088144662675
T00357 285.7142857142857 -64.28571428571429 288.66274360055047 -62.91208814466269 288.9638606198785 -65.59390815959678 282.464710808693 -65.59390815959678 282.765827828021 -62.91208814466269
T00358 291.42857142857144 -64.28571428571429 294.37702931483625 -62.91208814466269 294.67814633416424 -65.59390815959678 288.17899652297876 -65.59390815959678 288.4801135423067 -62.91208814466269
T00359 297.14285714285717 -64.28571428571429 300.0913150291219 -62.912088144662675 300.3924320484499 -65.59390815959678 293.89328223726443 -65.59390815959678 294.19439925659236 -62.912088144662675
T00360 302.8571428571429 -64.28571428571429 305.80560074340764 -62.912088144662675 306.1067177627356 -65.59390815959678 299.60756795155015 -65.59390815959678 299.90868497087814 -62.91208814466269
T00361 308.57142857142856 -64.28571428571429 311.51988645769336 -62.91208814466269 311.82100347702135 -65.59390815959678 305.3218536658359 -65.59390815959678 305.6229706851638 -62.91208814466269
T00362 314.28571428571433 -64.28571428571429 317.23417217197914 -62.912088144662675 317.53528919130713 -65.59390815959678 311.03613938012165 -65.59390815959678 311.3372563994496 -62.91208814466269
T00363 320.00000000000006 -64.28571428571429 322.9484578862648 -62.91208814466269 323.2495749055928 -65.59390815959678 316.7504250944073 -65.59390815959678 317.05154211373525 -62.91208814466269
T00364 325.7142857142857 -64.28571428571429 328.66274360055047 -62.91208814466269 328.9638606198785 -65.59390815959678 322.46471080869304 -65.59390815959678 322.765827828021 -62.91208814466269
T00365 331.42857142857144 -64.28571428571429 334.37702931483625 -62.912088144662675 334.67814633416424 -65.59390815959678 328.17899652297876 -65.59390815959678 328.4801135423067 -62.91208814466269
T00366 337.14285714285717 -64.28571428571429 340.0913150291219 -62.91208814466269 340.3924320484499 -65.59390815959678 333.89328223726443 -65.59390815959678 334.19439925659236 -62.91208814466269
T00367 342.8571428571429 -64.28571428571429 345.80560074340764 -62.912088144662675 346.1067177627357 -65.59390815959678 339.60756795155015 -65.59390815959678 339.90868497087814 -62.912088144662675
T00368 348.57142857142856 -64.28571428571429 351.51988645769336 -62.912088144662675 351.82100347702135 -65.59390815959678 345.3218536658359 -65.59390815959678 345.6229706851638 -62.91208814466269
T00369 354.28571428571433 -64.28571428571429 357.23417217197914 -62.91208814466269 357.53528919130713 -65.59390815959678 351.03613938012165 -65.59390815959678 351.3372563994496 -62.91208814466269
T00370 0.0 -61.714285714285715 2.7132679319433426 -60.34379108243228 2.9600047541214627 -63.026244610554805 357.0399952458786 -63.026244610554805 357.2867320680567 -60.34379108243228
T00371 5.217391304347826 -61.714285714285715 7.9306592362911665 -60.34379108243228 8.17739605846929 -63.026244610554805 2.2573865502264234 -63.026244610554805 2.5041233724045386 -60.34379108243228
T00372 10.434782608695652 -61.714285714285715 13.148050540638993 -60.34379108243227 13.394787362817114 -63.026244610554805 7.474777854574249 -63.026244610554805 7.7215146767523635 -60.34379108243228
T00373 15.652173913043478 -61.714285714285715 18.365441844986822 -60.34379108243227 18.612178667164944 -63.026244610554805 12.692169158922079 -63.026244610554805 12.938905981100193 -60.34379108243227
T00374 20.869565217391305 -61.714285714285715 23.582833149334643 -60.34379108243227 23.82956997151277 -63.026244610554805 17.9095604632699 -63.026244610554805 18.156297285448012 -60.34379108243228
T00375 26.08695652173913 -61.714285714285715 28.80022445368247 -60.34379108243227 29.04696127586059 -63.026244610554805 23.126951767617722 -63.026244610554805 23.37368858979584 -60.34379108243227
T00376 31.304347826086957 -61.714285714285715 34.0176157580303 -60.34379108243227 34.26435258020842 -63.026244610554805 28.344343071965554 -63.026244610554805 28.591079894143668 -60.34379108243228
T00377 36.52173913043478 -61.714285714285715 39.23500706237811 -60.34379108243228 39.48174388455623 -63.026244610554805 33.561734376313375 -63.026244610554805 33.80847119849148 -60.34379108243228
T00378 41.73913043478261 -61.714285714285715 44.45239836672596 -60.34379108243228 44.69913518890407 -63.026244610554805 38.77912568066121 -63.026244610554805 39.025862502839324 -60.34379108243228
T00379 46.95652173913044 -61.714285714285715 49.66978967107378 -60.34379108243228 49.91652649325191 -63.026244610554805 43.99651698500905 -63.026244610554805 44.24325380718715 -60.34379108243228
T00380 52.17391304347826 -61.714285714285715 54.88718097542161 -60.34379108243227 55.133917797599715 -63.026244610554805 49.21390828935685 -63.026244610554805 49.46064511153498 -60.34379108243228
T00381 57.39130434782608 -61.714285714285715 60.104572279769414 -60.34379108243228 60.351309101947535 -63.026244610554805 54.43129959370467 -63.02624461055482 54.67803641588278 -60.34379108243228
T00382 62.608695652173914 -61.714285714285715 65.32196358411726 -60.34379108243228 65.56870040629536 -63.026244610554805 59.64869089805251 -63.026244610554805 59.89542772023063 -60.34379108243228
T00383 67.82608695652175 -61.714285714285715 70.53935488846508 -60.34379108243228 70.7860917106432 -63.026244610554805 64.86608220240035 -63.026244610554805 65.11281902457846 -60.34379108243228
T00384 73.04347826086956 -61.714285714285715 75.7567461928129 -60.34379108243227 76.00348301499102 -63.026244610554805 70.08347350674816 -63.026244610554805 70.33021032892628 -60.34379108243227
T00385 78.26086956521738 -61.714285714285715 80.97413749716073 -60.34379108243227 81.22087431933885 -63.026244610554805 75.30086481109598 -63.026244610554805 75.5476016332741 -60.34379108243227
T00386 83.47826086956522 -61.714285714285715 86.19152880150857 -60.34379108243228 86.43826562368668 -63.026244610554805 80.5182561154438 -63.026244610554805 80.76499293762193 -60.34379108243228
T00387 88.69565217391305 -61.714285714285715 91.40892010585638 -60.34379108243228 91.6556569280345 -63.026244610554805 85.73564741979165 -63.026244610554805 85.98238424196977 -60.34379108243228
T00388 93.91304347826087 -61.714285714285715 96.62631141020422 -60.34379108243228 96.87304823238235 -63.026244610554805 90.95303872413947 -63.026244610554805 91.1997755463176 -60.34379108243228
T00389 99.13043478260869 -61.714285714285715 101.84370271455204 -60.34379108243228 102.09043953673016 -63.026244610554805 96.17043002848729 -63.02624461055482 96.4171668506654 -60.34379108243228
T00390 104.34782608695652 -61.714285714285715 107.06109401889987 -60.34379108243228 107.30783084107799 -63.026244610554805 101.38782133283512 -63.026244610554805 101.63455815501324 -60.34379108243228
T00391 109.56521739130436 -61.714285714285715 112.27848532324771 -60.34379108243227 112.52522214542583 -63.026244610554805 106.60521263718296 -63.026244610554805 106.85194945936108 -60.34379108243228
T00392 114.78260869565216 -61.714285714285715 117.49587662759549 -60.34379108243227 117.74261344977361 -63.026244610554805 111.82260394153076 -63.026244610554805 112.06934076370887 -60.34379108243228
T00393 119.99999999999999 -61.714285714285715 122.71326793194332 -60.34379108243227 122.96000475412144 -63.026244610554805 117.03999524587859 -63.026244610554805 117.28673206805671 -60.34379108243228
T00394 125.21739130434783 -61.714285714285715 127.93065923629116 -60.34379108243228 128.17739605846927 -63.026244610554805 122.25738655022641 -63.026244610554805 122.50412337240454 -60.34379108243228
T00395 130.43478260869566 -61.714285714285715 133.148050540639 -60.34379108243228 133.3947873628171 -63.02624461055482 127.47477785457424 -63.02624461055482 127.72151467675236 -60.34379108243228
T00396 135.6521739130435 -61.714285714285715 138.36544184498683 -60.34379108243228 138.61217866716495 -63.026244610554805 132.69216915892207 -63.026244610554805 132.9389059811002 -60.34379108243228
T00397 140.86956521739128 -61.714285714285715 143.58283314933462 -60.34379108243228 143.82956997151274 -63.026244610554805 137.90956046326988 -63.026244610554805 138.156297285448 -60.34379108243228
T00398 146.08695652173913 -61.714285714285715 148.80022445368246 -60.34379108243228 149.04696127586058 -63.026244610554805 143.12695176761773 -63.026244610554805 143.37368858979585 -60.34379108243228
T00399 151.30434782608697 -61.714285714285715 154.0176157580303 -60.34379108243228 154.26435258020842 -63.026244610554805 148.34434307196554 -63.026244610554805 148.59107989414366 -60.34379108243228
T00400 156.52173913043475 -61.714285714285715 159.23500706237812 -60.34379108243228 159.48174388455624 -63.026244610554805 153.56173437631335 -63.02624461055482 153.80847119849147 -60.34379108243228
T00401 161.7391304347826 -61.714285714285715 164.45239836672593 -60.34379108243227 164.69913518890405 -63.026244610554805 158.7791256806612 -63.026244610554805 159.02586250283932 -60.34379108243228
T00402 166.95652173913044 -61.714285714285715 169.66978967107377 -60.34379108243228 169.9165264932519 -63.026244610554805 163.99651698500904 -63.026244610554805 164.24325380718716 -60.34379108243228
T00403 172.17391304347825 -61.714285714285715 174.8871809754216 -60.34379108243227 175.13391779759974 -63.026244610554805 169.21390828935685 -63.026244610554805 169.46064511153497 -60.34379108243227
T00404 177.3913043478261 -61.714285714285715 180.10457227976943 -60.34379108243228 180.35130910194755 -63.026244610554805 174.4312995937047 -63.026244610554805 174.67803641588281 -60.34379108243228
T00405 182.6086956521739 -61.714285714285715 185.32196358411724 -60.34379108243228 185.56870040629536 -63.026244610554805 179.6486908980525 -63.02624461055482 179.89542772023063 -60.34379108243228
T00406 187.82608695652175 -61.714285714285715 190.53935488846508 -60.34379108243227 190.7860917106432 -63.026244610554805 184.86608220240035 -63.026244610554805 185.11281902457844 -60.34379108243228
T00407 193.04347826086956 -61.714285714285715 195.7567461928129 -60.34379108243228 196.00348301499102 -63.026244610554805 190.08347350674816 -63.026244610554805 190.33021032892626 -60.34379108243228
T00408 198.26086956521738 -61.714285714285715 200.9741374971607 -60.34379108243228 201.22087431933883 -63.026244610554805 195.30086481109595 -63.026244610554805 195.54760163327407 -60.34379108243228
T00409 203.47826086956522 -61.714285714285715 206.19152880150858 -60.34379108243228 206.4382656236867 -63.026244610554805 200.51825611544382 -63.026244610554805 200.7649929376219 -60.34379108243228
T00410 208.69565217391303 -61.714285714285715 211.40892010585637 -60.34379108243228 211.65565692803446 -63.026244610554805 205.7356474197916 -63.026244610554805 205.98238424196973 -60.34379108243228
T00411 213.91304347826087 -61.714285714285715 216.6263114102042 -60.34379108243228 216.87304823238233 -63.026244610554805 210.95303872413947 -63.026244610554805 211.19977554631757 -60.34379108243228
T00412 219.13043478260872 -61.714285714285715 221.84370271455205 -60.34379108243227 222.09043953673017 -63.026244610554805 216.17043002848732 -63.026244610554805 216.4171668506654 -60.34379108243227
T00413 224.3478260869565 -61.714285714285715 227.06109401889984 -60.34379108243228 227.30783084107796 -63.026244610554805 221.3878213328351 -63.026244610554805 221.63455815501322 -60.34379108243228
T00414 229.56521739130432 -61.714285714285715 232.27848532324765 -60.34379108243227 232.52522214542577 -63.026244610554805 226.60521263718292 -63.026244610554805 226.85194945936104 -60.34379108243227
T00415 234.7826086956522 -61.714285714285715 237.49587662759552 -60.34379108243228 237.74261344977364 -63.026244610554805 231.82260394153076 -63.026244610554805 232.06934076370888 -60.34379108243228
T00416 239.99999999999997 -61.714285714285715 242.7132679319433 -60.34379108243228 242.9600047541214 -63.026244610554805 237.03999524587857 -63.026244610554805 237.2867320680567 -60.34379108243228
T00417 245.21739130434784 -61.714285714285715 247.93065923629118 -60.34379108243228 248.1773960584693 -63.026244610554805 242.25738655022644 -63.026244610554805 242.50412337240456 -60.34379108243228
T00418 250.43478260869566 -61.714285714285715 253.148050540639 -60.34379108243228 253.3947873628171 -63.026244610554805 247.47477785457423 -63.026244610554805 247.72151467675235 -60.34379108243228
T00419 255.65217391304344 -61.714285714285715 258.3654418449868 -60.34379108243228 258.6121786671649 -63.02624461055482 252.69216915892204 -63.02624461055482 252.93890598110016 -60.34379108243228
T00420 260.8695652173913 -61.714285714285715 263.58283314933465 -60.34379108243228 263.8295699715128 -63.026244610554805 257.9095604632699 -63.026244610554805 258.15629728544803 -60.34379108243228
T00421 266.0869565217391 -61.714285714285715 268.80022445368246 -60.34379108243228 269.04696127586055 -63.026244610554805 263.1269517676177 -63.02624461055482 263.37368858979585 -60.34379108243228
T00422 271.304347826087 -61.714285714285715 274.01761575803033 -60.34379108243228 274.2643525802084 -63.026244610554805 268.34434307196557 -63.026244610554805 268.5910798941437 -60.34379108243228
T00423 276.5217391304348 -61.714285714285715 279.23500706237814 -60.34379108243228 279.4817438845563 -63.026244610554805 273.56173437631344 -63.026244610554805 273.80847119849153 -60.34379108243228
T00424 281.73913043478257 -61.714285714285715 284.4523983667259 -60.34379108243228 284.69913518890405 -63.026244610554805 278.7791256806612 -63.026244610554805 279.0258625028393 -60.34379108243228
T00425 286.95652173913044 -61.714285714285715 289.6697896710738 -60.34379108243227 289.9165264932519 -63.026244610554805 283.99651698500907 -63.026244610554805 284.24325380718716 -60.34379108243228
T00426 292.17391304347825 -61.714285714285715 294.8871809754216 -60.34379108243227 295.13391779759974 -63.026244610554805 289.2139082893568 -63.026244610554805 289.460645111535 -60.34379108243228
T00427 297.39130434782606 -61.714285714285715 300.1045722797694 -60.34379108243227 300.3513091019475 -63.026244610554805 294.43129959370464 -63.026244610554805 294.6780364158828 -60.34379108243227
T00428 302.60869565217394 -61.714285714285715 305.32196358411727 -60.34379108243227 305.56870040629536 -63.026244610554805 299.6486908980525 -63.026244610554805 299.89542772023066 -60.34379108243228
T00429 307.82608695652175 -61.714285714285715 310.53935488846514 -60.34379108243228 310.78609171064323 -63.026244610554805 304.8660822024004 -63.026244610554805 305.11281902457847 -60.34379108243228
T00430 313.0434782608695 -61.714285714285715 315.75674619281284 -60.34379108243228 316.003483014991 -63.026244610554805 310.08347350674813 -63.02624461055482 310.33021032892617 -60.34379108243228
T00431 318.2608695652174 -61.714285714285715 320.9741374971607 -60.34379108243228 321.22087431933886 -63.02624461055482 315.300864811096 -63.02624461055482 315.5476016332741 -60.34379108243228
T00432 323.4782608695652 -61.714285714285715 326.1915288015085 -60.34379108243228 326.4382656236867 -63.026244610554805 320.51825611544376 -63.026244610554805 320.7649929376219 -60.34379108243228
T00433 328.69565217391306 -61.714285714285715 331.4089201058564 -60.34379108243228 331.6556569280345 -63.026244610554805 325.73564741979163 -63.02624461055482 325.9823842419698 -60.34379108243228
T00434 333.9130434782609 -61.714285714285715 336.6263114102042 -60.34379108243227 336.8730482323823 -63.026244610554805 330.95303872413945 -63.026244610554805 331.1997755463176 -60.34379108243228
T00435 339.1304347826087 -61.714285714285715 341.843702714552 -60.34379108243228 342.0904395367301 -63.026244610554805 336.17043002848726 -63.026244610554805 336.4171668506654 -60.34379108243227
T00436 344.3478260869565 -61.714285714285715 347.06109401889984 -60.34379108243228 347.307830841078 -63.026244610554805 341.38782133283513 -63.026244610554805 341.6345581550132 -60.34379108243228
T00437 349.5652173913043 -61.714285714285715 352.27848532324765 -60.34379108243228 352.5252221454258 -63.026244610554805 346.60521263718294 -63.026244610554805 346.85194945936104 -60.34379108243228
T00438 354.7826086956522 -61.714285714285715 357.4958766275955 -60.34379108243228 357.74261344977367 -63.026244610554805 351.82260394153076 -63.026244610554805 352.0693407637089 -60.34379108243228
T00439 0.0 -59.142857142857146 2.51749350505304 -57.77503637791507 2.7228102774275755 -60.45797086378109 357.2771897225725 -60.45797086378109 357.482506494947 -57.77503637791507
T00440 4.864864864864865 -59.142857142857146 7.382358369917903 -57.77503637791507 7.587675142292442 -60.45797086378109 2.142054587437344 -60.45797086378109 2.3473713598118766 -57.77503637791508
T00441 9.72972972972973 -59.142857142857146 12.247223234782771 -57.77503637791507 12.452540007157307 -60.45797086378109 7.006919452302209 -60.45797086378109 7.21223622467674 -57.77503637791507
T00442 14.594594594594597 -59.142857142857146 17.112088099647632 -57.77503637791507 17.317404872022166 -60.45797086378109 11.871784317167073 -60.45797086378109 12.077101089541607 -57.77503637791508
T00443 19.45945945945946 -59.142857142857146 21.9769529645125 -57.77503637791508 22.182269736887037 -60.45797086378109 16.73664918203194 -60.45797086378109 16.94196595440647 -57.77503637791507
T00444 24.324324324324323 -59.142857142857146 26.841817829377362 -57.77503637791507 27.047134601751896 -60.45797086378109 21.6015140468968 -60.45797086378109 21.80683081927133 -57.77503637791508
T00445 29.189189189189193 -59.142857142857146 31.70668269424223 -57.77503637791508 31.911999466616763 -60.45797086378109 26.466378911761666 -60.45797086378109 26.6716956841362 -57.77503637791508
T00446 34.054054054054056 -59.142857142857146 36.571547559107096 -57.77503637791507 36.776864331481626 -60.45797086378109 31.331243776626533 -60.45797086378109 31.536560549001067 -57.77503637791507
T00447 38.91891891891892 -59.142857142857146 41.43641242397196 -57.77503637791507 41.641729196346496 -60.45797086378109 36.1961086414914 -60.45797086378109 36.40142541386593 -57.77503637791508
T00448 43.78378378378378 -59.142857142857146 46.30127728883682 -57.77503637791508 46.50659406121136 -60.45797086378109 41.06097350635626 -60.45797086378109 41.26629027873079 -57.77503637791508
T00449 48.648648648648646 -59.142857142857146 51.166142153701685 -57.77503637791507 51.37145892607622 -60.45797086378109 45.92583837122113 -60.45797086378109 46.131155143595656 -57.77503637791507
T00450 53.513513513513516 -59.142857142857146 56.031007018566555 -57.77503637791508 56.23632379094109 -60.45797086378109 50.790703236085996 -60.45797086378109 50.996020008460526 -57.77503637791508
T00451 58.378378378378386 -59.142857142857146 60.895871883431425 -57.77503637791507 61.101188655805956 -60.45797086378109 55.65556810095086 -60.45797086378109 55.860884873325396 -57.77503637791507
T00452 63.24324324324325 -59.142857142857146 65.7607367482963 -57.77503637791507 65.96605352067081 -60.45797086378109 60.52043296581572 -60.45797086378109 60.72574973819027 -57.77503637791507
T00453 68.10810810810811 -59.142857142857146 70.62560161316115 -57.77503637791507 70.83091838553568 -60.45797086378109 65.38529783068059 -60.45797086378109 65.59061460305512 -57.77503637791507
T00454 72.97297297297297 -59.142857142857146 75.49046647802602 -57.77503637791507 75.69578325040054 -60.45797086378109 70.25016269554546 -60.45797086378109 70.45547946791997 -57.77503637791507
T00455 77.83783783783784 -59.142857142857146 80.35533134289088 -57.77503637791507 80.56064811526541 -60.45797086378109 75.11502756041031 -60.45797086378109 75.32034433278484 -57.77503637791508
T00456 82.7027027027027 -59.142857142857146 85.22019620775575 -57.77503637791507 85.42551298013026 -60.45797086378109 79.97989242527518 -60.45797086378109 80.1852091976497 -57.77503637791507
T00457 87.56756756756756 -59.142857142857146 90.0850610726206 -57.77503637791507 90.29037784499513 -60.45797086378109 84.84475729014004 -60.45797086378109 85.05007406251458 -57.77503637791507
T00458 92.43243243243242 -59.142857142857146 94.94992593748547 -57.77503637791507 95.15524270985999 -60.45797086378109 89.70962215500491 -60.45797086378109 89.91493892737942 -57.77503637791507
T00459 97.29729729729729 -59.142857142857146 99.81479080235033 -57.77503637791507 100.02010757472486 -60.45797086378109 94.57448701986976 -60.45797086378109 94.7798037922443 -57.77503637791507
T00460 102.16216216216216 -59.142857142857146 104.6796556672152 -57.77503637791507 104.88497243958973 -60.45797086378109 99.43935188473465 -60.45797086378109 99.64466865710916 -57.77503637791507
T00461 107.02702702702703 -59.142857142857146 109.54452053208009 -57.77503637791508 109.74983730445462 -60.45797086378109 104.30421674959952 -60.45797086378109 104.50953352197406 -57.77503637791508
T00462 111.89189189189189 -59.142857142857146 114.40938539694494 -57.77503637791507 114.61470216931946 -60.45797086378109 109.16908161446437 -60.45797086378109 109.3743983868389 -57.77503637791507
T00463 116.75675675675677 -59.142857142857146 119.2742502618098 -57.77503637791507 119.47956703418434 -60.45797086378109 114.03394647932924 -60.45797086378109 114.23926325170378 -57.77503637791507
T00464 121.62162162162161 -59.142857142857146 124.13911512667465 -57.77503637791507 124.34443189904918 -60.45797086378109 118.8988113441941 -60.45797086378109 119.10412811656863 -57.77503637791508
T00465 126.4864864864865 -59.142857142857146 129.00397999153952 -57.77503637791508 129.20929676391407 -60.45797086378109 123.76367620905897 -60.45797086378109 123.96899298143352 -57.77503637791508
T00466 131.35135135135135 -59.142857142857146 133.8688448564044 -57.77503637791507 134.07416162877894 -60.45797086378109 128.62854107392386 -60.45797086378109 128.8338578462984 -57.77503637791508
T00467 136.21621621621622 -59.142857142857146 138.73370972126926 -57.77503637791508 138.93902649364378 -60.45797086378109 133.4934059387887 -60.45797086378109 133.69872271116324 -57.77503637791508
T00468 141.08108108108107 -59.142857142857146 143.5985745861341 -57.77503637791507 143.80389135850865 -60.45797086378109 138.35827080365354 -60.45797086378109 138.56358757602806 -57.77503637791507
T00469 145.94594594594594 -59.142857142857146 148.46343945099898 -57.77503637791507 148.66875622337352 -60.45797086378109 143.2231356685184 -60.45797086378109 143.42845244089295 -57.77503637791508
T00470 150.8108108108108 -59.142857142857146 153.32830431586385 -57.77503637791508 153.5336210882384 -60.45797086378109 148.0880005333833 -60.45797086378109 148.29331730575782 -57.77503637791508
T00471 155.67567567567568 -59.142857142857146 158.19316918072872 -57.77503637791507 158.39848595310323 -60.45797086378109 152.95286539824815 -60.45797086378109 153.1581821706227 -57.77503637791508
T00472 160.54054054054055 -59.142857142857146 163.0580340455936 -57.77503637791507 163.26335081796813 -60.45797086378109 157.81773026311302 -60.45797086378109 158.02304703548756 -57.77503637791508
T00473 165.4054054054054 -59.142857142857146 167.92289891045843 -57.77503637791508 168.12821568283297 -60.45797086378109 162.68259512797786 -60.45797086378109 162.8879119003524 -57.77503637791508
T00474 170.27027027027026 -59.142857142857146 172.7877637753233 -57.77503637791507 172.99308054769784 -60.45797086378109 167.54745999284276 -60.45797086378109 167.7527767652173 -57.77503637791507
T00475 175.13513513513513 -59.142857142857146 177.65262864018817 -57.77503637791508 177.85794541256269 -60.45797086378109 172.4123248577076 -60.45797086378109 172.61764163008215 -57.77503637791507
T00476 180.0 -59.142857142857146 182.51749350505304 -57.77503637791507 182.72281027742758 -60.45797086378109 177.27718972257247 -60.45797086378109 177.48250649494702 -57.77503637791507
T00477 184.86486486486484 -59.142857142857146 187.38235836991788 -57.77503637791507 187.58767514229243 -60.45797086378109 182.14205458743731 -60.45797086378109 182.34737135981183 -57.77503637791508
T00478 189.7297297297297 -59.142857142857146 192.24722323478275 -57.77503637791508 192.4525400071573 -60.45797086378109 187.00691945230218 -60.45797086378109 187.21223622467673 -57.77503637791507
T00479 194.59459459459458 -59.142857142857146 197.11208809964762 -57.77503637791508 197.31740487202214 -60.45797086378109 191.87178431716703 -60.45797086378109 192.07710108954157 -57.77503637791507
T00480 199.45945945945945 -59.142857142857146 201.9769529645125 -57.77503637791508 202.18226973688704 -60.45797086378109 196.73664918203193 -60.45797086378109 196.94196595440644 -57.77503637791508
T00481 204.32432432432432 -59.142857142857146 206.84181782937736 -57.77503637791507 207.0471346017519 -60.45797086378109 201.60151404689677 -60.45797086378109 201.8068308192713 -57.77503637791508
T00482 209.18918918918916 -59.142857142857146 211.7066826942422 -57.77503637791508 211.91199946661675 -60.45797086378109 206.46637891176167 -60.45797086378109 206.67169568413618 -57.77503637791508
T00483 214.05405405405406 -59.142857142857146 216.5715475591071 -57.77503637791507 216.77686433148162 -60.45797086378109 211.33124377662654 -60.45797086378109 211.53656054900108 -57.77503637791507
T00484 218.9189189189189 -59.142857142857146 221.43641242397194 -57.77503637791507 221.6417291963465 -60.45797086378109 216.19610864149138 -60.45797086378109 216.4014254138659 -57.77503637791507
T00485 223.78378378378378 -59.142857142857146 226.30127728883681 -57.77503637791507 226.50659406121136 -60.45797086378109 221.06097350635625 -60.45797086378109 221.26629027873076 -57.77503637791507
T00486 228.64864864864862 -59.142857142857146 231.16614215370168 -57.77503637791508 231.37145892607617 -60.45797086378109 225.9258383712211 -60.45797086378109 226.13115514359563 -57.77503637791508
T00487 233.51351351351354 -59.142857142857146 236.03100701856656 -57.77503637791508 236.2363237909411 -60.45797086378109 230.79070323608602 -60.45797086378109 230.9960200084605 -57.77503637791508
T00488 238.37837837837836 -59.142857142857146 240.8958718834314 -57.77503637791507 241.10118865580594 -60.45797086378109 235.65556810095077 -60.45797086378109 235.86088487332538 -57.77503637791508
T00489 243.24324324324323 -59.142857142857146 245.76073674829627 -57.77503637791507 245.9660535206708 -60.45797086378109 240.5204329658157 -60.45797086378109 240.72574973819025 -57.77503637791507
T00490 248.1081081081081 -59.142857142857146 250.62560161316114 -57.77503637791507 250.83091838553568 -60.45797086378109 245.38529783068054 -60.45797086378109 245.59061460305512 -57.77503637791507
T00491 252.972972972973 -59.142857142857146 255.490466478026 -57.77503637791507 255.69578325040055 -60.45797086378109 250.25016269554547 -60.45797086378109 250.45547946792001 -57.77503637791507
T00492 257.8378378378378 -59.142857142857146 260.35533134289085 -57.77503637791507 260.5606481152654 -60.45797086378109 255.11502756041028 -60.45797086378109 255.32034433278477 -57.77503637791507
T00493 262.7027027027027 -59.142857142857146 265.22019620775575 -57.77503637791507 265.4255129801303 -60.45797086378109 259.97989242527524 -60.45797086378109 260.1852091976498 -57.77503637791507
T00494 267.56756756756755 -59.142857142857146 270.0850610726206 -57.77503637791507 270.29037784499513 -60.45797086378108 264.84475729014 -60.45797086378109 265.0500740625145 -57.77503637791507
T00495 272.43243243243245 -59.142857142857146 274.9499259374855 -57.77503637791507 275.15524270986003 -60.45797086378109 269.7096221550049 -60.45797086378109 269.9149389273794 -57.77503637791507
T00496 277.2972972972973 -59.142857142857146 279.81479080235033 -57.77503637791507 280.0201075747249 -60.45797086378109 274.57448701986976 -60.45797086378109 274.7798037922443 -57.77503637791507
T00497 282.16216216216213 -59.142857142857146 284.6796556672152 -57.77503637791507 284.8849724395897 -60.45797086378109 279.4393518847346 -60.45797086378109 279.64466865710915 -57.77503637791507
T00498 287.02702702702703 -59.142857142857146 289.54452053208007 -57.77503637791508 289.74983730445456 -60.45797086378109 284.3042167495995 -60.45797086378109 284.50953352197405 -57.77503637791508
T00499 291.8918918918919 -59.142857142857146 294.4093853969449 -57.77503637791507 294.61470216931946 -60.45797086378109 289.16908161446435 -60.45797086378109 289.3743983868389 -57.77503637791507
T00500 296.7567567567568 -59.142857142857146 299.2742502618098 -57.77503637791507 299.47956703418436 -60.45797086378109 294.03394647932924 -60.45797086378109 294.2392632517038 -57.77503637791507
T00501 301.6216216216216 -59.142857142857146 304.13911512667465 -57.77503637791507 304.3444318990492 -60.45797086378109 298.89881134419414 -60.45797086378109 299.10412811656863 -57.77503637791508
T00502 306.48648648648646 -59.142857142857146 309.0039799915395 -57.77503637791507 309.20929676391404 -60.45797086378109 303.76367620905893 -60.45797086378109 303.9689929814334 -57.77503637791508
T00503 311.35135135135135 -59.142857142857146 313.8688448564044 -57.77503637791507 314.07416162877894 -60.45797086378109 308.6285410739238 -60.45797086378109 308.8338578462983 -57.77503637791508
T00504 316.2162162162162 -59.142857142857146 318.73370972126924 -57.77503637791507 318.9390264936438 -60.45797086378109 313.49340593878867 -60.45797086378109 313.6987227111632 -57.77503637791507
T00505 321.0810810810811 -59.142857142857146 323.59857458613413 -57.77503637791507 323.8038913585087 -60.45797086378109 318.35827080365357 -60.45797086378109 318.5635875760281 -57.77503637791507
T00506 325.94594594594594 -59.142857142857146 328.463439450999 -57.77503637791507 328.66875622337346 -60.45797086378109 323.2231356685184 -60.45797086378109 323.42845244089295 -57.77503637791508
T00507 330.8108108108108 -59.142857142857146 333.3283043158638 -57.77503637791508 333.53362108823836 -60.45797086378109 328.08800053338325 -60.45797086378109 328.2933173057578 -57.77503637791508
T00508 335.6756756756757 -59.142857142857146 338.1931691807287 -57.77503637791507 338.39848595310326 -60.45797086378109 332.95286539824815 -60.45797086378109 333.1581821706227 -57.77503637791507
T00509 340.5405405405405 -59.142857142857146 343.05803404559356 -57.77503637791508 343.2633508179681 -60.45797086378109 337.81773026311305 -60.45797086378109 338.02304703548754 -57.77503637791508
T00510 345.40540540540536 -59.142857142857146 347.9228989104584 -57.77503637791507 348.12821568283294 -60.45797086378109 342.68259512797783 -60.45797086378109 342.8879119003524 -57.77503637791507
T00511 350.27027027027026 -59.142857142857146 352.7877637753233 -57.77503637791507 352.99308054769784 -60.45797086378109 347.54745999284273 -60.45797086378109 347.7527767652173 -57.77503637791507
T00512 355.1351351351351 -59.142857142857146 357.65262864018814 -57.77503637791508 357.8579454125627 -60.45797086378109 352.4123248577076 -60.45797086378109 352.6176416300821 -57.77503637791508
T00513 0.0 -56.57142857142857 2.3524683853608788 -55.20592616588381 2.525489202069228 -57.88923408217533 357.4745107979308 -57.88923408217533 357.64753161463915 -55.20592616588381
T00514 4.556962025316456 -56.57142857142857 6.909430410677333 -55.2059261658838 7.082451227385686 -57.88923408217533 2.031472823247279 -57.88923408217534 2.2044936399556248 -55.2059261658838
T00515 9.113924050632912 -56.57142857142857 11.466392435993793 -55.2059261658838 11.639413252702141 -57.88923408217533 6.588434848563736 -57.88923408217534 6.761455665272082 -55.20592616588381
T00516 13.670886075949369 -56.57142857142857 16.02335446131025 -55.20592616588381 16.196375278018596 -57.88923408217534 11.14539687388019 -57.88923408217534 11.318417690588534 -55.2059261658838
T00517 18.227848101265824 -56.57142857142857 20.580316486626703 -55.20592616588381 20.75333730333505 -57.88923408217533 15.702358899196645 -57.88923408217533 15.875379715904991 -55.2059261658838
T00518 22.78481012658228 -56.57142857142857 25.13727851194316 -55.2059261658838 25.31029932865151 -57.88923408217533 20.259320924513105 -57.88923408217533 20.43234174122145 -55.2059261658838
T00519 27.341772151898738 -56.57142857142857 29.694240537259624 -55.2059261658838 29.867261353967972 -57.88923408217533 24.816282949829567 -57.88923408217534 24.989303766537912 -55.20592616588381
T00520 31.89873417721519 -56.57142857142857 34.25120256257606 -55.20592616588381 34.42422337928441 -57.88923408217534 29.373244975146005 -57.88923408217534 29.546265791854356 -55.20592616588381
T00521 36.45569620253165 -56.57142857142857 38.808164587892534 -55.20592616588381 38.98118540460088 -57.88923408217533 33.930207000462474 -57.88923408217533 34.10322781717082 -55.20592616588381
T00522 41.01265822784811 -56.57142857142857 43.365126613208986 -55.20592616588381 43.53814742991734 -57.88923408217533 38.48716902577893 -57.88923408217533 38.66018984248727 -55.20592616588381
T00523 45.56962025316456 -56.57142857142857 47.92208863852544 -55.20592616588381 48.095109455233775 -57.88923408217534 43.04413105109538 -57.88923408217534 43.21715186780372 -55.20592616588381
T00524 50.12658227848102 -56.57142857142857 52.47905066384189 -55.20592616588381 52.65207148055024 -57.88923408217534 47.60109307641184 -57.88923408217534 47.77411389312018 -55.20592616588381
T00525 54.683544303797476 -56.57142857142857 57.036012689158355 -55.20592616588381 57.20903350586671 -57.88923408217534 52.1580551017283 -57.88923408217533 52.33107591843664 -55.20592616588381
T00526 59.240506329113934 -56.57142857142857 61.592974714474806 -55.2059261658838 61.76599553118316 -57.88923408217533 56.715017127044746 -57.88923408217534 56.88803794375309 -55.20592616588381
T00527 63.79746835443038 -56.57142857142857 66.14993673979126 -55.2059261658838 66.32295755649962 -57.88923408217533 61.27197915236121 -57.88923408217533 61.44499996906955 -55.20592616588381
T00528 68.35443037974684 -56.57142857142857 70.70689876510772 -55.20592616588381 70.87991958181607 -57.88923408217534 65.82894117767766 -57.88923408217533 66.00196199438602 -55.2059261658838
T00529 72.9113924050633 -56.57142857142857 75.26386079042418 -55.20592616588381 75.43688160713253 -57.88923408217533 70.38590320299413 -57.88923408217533 70.55892401970246 -55.20592616588381
T00530 77.46835443037976 -56.57142857142857 79.82082281574066 -55.2059261658838 79.993843632449 -57.88923408217533 74.94286522831058 -57.88923408217534 75.11588604501894 -55.20592616588381
T00531 82.02531645569621 -56.57142857142857 84.37778484105709 -55.20592616588381 84.55080565776545 -57.88923408217534 79.49982725362703 -57.88923408217534 79.67284807033538 -55.20592616588381
T00532 86.58227848101266 -56.57142857142857 88.93474686637354 -55.20592616588381 89.10776768308189 -57.88923408217533 84.05678927894348 -57.88923408217533 84.22981009565184 -55.20592616588381
T00533 91.13924050632912 -56.57142857142857 93.49170889169 -55.20592616588381 93.66472970839834 -57.88923408217533 88.61375130425995 -57.88923408217533 88.78677212096828 -55.2059261658838
T00534 95.69620253164558 -56.57142857142857 98.04867091700648 -55.20592616588381 98.22169173371482 -57.88923408217534 93.17071332957642 -57.88923408217534 93.34373414628476 -55.20592616588381
T00535 100.25316455696203 -56.57142857142857 102.60563294232291 -55.20592616588381 102.77865375903127 -57.88923408217533 97.72767535489285 -57.88923408217533 97.9006961716012 -55.20592616588381
T00536 104.8101265822785 -56.57142857142857 107.1625949676394 -55.20592616588381 107.33561578434774 -57.88923408217533 102.28463738020933 -57.88923408217534 102.45765819691768 -55.20592616588381
T00537 109.36708860759495 -56.57142857142857 111.71955699295582 -55.2059261658838 111.89257780966419 -57.88923408217533 106.84159940552578 -57.88923408217534 107.01462022223411 -55.2059261658838
T00538 113.9240506329114 -56.57142857142857 116.27651901827228 -55.20592616588381 116.44953983498063 -57.88923408217533 111.39856143084222 -57.88923408217533 111.57158224755058 -55.2059261658838
T00539 118.48101265822787 -56.57142857142857 120.83348104358875 -55.20592616588381 121.0065018602971 -57.88923408217534 115.95552345615869 -57.88923408217534 116.12854427286703 -55.20592616588381
T00540 123.03797468354432 -56.57142857142857 125.3904430689052 -55.2059261658838 125.56346388561354 -57.88923408217533 120.51248548147512 -57.88923408217533 120.68550629818348 -55.20592616588381
T00541 127.59493670886076 -56.57142857142857 129.94740509422164 -55.2059261658838 130.12042591092998 -57.88923408217533 125.06944750679158 -57.88923408217534 125.24246832349992 -55.20592616588381
T00542 132.15189873417722 -56.57142857142857 134.5043671195381 -55.20592616588381 134.67738793624645 -57.88923408217533 129.62640953210806 -57.88923408217534 129.7994303488164 -55.20592616588381
T00543 136.7088607594937 -56.57142857142857 139.0613291448546 -55.20592616588381 139.23434996156294 -57.88923408217534 134.18337155742452 -57.88923408217533 134.35639237413287 -55.20592616588381
T00544 141.26582278481015 -56.57142857142857 143.61829117017103 -55.2059261658838 143.79131198687938 -57.88923408217533 138.74033358274096 -57.88923408217533 138.9133543994493 -55.20592616588381
T00545 145.8227848101266 -56.57142857142857 148.17525319548747 -55.20592616588381 148.34827401219582 -57.88923408217533 143.2972956080574 -57.88923408217534 143.47031642476577 -55.20592616588381
T00546 150.37974683544303 -56.57142857142857 152.73221522080394 -55.20592616588381 152.90523603751228 -57.88923408217534 147.85425763337386 -57.88923408217534 148.0272784500822 -55.20592616588381
T00547 154.93670886075952 -56.57142857142857 157.28917724612043 -55.20592616588381 157.46219806282878 -57.88923408217534 152.41121965869036 -57.88923408217533 152.5842404753987 -55.20592616588381
T00548 159.49367088607596 -56.57142857142857 161.84613927143684 -55.2059261658838 162.01916008814518 -57.88923408217533 156.96818168400677 -57.88923408217533 157.1412025007151 -55.2059261658838
T00549 164.05063291139243 -56.57142857142857 166.4031012967533 -55.20592616588381 166.57612211346165 -57.88923408217533 161.52514370932323 -57.88923408217534 161.6981645260316 -55.20592616588381
T00550 168.60759493670886 -56.57142857142857 170.96006332206974 -55.2059261658838 171.13308413877812 -57.88923408217533 166.0821057346397 -57.88923408217533 166.25512655134804 -55.20592616588381
T00551 173.16455696202533 -56.57142857142857 175.51702534738624 -55.20592616588381 175.69004616409458 -57.88923408217534 170.63906775995616 -57.88923408217534 170.8120885766645 -55.20592616588381
T00552 177.7215189873418 -56.57142857142857 180.07398737270265 -55.20592616588381 180.247008189411 -57.88923408217533 175.1960297852726 -57.88923408217533 175.36905060198094 -55.20592616588381
T00553 182.27848101265823 -56.57142857142857 184.63094939801908 -55.20592616588381 184.80397021472746 -57.88923408217533 179.75299181058904 -57.88923408217533 179.9260126272974 -55.20592616588381
T00554 186.8354430379747 -56.57142857142857 189.18791142333558 -55.20592616588381 189.36093224004392 -57.88923408217534 184.30995383590553 -57.88923408217534 184.48297465261388 -55.20592616588381
T00555 191.39240506329116 -56.57142857142857 193.74487344865204 -55.20592616588381 193.9178942653604 -57.88923408217533 188.866915861222 -57.88923408217533 189.03993667793034 -55.20592616588381
T00556 195.9493670886076 -56.57142857142857 198.30183547396845 -55.20592616588381 198.4748562906768 -57.88923408217534 193.4238778865384 -57.88923408217534 193.59689870324675 -55.20592616588381
T00557 200.50632911392407 -56.57142857142857 202.85879749928492 -55.20592616588381 203.0318183159933 -57.88923408217534 197.98083991185487 -57.88923408217534 198.15386072856325 -55.20592616588381
T00558 205.0632911392405 -56.57142857142857 207.41575952460138 -55.20592616588381 207.58878034130973 -57.88923408217534 202.53780193717134 -57.88923408217534 202.71082275387968 -55.20592616588381
T00559 209.620253164557 -56.57142857142857 211.97272154991788 -55.2059261658838 212.14574236662622 -57.88923408217533 207.09476396248783 -57.88923408217534 207.26778477919618 -55.20592616588381
T00560 214.17721518987344 -56.57142857142857 216.5296835752343 -55.2059261658838 216.70270439194263 -57.88923408217534 211.65172598780424 -57.88923408217534 211.82474680451259 -55.20592616588381
T00561 218.7341772151899 -56.57142857142857 221.08664560055075 -55.20592616588381 221.2596664172591 -57.88923408217534 216.2086880131207 -57.88923408217534 216.38170882982908 -55.20592616588381
T00562 223.29113924050634 -56.57142857142857 225.64360762586722 -55.2059261658838 225.81662844257556 -57.88923408217533 220.76565003843714 -57.88923408217533 220.93867085514552 -55.20592616588381
T00563 227.8481012658228 -56.57142857142857 230.20056965118368 -55.20592616588381 230.37359046789203 -57.88923408217534 225.32261206375364 -57.88923408217534 225.49563288046195 -55.20592616588381
T00564 232.40506329113927 -56.57142857142857 234.7575316765001 -55.2059261658838 234.9305524932085 -57.88923408217533 229.87957408907008 -57.88923408217533 230.05259490577842 -55.2059261658838
T00565 236.96202531645574 -56.57142857142857 239.31449370181656 -55.2059261658838 239.48751451852496 -57.88923408217533 234.4365361143865 -57.88923408217533 234.60955693109491 -55.2059261658838
T00566 241.51898734177215 -56.57142857142857 243.87145572713305 -55.2059261658838 244.04447654384134 -57.88923408217533 238.99349813970298 -57.88923408217534 239.16651895641127 -55.20592616588381
T00567 246.07594936708864 -56.57142857142857 248.42841775244952 -55.20592616588381 248.6014385691578 -57.88923408217534 243.55046016501944 -57.88923408217533 243.72348098172773 -55.20592616588381
T00568 250.6329113924051 -56.57142857142857 252.98537977776598 -55.205926165883795 253.15840059447427 -57.88923408217533 248.1074221903359 -57.88923408217533 248.28044300704425 -55.205926165883795
T00569 255.18987341772151 -56.57142857142857 257.54234180308237 -55.20592616588381 257.71536261979077 -57.88923408217534 252.66438421565235 -57.88923408217534 252.8374050323607 -55.20592616588381
T00570 259.746835443038 -56.57142857142857 262.09930382839883 -55.20592616588381 262.27232464510723 -57.88923408217533 257.2213462409688 -57.88923408217533 257.39436705767713 -55.20592616588381
T00571 264.30379746835445 -56.57142857142857 266.6562658537153 -55.205926165883795 266.8292866704237 -57.88923408217533 261.77830826628525 -57.88923408217533 261.95132908299365 -55.2059261658838
T00572 268.86075949367086 -56.57142857142857 271.21322787903176 -55.2059261658838 271.38624869574005 -57.88923408217533 266.3352702916017 -57.88923408217533 266.50829110831006 -55.20592616588381
T00573 273.4177215189874 -56.57142857142857 275.77018990434823 -55.2059261658838 275.94321072105663 -57.88923408217533 270.89223231691824 -57.88923408217533 271.0652531336266 -55.20592616588381
T00574 277.97468354430384 -56.57142857142857 280.3271519296647 -55.20592616588381 280.500172746373 -57.88923408217534 275.44919434223465 -57.88923408217534 275.622215158943 -55.20592616588381
T00575 282.5316455696203 -56.57142857142857 284.88411395498116 -55.20592616588381 285.0571347716895 -57.88923408217534 280.0061563675511 -57.88923408217533 280.17917718425946 -55.2059261658838
T00576 287.0886075949367 -56.57142857142857 289.4410759802976 -55.20592616588381 289.61409679700597 -57.88923408217534 284.5631183928675 -57.88923408217534 284.73613920957587 -55.20592616588381
T00577 291.6455696202532 -56.57142857142857 293.99803800561403 -55.2059261658838 294.17105882232244 -57.88923408217533 289.120080418184 -57.88923408217533 289.29310123489233 -55.2059261658838
T00578 296.20253164556965 -56.57142857142857 298.5550000309305 -55.2059261658838 298.7280208476389 -57.88923408217533 293.67704244350045 -57.88923408217534 293.8500632602088 -55.2059261658838
T00579 300.75949367088606 -56.57142857142857 303.11196205624697 -55.20592616588381 303.28498287295525 -57.88923408217534 298.2340044688169 -57.88923408217534 298.40702528552526 -55.20592616588381
T00580 305.3164556962025 -56.57142857142857 307.66892408156343 -55.20592616588381 307.8419448982718 -57.88923408217533 302.7909664941334 -57.88923408217534 302.96398731084173 -55.20592616588381
T00581 309.87341772151905 -56.57142857142857 312.2258861068799 -55.20592616588381 312.39890692358824 -57.88923408217533 307.3479285194499 -57.88923408217534 307.52094933615825 -55.20592616588381
T00582 314.4303797468355 -56.57142857142857 316.7828481321964 -55.2059261658838 316.95586894890477 -57.88923408217533 311.9048905447664 -57.88923408217533 312.0779113614747 -55.20592616588381
T00583 318.9873417721519 -56.57142857142857 321.3398101575128 -55.20592616588381 321.5128309742211 -57.88923408217533 316.4618525700827 -57.88923408217533 316.63487338679107 -55.20592616588381
T00584 323.5443037974684 -56.57142857142857 325.8967721828293 -55.20592616588381 326.06979299953764 -57.88923408217533 321.0188145953992 -57.88923408217533 321.19183541210754 -55.20592616588381
T00585 328.10126582278485 -56.57142857142857 330.45373420814576 -55.20592616588381 330.6267550248541 -57.88923408217533 325.57577662071566 -57.88923408217533 325.748797437424 -55.20592616588381
T00586 332.65822784810126 -56.57142857142857 335.01069623346217 -55.20592616588381 335.18371705017046 -57.88923408217533 330.13273864603207 -57.88923408217533 330.3057594627404 -55.2059261658838
T00587 337.2151898734177 -56.57142857142857 339.56765825877864 -55.2059261658838 339.740679075487 -57.88923408217533 334.6897006713486 -57.88923408217534 334.86272148805693 -55.20592616588381
T00588 341.7721518987342 -56.57142857142857 344.1246202840951 -55.2059261658838 344.29764110080345 -57.88923408217534 339.24666269666506 -57.88923408217533 339.4196835133734 -55.2059261658838
T00589 346.32911392405066 -56.57142857142857 348.68158230941157 -55.2059261658838 348.8546031261199 -57.88923408217533 343.8036247219815 -57.88923408217534 343.97664553868987 -55.20592616588381
T00590 350.8860759493671 -56.57142857142857 353.238544334728 -55.2059261658838 353.4115651514363 -57.88923408217533 348.36058674729793 -57.88923408217533 348.5336075640063 -55.2059261658838
T00591 355.4430379746836 -56.57142857142857 357.79550636004444 -55.2059261658838 357.9685271767528 -57.88923408217534 352.9175487726144 -57.88923408217534 353.09056958932274 -55.20592616588381
T00592 0.0 -54.0 2.2119135087533714 -52.63653458195246 2.3592448916259117 -55.320137930746185 357.6407551083741 -55.320137930746185 357.7880864912467 -52.63653458195246
T00593 4.285714285714286 -54.0 6.497627794467657 -52.63653458195246 6.644959177340199 -55.320137930746185 1.9264693940884223 -55.320137930746185 2.07380077696096 -52.63653458195246
T00594 8.571428571428571 -54.0 10.783342080181946 -52.63653458195246 10.930673463054484 -55.320137930746185 6.212183679802708 -55.320137930746185 6.359515062675246 -52.63653458195246
T00595 12.857142857142858 -54.0 15.069056365896229 -52.63653458195246 15.21638774876877 -55.320137930746185 10.497897965516994 -55.320137930746185 10.645229348389531 -52.63653458195246
T00596 17.142857142857142 -54.0 19.35477065161051 -52.63653458195246 19.50210203448305 -55.32013793074618 14.78361225123127 -55.32013793074618 14.930943634103814 -52.63653458195246
T00597 21.42857142857143 -54.0 23.640484937324803 -52.63653458195246 23.787816320197344 -55.320137930746185 19.069326536945567 -55.320137930746185 19.216657919818104 -52.63653458195246
T00598 25.714285714285715 -54.0 27.926199223039088 -52.63653458195245 28.073530605911635 -55.320137930746185 23.355040822659856 -55.320137930746185 23.50237220553239 -52.63653458195246
T00599 30.000000000000004 -54.0 32.21191350875337 -52.63653458195246 32.359244891625906 -55.320137930746185 27.640755108374133 -55.320137930746185 27.788086491246666 -52.63653458195246
T00600 34.285714285714285 -54.0 36.49762779446765 -52.63653458195246 36.64495917734019 -55.320137930746185 31.92646939408842 -55.320137930746185 32.07380077696096 -52.63653458195246
T00601 38.57142857142857 -54.0 40.78334208018194 -52.63653458195246 40.93067346305448 -55.320137930746185 36.21218367980271 -55.320137930746185 36.35951506267525 -52.63653458195246
T00602 42.85714285714286 -54.0 45.06905636589624 -52.63653458195246 45.216387748768774 -55.320137930746185 40.497897965517 -55.320137930746185 40.645229348389535 -52.63653458195246
T00603 47.142857142857146 -54.0 49.354770651610515 -52.63653458195246 49.50210203448305 -55.320137930746185 44.783612251231276 -55.320137930746185 44.93094363410381 -52.63653458195246
T00604 51.42857142857143 -54.0 53.6404849373248 -52.63653458195246 53.78781632019734 -55.320137930746185 49.06932653694556 -55.320137930746185 49.2166579198181 -52.63653458195246
T00605 55.714285714285715 -54.0 57.9261992230391 -52.63653458195245 58.073530605911635 -55.320137930746185 53.35504082265986 -55.320137930746185 53.502372205532396 -52.63653458195246
T00606 60.00000000000001 -54.0 62.21191350875339 -52.63653458195245 62.35924489162593 -55.32013793074618 57.640755108374144 -55.320137930746185 57.78808649124669 -52.63653458195246
T00607 64.28571428571429 -54.0 66.49762779446766 -52.63653458195246 66.6449591773402 -55.320137930746185 61.92646939408843 -55.320137930746185 62.073800776960965 -52.63653458195246
T00608 68.57142857142857 -54.0 70.78334208018194 -52.63653458195246 70.93067346305448 -55.320137930746185 66.2121836798027 -55.320137930746185 66.35951506267524 -52.63653458195246
T00609 72.85714285714286 -54.0 75.06905636589623 -52.63653458195246 75.21638774876878 -55.32013793074618 70.49789796551701 -55.32013793074618 70.64522934838953 -52.63653458195246
T00610 77.14285714285714 -54.0 79.35477065161051 -52.63653458195246 79.50210203448304 -55.320137930746185 74.78361225123128 -55.320137930746185 74.93094363410381 -52.63653458195246
T00611 81.42857142857143 -54.0 83.6404849373248 -52.63653458195246 83.78781632019735 -55.320137930746185 79.06932653694557 -55.320137930746185 79.2166579198181 -52.63653458195246
T00612 85.71428571428572 -54.0 87.92619922303909 -52.63653458195246 88.07353060591164 -55.320137930746185 83.35504082265986 -55.320137930746185 83.5023722055324 -52.63653458195246
T00613 90.0 -54.0 92.21191350875337 -52.63653458195246 92.35924489162592 -55.320137930746185 87.64075510837414 -55.320137930746185 87.78808649124667 -52.63653458195246
T00614 94.28571428571429 -54.0 96.49762779446766 -52.63653458195246 96.64495917734021 -55.320137930746185 91.92646939408843 -55.320137930746185 92.07380077696097 -52.63653458195246
T00615 98.57142857142858 -54.0 100.78334208018195 -52.63653458195246 100.9306734630545 -55.320137930746185 96.2121836798027 -55.320137930746185 96.35951506267524 -52.63653458195246
T00616 102.85714285714286 -54.0 105.06905636589623 -52.63653458195246 105.21638774876877 -55.320137930746185 100.49789796551698 -55.320137930746185 100.64522934838952 -52.63653458195246
T00617 107.14285714285715 -54.0 109.35477065161052 -52.63653458195246 109.50210203448306 -55.320137930746185 104.78361225123129 -55.320137930746185 104.93094363410384 -52.63653458195246
T00618 111.42857142857143 -54.0 113.6404849373248 -52.63653458195245 113.78781632019735 -55.320137930746185 109.06932653694557 -55.320137930746185 109.2166579198181 -52.63653458195246
T00619 115.71428571428571 -54.0 117.92619922303909 -52.63653458195246 118.07353060591164 -55.320137930746185 113.35504082265986 -55.320137930746185 113.50237220553238 -52.63653458195246
T00620 120.00000000000001 -54.0 122.21191350875337 -52.63653458195246 122.35924489162592 -55.320137930746185 117.64075510837414 -55.320137930746185 117.78808649124669 -52.63653458195246
T00621 124.28571428571429 -54.0 126.49762779446765 -52.63653458195246 126.6449591773402 -55.320137930746185 121.92646939408841 -55.320137930746185 122.07380077696097 -52.63653458195246
T00622 128.57142857142858 -54.0 130.78334208018197 -52.63653458195246 130.9306734630545 -55.320137930746185 126.21218367980272 -55.320137930746185 126.35951506267527 -52.63653458195246
T00623 132.85714285714286 -54.0 135.06905636589622 -52.63653458195246 135.21638774876877 -55.320137930746185 130.49789796551698 -55.320137930746185 130.64522934838953 -52.63653458195246
T00624 137.14285714285714 -54.0 139.35477065161052 -52.63653458195246 139.50210203448304 -55.320137930746185 134.7836122512313 -55.320137930746185 134.9309436341038 -52.63653458195246
T00625 141.42857142857142 -54.0 143.6404849373248 -52.63653458195246 143.78781632019732 -55.320137930746185 139.06932653694557 -55.320137930746185 139.2166579198181 -52.63653458195246
T00626 145.71428571428572 -54.0 147.9261992230391 -52.63653458195246 148.07353060591163 -55.320137930746185 143.35504082265987 -55.320137930746185 143.5023722055324 -52.63653458195246
T00627 150.0 -54.0 152.21191350875338 -52.63653458195245 152.35924489162593 -55.32013793074618 147.64075510837415 -55.320137930746185 147.7880864912467 -52.63653458195246
T00628 154.28571428571428 -54.0 156.49762779446763 -52.63653458195246 156.64495917734018 -55.320137930746185 151.9264693940884 -55.320137930746185 152.07380077696095 -52.63653458195246
T00629 158.57142857142858 -54.0 160.78334208018197 -52.63653458195246 160.9306734630545 -55.320137930746185 156.2121836798027 -55.320137930746185 156.35951506267526 -52.63653458195246
T00630 162.85714285714286 -54.0 165.06905636589624 -52.63653458195245 165.2163877487688 -55.32013793074617 160.497897965517 -55.32013793074618 160.64522934838953 -52.63653458195245
T00631 167.14285714285714 -54.0 169.35477065161052 -52.63653458195246 169.50210203448304 -55.320137930746185 164.7836122512313 -55.320137930746185 164.9309436341038 -52.63653458195246
T00632 171.42857142857144 -54.0 173.64048493732483 -52.63653458195246 173.78781632019735 -55.320137930746185 169.0693265369456 -55.320137930746185 169.21665791981812 -52.63653458195246
T00633 175.71428571428572 -54.0 177.9261992230391 -52.63653458195246 178.07353060591163 -55.320137930746185 173.35504082265987 -55.320137930746185 173.5023722055324 -52.63653458195246
T00634 180.0 -54.0 182.21191350875336 -52.63653458195246 182.3592448916259 -55.320137930746185 177.64075510837415 -55.320137930746185 177.78808649124667 -52.63653458195246
T00635 184.2857142857143 -54.0 186.49762779446766 -52.63653458195246 186.6449591773402 -55.320137930746185 181.92646939408843 -55.320137930746185 182.07380077696098 -52.63653458195246
T00636 188.57142857142858 -54.0 190.78334208018194 -52.63653458195246 190.9306734630545 -55.320137930746185 186.2121836798027 -55.320137930746185 186.35951506267526 -52.63653458195246
T00637 192.85714285714286 -54.0 195.06905636589622 -52.63653458195246 195.21638774876877 -55.320137930746185 190.49789796551698 -55.320137930746185 190.64522934838953 -52.63653458195246
T00638 197.14285714285717 -54.0 199.35477065161052 -52.63653458195246 199.50210203448307 -55.320137930746185 194.7836122512313 -55.320137930746185 194.93094363410384 -52.63653458195246
T00639 201.42857142857144 -54.0 203.6404849373248 -52.63653458195246 203.78781632019735 -55.320137930746185 199.06932653694557 -55.320137930746185 199.21665791981812 -52.63653458195246
T00640 205.71428571428572 -54.0 207.92619922303908 -52.63653458195246 208.07353060591163 -55.320137930746185 203.35504082265984 -55.320137930746185 203.5023722055324 -52.63653458195246
T00641 210.00000000000003 -54.0 212.21191350875338 -52.63653458195245 212.35924489162593 -55.32013793074618 207.64075510837415 -55.320137930746185 207.78808649124667 -52.63653458195245
T00642 214.2857142857143 -54.0 216.49762779446766 -52.63653458195246 216.6449591773402 -55.320137930746185 211.92646939408843 -55.320137930746185 212.07380077696098 -52.63653458195246
T00643 218.57142857142858 -54.0 220.78334208018194 -52.63653458195246 220.9306734630545 -55.320137930746185 216.2121836798027 -55.320137930746185 216.35951506267526 -52.63653458195246
T00644 222.85714285714286 -54.0 225.06905636589622 -52.63653458195246 225.21638774876877 -55.320137930746185 220.49789796551698 -55.320137930746185 220.6452293483895 -52.63653458195246
T00645 227.14285714285714 -54.0 229.3547706516105 -52.63653458195246 229.50210203448304 -55.320137930746185 224.78361225123126 -55.320137930746185 224.93094363410378 -52.63653458195246
T00646 231.42857142857142 -54.0 233.64048493732477 -52.63653458195246 233.78781632019735 -55.320137930746185 229.06932653694554 -55.320137930746185 229.21665791981812 -52.63653458195246
T00647 235.71428571428572 -54.0 237.92619922303908 -52.63653458195245 238.0735306059116 -55.320137930746185 233.35504082265984 -55.320137930746185 233.50237220553237 -52.63653458195246
T00648 240.00000000000003 -54.0 242.21191350875338 -52.63653458195246 242.35924489162596 -55.320137930746185 237.64075510837415 -55.320137930746185 237.78808649124673 -52.63653458195246
T00649 244.28571428571428 -54.0 246.49762779446763 -52.63653458195246 246.64495917734016 -55.320137930746185 241.9264693940884 -55.320137930746185 242.07380077696098 -52.63653458195246
T00650 248.57142857142858 -54.0 250.78334208018194 -52.63653458195246 250.93067346305446 -55.320137930746185 246.2121836798027 -55.320137930746185 246.35951506267523 -52.63653458195246
T00651 252.8571428571429 -54.0 255.06905636589624 -52.63653458195246 255.21638774876877 -55.320137930746185 250.497897965517 -55.32013793074618 250.64522934838953 -52.63653458195246
T00652 257.14285714285717 -54.0 259.3547706516105 -52.63653458195246 259.5021020344831 -55.320137930746185 254.78361225123132 -55.320137930746185 254.93094363410384 -52.63653458195246
T00653 261.42857142857144 -54.0 263.6404849373248 -52.63653458195246 263.78781632019735 -55.320137930746185 259.06932653694554 -55.320137930746185 259.2166579198181 -52.63653458195246
T00654 265.7142857142857 -54.0 267.9261992230391 -52.63653458195246 268.0735306059116 -55.320137930746185 263.3550408226599 -55.320137930746185 263.50237220553237 -52.63653458195246
T00655 270.0 -54.0 272.21191350875336 -52.63653458195246 272.3592448916259 -55.320137930746185 267.6407551083741 -55.320137930746185 267.78808649124664 -52.63653458195246
T00656 274.2857142857143 -54.0 276.49762779446763 -52.63653458195246 276.6449591773402 -55.320137930746185 271.92646939408843 -55.320137930746185 272.0738007769609 -52.63653458195246
T00657 278.5714285714286 -54.0 280.78334208018197 -52.63653458195246 280.93067346305446 -55.320137930746185 276.2121836798027 -55.320137930746185 276.35951506267526 -52.63653458195246
T00658 282.85714285714283 -54.0 285.0690563658962 -52.63653458195246 285.2163877487688 -55.320137930746185 280.497897965517 -55.320137930746185 280.6452293483895 -52.63653458195246
T00659 287.14285714285717 -54.0 289.3547706516105 -52.63653458195246 289.502102034483 -55.320137930746185 284.78361225123126 -55.320137930746185 284.9309436341038 -52.63653458195246
T00660 291.42857142857144 -54.0 293.6404849373248 -52.63653458195245 293.78781632019735 -55.320137930746185 289.0693265369456 -55.320137930746185 289.2166579198181 -52.63653458195245
T00661 295.7142857142857 -54.0 297.9261992230391 -52.63653458195246 298.0735306059116 -55.320137930746185 293.3550408226598 -55.320137930746185 293.50237220553237 -52.63653458195246
T00662 300.0 -54.0 302.21191350875336 -52.63653458195246 302.3592448916259 -55.320137930746185 297.64075510837415 -55.320137930746185 297.78808649124664 -52.63653458195246
T00663 304.28571428571433 -54.0 306.4976277944677 -52.63653458195246 306.6449591773402 -55.320137930746185 301.92646939408843 -55.320137930746185 302.073800776961 -52.63653458195246
T00664 308.57142857142856 -54.0 310.7833420801819 -52.63653458195246 310.93067346305446 -55.320137930746185 306.2121836798027 -55.320137930746185 306.3595150626752 -52.63653458195246
T00665 312.8571428571429 -54.0 315.06905636589624 -52.63653458195246 315.21638774876874 -55.320137930746185 310.497897965517 -55.320137930746185 310.64522934838953 -52.63653458195246
T00666 317.14285714285717 -54.0 319.3547706516105 -52.63653458195245 319.50210203448313 -55.32013793074618 314.7836122512313 -55.32013793074618 314.9309436341038 -52.63653458195245
T00667 321.42857142857144 -54.0 323.6404849373248 -52.63653458195246 323.78781632019735 -55.320137930746185 319.06932653694554 -55.320137930746185 319.2166579198181 -52.63653458195246
T00668 325.7142857142857 -54.0 327.9261992230391 -52.63653458195245 328.0735306059116 -55.320137930746185 323.3550408226599 -55.320137930746185 323.50237220553237 -52.63653458195246
T00669 330.00000000000006 -54.0 332.2119135087534 -52.63653458195245 332.359244891626 -55.32013793074618 327.6407551083742 -55.320137930746185 327.7880864912467 -52.63653458195245
T00670 334.2857142857143 -54.0 336.49762779446763 -52.63653458195246 336.6449591773402 -55.320137930746185 331.92646939408843 -55.320137930746185 332.0738007769609 -52.63653458195246
T00671 338.5714285714286 -54.0 340.78334208018197 -52.63653458195246 340.9306734630545 -55.320137930746185 336.21218367980276 -55.320137930746185 336.35951506267526 -52.63653458195246
T00672 342.8571428571429 -54.0 345.06905636589624 -52.63653458195246 345.2163877487688 -55.320137930746185 340.497897965517 -55.32013793074618 340.64522934838953 -52.63653458195246
T00673 347.14285714285717 -54.0 349.3547706516105 -52.63653458195246 349.5021020344831 -55.320137930746185 344.7836122512313 -55.320137930746185 344.9309436341038 -52.63653458195246
T00674 351.42857142857144 -54.0 353.6404849373248 -52.63653458195246 353.78781632019735 -55.320137930746185 349.06932653694554 -55.320137930746185 349.2166579198181 -52.63653458195246
T00675 355.7142857142857 -54.0 357.9261992230391 -52.63653458195246 358.0735306059116 -55.320137930746185 353.3550408226599 -55.320137930746185 353.50237220553237 -52.63653458195246
T00676 0.0 -51.42857142857143 2.0911705473035527 -50.0669167681247 2.217711076386145 -52.7507575675321 357.7822889236139 -52.7507575675321 357.90882945269647 -50.0669167681247
T00677 4.044943820224719 -51.42857142857143 6.136114367528273 -50.066916768124706 6.262654896610864 -52.7507575675321 1.8272327438386184 -52.7507575675321 1.953773272921209 -50.066916768124706
T00678 8.089887640449438 -51.42857142857143 10.181058187752988 -50.0669167681247 10.307598716835582 -52.7507575675321 5.872176564063338 -52.7507575675321 5.998717093145928 -50.0669167681247
T00679 12.134831460674157 -51.42857142857143 14.226002007977707 -50.0669167681247 14.3525425370603 -52.7507575675321 9.917120384288054 -52.7507575675321 10.043660913370648 -50.0669167681247
T00680 16.179775280898877 -51.42857142857143 18.27094582820243 -50.066916768124706 18.397486357285022 -52.7507575675321 13.962064204512775 -52.7507575675321 14.088604733595366 -50.066916768124706
T00681 20.224719101123597 -51.42857142857143 22.315889648427152 -50.0669167681247 22.442430177509742 -52.7507575675321 18.007008024737495 -52.7507575675321 18.133548553820088 -50.0669167681247
T00682 24.269662921348313 -51.42857142857143 26.36083346865186 -50.0669167681247 26.48737399773446 -52.75075756753209 22.051951844962215 -52.7507575675321 22.178492374044808 -50.066916768124706
T00683 28.314606741573034 -51.42857142857143 30.405777288876582 -50.0669167681247 30.532317817959175 -52.75075756753209 26.096895665186928 -52.75075756753209 26.22343619426952 -50.0669167681247
T00684 32.359550561797754 -51.42857142857143 34.4507211091013 -50.0669167681247 34.5772616381839 -52.75075756753209 30.14183948541165 -52.7507575675321 30.26838001449424 -50.0669167681247
T00685 36.40449438202247 -51.42857142857143 38.495664929326026 -50.0669167681247 38.622205458408615 -52.7507575675321 34.186783305636375 -52.7507575675321 34.313323834718965 -50.0669167681247
T00686 40.449438202247194 -51.42857142857143 42.54060874955074 -50.0669167681247 42.66714927863334 -52.7507575675321 38.231727125861084 -52.7507575675321 38.35826765494368 -50.0669167681247
T00687 44.49438202247191 -51.42857142857143 46.58555256977546 -50.0669167681247 46.712093098858055 -52.7507575675321 42.2766709460858 -52.7507575675321 42.4032114751684 -50.0669167681247
T00688 48.53932584269663 -51.42857142857143 50.63049639000017 -50.0669167681247 50.75703691908277 -52.7507575675321 46.321614766310525 -52.7507575675321 46.448155295393114 -50.0669167681247
T00689 52.58426966292135 -51.42857142857143 54.675440210224906 -50.0669167681247 54.801980739307496 -52.7507575675321 50.366558586535255 -52.7507575675321 50.493099115617845 -50.0669167681247
T00690 56.62921348314607 -51.42857142857143 58.72038403044963 -50.066916768124706 58.84692455953222 -52.7507575675321 54.41150240675997 -52.7507575675321 54.53804293584256 -50.066916768124706
T00691 60.67415730337079 -51.42857142857143 62.76532785067433 -50.0669167681247 62.891868379756936 -52.75075756753209 58.456446226984696 -52.75075756753209 58.58298675606727 -50.0669167681247
T00692 64.71910112359551 -51.42857142857143 66.81027167089906 -50.0669167681247 66.93681219998165 -52.7507575675321 62.50139004720941 -52.75075756753209 62.627930576291995 -50.0669167681247
T00693 68.76404494382022 -51.42857142857143 70.85521549112377 -50.0669167681247 70.98175602020636 -52.7507575675321 66.54633386743413 -52.7507575675321 66.67287439651672 -50.0669167681247
T00694 72.80898876404494 -51.42857142857143 74.90015931134849 -50.0669167681247 75.02669984043108 -52.75075756753209 70.59127768765885 -52.75075756753209 70.71781821674143 -50.0669167681247
T00695 76.85393258426967 -51.42857142857143 78.94510313157322 -50.066916768124706 79.07164366065581 -52.7507575675321 74.63622150788356 -52.7507575675321 74.76276203696617 -50.0669167681247
T00696 80.89887640449439 -51.42857142857143 82.99004695179794 -50.0669167681247 83.11658748088053 -52.75075756753209 78.68116532810829 -52.75075756753209 78.80770585719088 -50.0669167681247
T00697 84.9438202247191 -51.42857142857143 87.03499077202265 -50.0669167681247 87.16153130110524 -52.75075756753209 82.726109148333 -52.7507575675321 82.8526496774156 -50.0669167681247
T00698 88.98876404494382 -51.42857142857143 91.07993459224737 -50.0669167681247 91.20647512132996 -52.7507575675321 86.77105296855771 -52.7507575675321 86.89759349764032 -50.0669167681247
T00699 93.03370786516854 -51.42857142857143 95.12487841247209 -50.0669167681247 95.25141894155468 -52.7507575675321 90.81599678878243 -52.7507575675321 90.94253731786503 -50.0669167681247
T00700 97.07865168539325 -51.42857142857143 99.1698222326968 -50.0669167681247 99.29636276177939 -52.7507575675321 94.86094060900714 -52.7507575675321 94.98748113808975 -50.0669167681247
T00701 101.12359550561798 -51.42857142857143 103.21476605292155 -50.0669167681247 103.34130658200414 -52.7507575675321 98.9058844292319 -52.7507575675321 99.0324249583145 -50.0669167681247
T00702 105.1685393258427 -51.42857142857143 107.25970987314626 -50.0669167681247 107.38625040222885 -52.7507575675321 102.95082824945662 -52.7507575675321 103.07736877853921 -50.0669167681247
T00703 109.21348314606742 -51.42857142857143 111.30465369337097 -50.0669167681247 111.43119422245357 -52.7507575675321 106.99577206968132 -52.75075756753209 107.12231259876393 -50.0669167681247
T00704 113.25842696629213 -51.42857142857143 115.3495975135957 -50.0669167681247 115.4761380426783 -52.7507575675321 111.04071588990604 -52.7507575675321 111.16725641898864 -50.0669167681247
T00705 117.30337078651685 -51.42857142857143 119.3945413338204 -50.0669167681247 119.52108186290297 -52.75075756753209 115.08565971013074 -52.7507575675321 115.21220023921335 -50.0669167681247
T00706 121.34831460674158 -51.42857142857143 123.43948515404513 -50.0669167681247 123.5660256831277 -52.75075756753209 119.13060353035547 -52.75075756753209 119.25714405943808 -50.0669167681247
T00707 125.39325842696628 -51.42857142857143 127.48442897426983 -50.0669167681247 127.61096950335241 -52.75075756753209 123.17554735058017 -52.7507575675321 123.30208787966278 -50.0669167681247
T00708 129.43820224719101 -51.42857142857143 131.52937279449458 -50.0669167681247 131.65591332357715 -52.7507575675321 127.2204911708049 -52.7507575675321 127.34703169988751 -50.0669167681247
T00709 133.48314606741573 -51.42857142857143 135.5743166147193 -50.0669167681247 135.7008571438019 -52.7507575675321 131.26543499102962 -52.7507575675321 131.39197552011223 -50.0669167681247
T00710 137.52808988764045 -51.42857142857143 139.619260434944 -50.0669167681247 139.74580096402659 -52.75075756753209 135.31037881125434 -52.75075756753209 135.43691934033694 -50.0669167681247
T00711 141.57303370786516 -51.42857142857143 143.66420425516873 -50.0669167681247 143.79074478425133 -52.7507575675321 139.35532263147905 -52.7507575675321 139.48186316056166 -50.0669167681247
T00712 145.61797752808988 -51.42857142857143 147.70914807539344 -50.0669167681247 147.83568860447602 -52.75075756753209 143.40026645170377 -52.75075756753209 143.52680698078638 -50.0669167681247
T00713 149.6629213483146 -51.42857142857143 151.75409189561816 -50.0669167681247 151.88063242470076 -52.7507575675321 147.4452102719285 -52.7507575675321 147.5717508010111 -50.0669167681247
T00714 153.70786516853934 -51.42857142857143 155.7990357158429 -50.0669167681247 155.92557624492548 -52.75075756753209 151.49015409215323 -52.7507575675321 151.61669462123584 -50.0669167681247
T00715 157.75280898876403 -51.42857142857143 159.8439795360676 -50.0669167681247 159.97052006515017 -52.7507575675321 155.53509791237792 -52.7507575675321 155.66163844146052 -50.0669167681247
T00716 161.79775280898878 -51.42857142857143 163.88892335629234 -50.066916768124706 164.0154638853749 -52.7507575675321 159.58004173260267 -52.7507575675321 159.70658226168527 -50.0669167681247
T00717 165.84269662921346 -51.42857142857143 167.93386717651703 -50.066916768124706 168.0604077055996 -52.7507575675321 163.62498555282735 -52.7507575675321 163.75152608190996 -50.066916768124706
T00718 169.8876404494382 -51.42857142857143 171.97881099674177 -50.0669167681247 172.10535152582435 -52.7507575675321 167.6699293730521 -52.75075756753209 167.7964699021347 -50.0669167681247
T00719 173.93258426966293 -51.42857142857143 176.0237548169665 -50.0669167681247 176.1502953460491 -52.75075756753209 171.71487319327682 -52.7507575675321 171.84141372235942 -50.0669167681247
T00720 177.97752808988764 -51.42857142857143 180.06869863719118 -50.0669167681247 180.19523916627378 -52.75075756753209 175.75981701350153 -52.75075756753209 175.88635754258414 -50.0669167681247
T00721 182.02247191011236 -51.42857142857143 184.1136424574159 -50.0669167681247 184.2401829864985 -52.7507575675321 179.80476083372625 -52.7507575675321 179.93130136280885 -50.0669167681247
T00722 186.06741573033707 -51.42857142857143 188.1585862776406 -50.0669167681247 188.2851268067232 -52.750757567532084 183.84970465395097 -52.750757567532084 183.97624518303354 -50.0669167681247
T00723 190.1123595505618 -51.42857142857143 192.20353009786533 -50.0669167681247 192.33007062694793 -52.7507575675321 187.89464847417568 -52.7507575675321 188.02118900325826 -50.0669167681247
T00724 194.1573033707865 -51.42857142857143 196.24847391809004 -50.0669167681247 196.37501444717265 -52.75075756753209 191.9395922944004 -52.7507575675321 192.06613282348297 -50.0669167681247
T00725 198.20224719101122 -51.42857142857143 200.29341773831476 -50.066916768124706 200.41995826739736 -52.7507575675321 195.98453611462512 -52.7507575675321 196.1110766437077 -50.066916768124706
T00726 202.24719101123597 -51.42857142857143 204.3383615585395 -50.0669167681247 204.4649020876221 -52.75075756753209 200.0294799348499 -52.7507575675321 200.15602046393246 -50.0669167681247
T00727 206.29213483146066 -51.42857142857143 208.38330537876422 -50.0669167681247 208.5098459078468 -52.7507575675321 204.07442375507455 -52.7507575675321 204.20096428415712 -50.0669167681247
T00728 210.3370786516854 -51.42857142857143 212.42824919898894 -50.0669167681247 212.55478972807154 -52.75075756753209 208.11936757529932 -52.7507575675321 208.2459081043819 -50.0669167681247
T00729 214.3820224719101 -51.42857142857143 216.47319301921362 -50.0669167681247 216.59973354829623 -52.7507575675321 212.16431139552398 -52.7507575675321 212.29085192460659 -50.0669167681247
T00730 218.42696629213484 -51.42857142857143 220.5181368394384 -50.0669167681247 220.64467736852097 -52.7507575675321 216.20925521574875 -52.7507575675321 216.33579574483133 -50.066916768124706
T00731 222.47191011235955 -51.42857142857143 224.5630806596631 -50.0669167681247 224.6896211887457 -52.75075756753209 220.25419903597344 -52.7507575675321 220.38073956505602 -50.0669167681247
T00732 226.51685393258427 -51.42857142857143 228.60802447988783 -50.0669167681247 228.7345650089704 -52.7507575675321 224.29914285619816 -52.7507575675321 224.42568338528076 -50.0669167681247
T00733 230.56179775280896 -51.42857142857143 232.65296830011252 -50.0669167681247 232.7795088291951 -52.7507575675321 228.34408667642282 -52.7507575675321 228.47062720550542 -50.0669167681247
T00734 234.6067415730337 -51.42857142857143 236.69791212033726 -50.0669167681247 236.8244526494198 -52.75075756753209 232.38903049664756 -52.7507575675321 232.51557102573014 -50.0669167681247
T00735 238.65168539325842 -51.42857142857143 240.74285594056198 -50.0669167681247 240.86939646964456 -52.75075756753209 236.43397431687228 -52.75075756753209 236.56051484595486 -50.0669167681247
T00736 242.69662921348316 -51.42857142857143 244.7877997607867 -50.0669167681247 244.91434028986927 -52.75075756753209 240.47891813709703 -52.7507575675321 240.6054586661796 -50.0669167681247
T00737 246.74157303370788 -51.42857142857143 248.83274358101144 -50.0669167681247 248.95928411009402 -52.7507575675321 244.52386195732174 -52.7507575675321 244.65040248640432 -50.0669167681247
T00738 250.78651685393257 -51.42857142857143 252.87768740123613 -50.0669167681247 253.00422793031868 -52.7507575675321 248.56880577754643 -52.7507575675321 248.69534630662906 -50.0669167681247
T00739 254.83146067415728 -51.42857142857143 256.92263122146085 -50.0669167681247 257.0491717505434 -52.7507575675321 252.61374959777115 -52.7507575675321 252.74029012685378 -50.0669167681247
T00740 258.87640449438203 -51.42857142857143 260.9675750416855 -50.0669167681247 261.09411557076817 -52.7507575675321 256.6586934179959 -52.7507575675321 256.7852339470785 -50.0669167681247
T00741 262.92134831460675 -51.42857142857143 265.0125188619103 -50.0669167681247 265.1390593909929 -52.7507575675321 260.70363723822067 -52.75075756753209 260.83017776730327 -50.0669167681247
T00742 266.96629213483146 -51.42857142857143 269.05746268213505 -50.0669167681247 269.1840032112176 -52.7507575675321 264.7485810584453 -52.7507575675321 264.875121587528 -50.0669167681247
T00743 271.0112359550562 -51.42857142857143 273.1024065023597 -50.0669167681247 273.2289470314423 -52.7507575675321 268.7935248786701 -52.7507575675321 268.9200654077527 -50.0669167681247
T00744 275.0561797752809 -51.42857142857143 277.14735032258443 -50.0669167681247 277.27389085166703 -52.7507575675321 272.83846869889476 -52.7507575675321 272.96500922797736 -50.0669167681247
T00745 279.1011235955056 -51.42857142857143 281.19229414280915 -50.0669167681247 281.31883467189175 -52.75075756753209 276.8834125191195 -52.7507575675321 277.00995304820214 -50.0669167681247
T00746 283.14606741573033 -51.42857142857143 285.2372379630339 -50.0669167681247 285.36377849211647 -52.7507575675321 280.9283563393442 -52.7507575675321 281.0548968684268 -50.066916768124706
T00747 287.19101123595505 -51.42857142857143 289.28218178325864 -50.066916768124706 289.4087223123412 -52.75075756753209 284.97330015956896 -52.75075756753209 285.09984068865157 -50.0669167681247
T00748 291.23595505617976 -51.42857142857143 293.3271256034833 -50.0669167681247 293.4536661325659 -52.75075756753209 289.0182439797936 -52.7507575675321 289.1447845088762 -50.0669167681247
T00749 295.2808988764045 -51.42857142857143 297.372069423708 -50.066916768124706 297.4986099527906 -52.7507575675321 293.0631878000184 -52.7507575675321 293.189728329101 -50.066916768124706
T00750 299.3258426966292 -51.42857142857143 301.41701324393273 -50.0669167681247 301.54355377301533 -52.75075756753209 297.1081316202431 -52.7507575675321 297.2346721493257 -50.066916768124706
T00751 303.3707865168539 -51.42857142857143 305.4619570641575 -50.0669167681247 305.58849759324005 -52.75075756753209 301.15307544046783 -52.75075756753209 301.27961596955043 -50.0669167681247
T00752 307.4157303370787 -51.42857142857143 309.50690088438216 -50.0669167681247 309.6334414134648 -52.7507575675321 305.19801926069255 -52.7507575675321 305.32455978977515 -50.066916768124706
T00753 311.46067415730334 -51.42857142857143 313.5518447046069 -50.0669167681247 313.6783852336895 -52.75075756753209 309.2429630809172 -52.7507575675321 309.36950360999987 -50.0669167681247
T00754 315.50561797752806 -51.42857142857143 317.59678852483165 -50.0669167681247 317.7233290539142 -52.7507575675321 313.2879069011419 -52.7507575675321 313.4144474302246 -50.0669167681247
T00755 319.55056179775283 -51.42857142857143 321.6417323450564 -50.0669167681247 321.768272874139 -52.7507575675321 317.33285072136675 -52.7507575675321 317.45939125044936 -50.0669167681247
T00756 323.59550561797755 -51.42857142857143 325.6866761652811 -50.0669167681247 325.8132166943637 -52.7507575675321 321.3777945415914 -52.7507575675321 321.504335070674 -50.0669167681247
T00757 327.64044943820227 -51.42857142857143 329.7316199855058 -50.0669167681247 329.8581605145884 -52.7507575675321 325.42273836181613 -52.75075756753209 325.54927889089873 -50.0669167681247
T00758 331.6853932584269 -51.42857142857143 333.7765638057305 -50.0669167681247 333.90310433481307 -52.75075756753209 329.46768218204085 -52.75075756753209 329.59422271112345 -50.0669167681247
T00759 335.7303370786517 -51.42857142857143 337.8215076259553 -50.0669167681247 337.94804815503784 -52.7507575675321 333.5126260022656 -52.7507575675321 333.6391665313482 -50.0669167681247
T00760 339.7752808988764 -51.42857142857143 341.86645144617995 -50.0669167681247 341.99299197526256 -52.75075756753209 337.5575698224903 -52.75075756753209 337.6841103515729 -50.0669167681247
T00761 343.82022471910113 -51.42857142857143 345.91139526640467 -50.066916768124706 346.0379357954873 -52.7507575675321 341.602513642715 -52.7507575675321 341.7290541717976 -50.066916768124706
T00762 347.86516853932585 -51.42857142857143 349.95633908662944 -50.0669167681247 350.082879615712 -52.7507575675321 345.6474574629397 -52.7507575675321 345.7739979920224 -50.0669167681247
T00763 351.91011235955057 -51.42857142857143 354.00128290685416 -50.0669167681247 354.1278234359367 -52.7507575675321 349.6924012831645 -52.7507575675321 349.8189418122471 -50.0669167681247
T00764 355.9550561797753 -51.42857142857143 358.0462267270788 -50.066916768124706 358.1727672561614 -52.7507575675321 353.73734510338915 -52.7507575675321 353.86388563247175 -50.066916768124706
T00765 0.0 -48.857142857142854 1.986713054900361 -47.49711461576402 2.0961693230495615 -50.18114883857273 357.90383067695046 -50.18114883857273 358.01328694509965 -47.49711461576402
T00766 3.8297872340425534 -48.857142857142854 5.816500288942915 -47.49711461576401 5.925956557092116 -50.18114883857273 1.733617910993035 -50.18114883857274 1.8430741791422336 -47.49711461576402
T00767 7.659574468085107 -48.857142857142854 9.646287522985464 -47.49711461576401 9.755743791134664 -50.181148838572724 5.563405145035584 -50.181148838572724 5.672861413184783 -47.49711461576401
T00768 11.48936170212766 -48.857142857142854 13.47607475702802 -47.497114615764005 13.585531025177222 -50.18114883857273 9.39319237907814 -50.18114883857273 9.502648647227337 -47.497114615764005
T00769 15.319148936170214 -48.857142857142854 17.305861991070575 -47.49711461576402 17.41531825921977 -50.18114883857273 13.22297961312069 -50.18114883857273 13.332435881269893 -47.49711461576402
T00770 19.148936170212767 -48.857142857142854 21.13564922511313 -47.49711461576402 21.245105493262333 -50.18114883857273 17.052766847163255 -50.18114883857274 17.162223115312454 -47.49711461576402
T00771 22.97872340425532 -48.857142857142854 24.96543645915568 -47.497114615764005 25.074892727304878 -50.181148838572724 20.8825540812058 -50.181148838572724 20.992010349354995 -47.497114615764005
T00772 26.80851063829787 -48.857142857142854 28.795223693198228 -47.49711461576401 28.904679961347433 -50.18114883857273 24.712341315248352 -50.181148838572724 24.821797583397547 -47.497114615764005
T00773 30.638297872340427 -48.857142857142854 32.62501092724079 -47.49711461576401 32.73446719538999 -50.18114883857274 28.542128549290904 -50.18114883857273 28.6515848174401 -47.49711461576401
T00774 34.46808510638298 -48.857142857142854 36.45479816128334 -47.49711461576402 36.56425442943255 -50.18114883857273 32.37191578333347 -50.18114883857274 32.48137205148266 -47.49711461576402
T00775 38.297872340425535 -48.857142857142854 40.284585395325884 -47.49711461576401 40.39404166347509 -50.181148838572724 36.20170301737602 -50.18114883857273 36.31115928552521 -47.497114615764005
T00776 42.12765957446808 -48.857142857142854 44.11437262936845 -47.49711461576401 44.22382889751765 -50.181148838572724 40.031490251418575 -50.18114883857273 40.14094651956777 -47.49711461576402
T00777 45.95744680851064 -48.857142857142854 47.944159863410995 -47.49711461576401 48.053616131560204 -50.18114883857274 43.86127748546112 -50.18114883857274 43.97073375361032 -47.49711461576401
T00778 49.787234042553195 -48.857142857142854 51.77394709745355 -47.49711461576402 51.88340336560275 -50.18114883857273 47.69106471950367 -50.18114883857274 47.80052098765287 -47.49711461576402
T00779 53.61702127659574 -48.857142857142854 55.603734331496106 -47.49711461576401 55.7131905996453 -50.181148838572724 51.52085195354622 -50.18114883857273 51.63030822169543 -47.49711461576401
T00780 57.4468085106383 -48.857142857142854 59.43352156553866 -47.49711461576401 59.54297783368786 -50.181148838572724 55.35063918758878 -50.18114883857273 55.46009545573798 -47.49711461576401
T00781 61.276595744680854 -48.857142857142854 63.26330879958122 -47.49711461576401 63.37276506773041 -50.18114883857273 59.18042642163134 -50.18114883857273 59.28988268978054 -47.49711461576402
T00782 65.1063829787234 -48.857142857142854 67.09309603362377 -47.49711461576402 67.20255230177295 -50.18114883857274 63.01021365567388 -50.18114883857274 63.11966992382308 -47.49711461576402
T00783 68.93617021276596 -48.857142857142854 70.92288326766632 -47.49711461576401 71.03233953581552 -50.18114883857273 66.84000088971645 -50.18114883857273 66.94945715786564 -47.49711461576401
T00784 72.76595744680851 -48.857142857142854 74.75267050170888 -47.49711461576401 74.86212676985808 -50.181148838572724 70.669788123759 -50.181148838572724 70.77924439190821 -47.49711461576401
T00785 76.59574468085107 -48.857142857142854 78.58245773575143 -47.49711461576401 78.69191400390064 -50.181148838572724 74.49957535780156 -50.181148838572724 74.60903162595076 -47.49711461576402
T00786 80.42553191489361 -48.857142857142854 82.41224496979397 -47.49711461576401 82.52170123794318 -50.18114883857273 78.3293625918441 -50.181148838572724 78.4388188599933 -47.49711461576401
T00787 84.25531914893617 -48.857142857142854 86.24203220383653 -47.49711461576401 86.35148847198573 -50.18114883857273 82.15914982588666 -50.18114883857273 82.26860609403586 -47.49711461576401
T00788 88.08510638297872 -48.857142857142854 90.07181943787909 -47.49711461576401 90.18127570602829 -50.18114883857273 85.9889370599292 -50.18114883857273 86.0983933280784 -47.49711461576401
T00789 91.91489361702128 -48.857142857142854 93.90160667192164 -47.49711461576401 94.01106294007084 -50.18114883857273 89.81872429397175 -50.18114883857273 89.92818056212096 -47.49711461576401
T00790 95.74468085106383 -48.857142857142854 97.7313939059642 -47.49711461576402 97.8408501741134 -50.18114883857273 93.64851152801432 -50.18114883857273 93.75796779616351 -47.49711461576402
T00791 99.57446808510639 -48.857142857142854 101.56118114000675 -47.49711461576401 101.67063740815595 -50.18114883857273 97.47829876205687 -50.18114883857273 97.58775503020605 -47.49711461576402
T00792 103.40425531914894 -48.857142857142854 105.39096837404931 -47.49711461576402 105.50042464219851 -50.181148838572724 101.30808599609942 -50.181148838572724 101.41754226424861 -47.49711461576401
T00793 107.23404255319149 -48.857142857142854 109.22075560809185 -47.49711461576401 109.33021187624105 -50.181148838572724 105.13787323014198 -50.18114883857273 105.24732949829117 -47.49711461576401
T00794 111.06382978723404 -48.857142857142854 113.0505428421344 -47.49711461576401 113.1599991102836 -50.18114883857273 108.96766046418452 -50.18114883857273 109.0771167323337 -47.49711461576401
T00795 114.8936170212766 -48.857142857142854 116.88033007617695 -47.49711461576401 116.98978634432616 -50.181148838572724 112.79744769822707 -50.18114883857273 112.90690396637626 -47.49711461576401
T00796 118.72340425531915 -48.857142857142854 120.7101173102195 -47.49711461576401 120.8195735783687 -50.181148838572724 116.62723493226962 -50.181148838572724 116.73669120041882 -47.49711461576401
T00797 122.55319148936171 -48.857142857142854 124.53990454426209 -47.49711461576401 124.64936081241126 -50.181148838572724 120.45702216631219 -50.18114883857273 120.56647843446137 -47.49711461576401
T00798 126.38297872340426 -48.857142857142854 128.3696917783046 -47.49711461576402 128.47914804645382 -50.18114883857274 124.28680940035474 -50.18114883857273 124.39626566850393 -47.49711461576402
T00799 130.2127659574468 -48.857142857142854 132.19947901234715 -47.49711461576401 132.30893528049637 -50.18114883857274 128.11659663439727 -50.18114883857273 128.22605290254648 -47.49711461576402
T00800 134.04255319148936 -48.857142857142854 136.0292662463897 -47.49711461576401 136.13872251453893 -50.18114883857273 131.94638386843982 -50.18114883857273 132.05584013658904 -47.49711461576401
T00801 137.87234042553192 -48.857142857142854 139.85905348043227 -47.49711461576401 139.96850974858148 -50.18114883857273 135.7761711024824 -50.181148838572724 135.8856273706316 -47.49711461576401
T00802 141.70212765957447 -48.857142857142854 143.68884071447482 -47.49711461576401 143.79829698262404 -50.18114883857273 139.60595833652496 -50.18114883857273 139.71541460467415 -47.49711461576401
T00803 145.53191489361703 -48.857142857142854 147.51862794851738 -47.49711461576401 147.6280842166666 -50.18114883857273 143.4357455705675 -50.18114883857273 143.5452018387167 -47.49711461576401
T00804 149.36170212765958 -48.857142857142854 151.34841518255993 -47.49711461576401 151.45787145070915 -50.18114883857273 147.26553280461005 -50.18114883857274 147.37498907275926 -47.49711461576401
T00805 153.19148936170214 -48.857142857142854 155.17820241660252 -47.497114615764005 155.2876586847517 -50.18114883857273 151.09532003865263 -50.18114883857273 151.20477630680182 -47.49711461576401
T00806 157.02127659574467 -48.857142857142854 159.00798965064502 -47.49711461576401 159.11744591879423 -50.18114883857273 154.92510727269516 -50.18114883857273 155.03456354084435 -47.49711461576401
T00807 160.85106382978722 -48.857142857142854 162.83777688468757 -47.49711461576401 162.9472331528368 -50.18114883857273 158.7548945067377 -50.18114883857273 158.8643507748869 -47.49711461576401
T00808 164.68085106382978 -48.857142857142854 166.66756411873013 -47.49711461576402 166.77702038687934 -50.18114883857273 162.58468174078027 -50.18114883857273 162.69413800892946 -47.49711461576402
T00809 168.51063829787233 -48.857142857142854 170.49735135277268 -47.49711461576401 170.6068076209219 -50.18114883857273 166.41446897482282 -50.18114883857274 166.523925242972 -47.49711461576401
T00810 172.3404255319149 -48.857142857142854 174.32713858681524 -47.49711461576402 174.43659485496445 -50.18114883857273 170.24425620886538 -50.18114883857273 170.35371247701457 -47.49711461576402
T00811 176.17021276595744 -48.857142857142854 178.1569258208578 -47.49711461576402 178.266382089007 -50.18114883857274 174.07404344290794 -50.18114883857274 174.18349971105712 -47.49711461576402
T00812 180.0 -48.857142857142854 181.98671305490035 -47.49711461576402 182.09616932304954 -50.18114883857273 177.9038306769505 -50.18114883857273 178.01328694509968 -47.49711461576402
T00813 183.82978723404256 -48.857142857142854 185.8165002889429 -47.49711461576402 185.9259565570921 -50.18114883857273 181.73361791099302 -50.18114883857274 181.84307417914223 -47.49711461576402
T00814 187.6595744680851 -48.857142857142854 189.64628752298546 -47.49711461576401 189.75574379113465 -50.181148838572724 185.56340514503557 -50.181148838572724 185.6728614131848 -47.49711461576401
T00815 191.48936170212767 -48.857142857142854 193.47607475702802 -47.497114615764005 193.5855310251772 -50.18114883857273 189.39319237907813 -50.18114883857273 189.50264864722735 -47.497114615764005
T00816 195.31914893617022 -48.857142857142854 197.30586199107057 -47.49711461576402 197.41531825921976 -50.18114883857273 193.22297961312069 -50.18114883857273 193.3324358812699 -47.49711461576402
T00817 199.14893617021278 -48.857142857142854 201.13564922511313 -47.49711461576402 201.24510549326234 -50.18114883857273 197.05276684716324 -50.18114883857274 197.16222311531246 -47.49711461576402
T00818 202.97872340425533 -48.857142857142854 204.96543645915568 -47.497114615764005 205.07489272730487 -50.181148838572724 200.8825540812058 -50.181148838572724 200.992010349355 -47.497114615764005
T00819 206.8085106382979 -48.857142857142854 208.79522369319824 -47.49711461576401 208.90467996134743 -50.18114883857273 204.71234131524835 -50.181148838572724 204.82179758339757 -47.497114615764005
T00820 210.63829787234044 -48.857142857142854 212.6250109272408 -47.49711461576401 212.73446719538998 -50.18114883857273 208.5421285492909 -50.18114883857273 208.6515848174401 -47.497114615764005
T00821 214.46808510638297 -48.857142857142854 216.45479816128332 -47.49711461576402 216.56425442943254 -50.18114883857274 212.37191578333344 -50.18114883857274 212.48137205148265 -47.49711461576402
T00822 218.29787234042553 -48.857142857142854 220.28458539532588 -47.49711461576402 220.39404166347506 -50.18114883857274 216.201703017376 -50.18114883857274 216.3111592855252 -47.49711461576401
T00823 222.12765957446808 -48.857142857142854 224.11437262936843 -47.49711461576402 224.22382889751762 -50.18114883857273 220.03149025141855 -50.18114883857273 220.14094651956776 -47.49711461576402
T00824 225.95744680851064 -48.857142857142854 227.944159863411 -47.49711461576401 228.0536161315602 -50.18114883857273 223.8612774854611 -50.18114883857273 223.97073375361032 -47.49711461576401
T00825 229.7872340425532 -48.857142857142854 231.77394709745357 -47.49711461576402 231.88340336560276 -50.18114883857274 227.69106471950366 -50.18114883857274 227.80052098765285 -47.49711461576402
T00826 233.61702127659578 -48.857142857142854 235.6037343314961 -47.49711461576401 235.7131905996453 -50.18114883857273 231.52085195354624 -50.18114883857274 231.63030822169543 -47.49711461576402
T00827 237.4468085106383 -48.857142857142854 239.43352156553863 -47.49711461576402 239.54297783368787 -50.18114883857273 235.3506391875888 -50.18114883857273 235.46009545573796 -47.49711461576402
T00828 241.2765957446809 -48.857142857142854 243.26330879958127 -47.49711461576401 243.37276506773043 -50.18114883857273 239.18042642163132 -50.18114883857273 239.28988268978054 -47.49711461576401
T00829 245.10638297872342 -48.857142857142854 247.09309603362374 -47.49711461576402 247.20255230177298 -50.18114883857274 243.01021365567385 -50.18114883857274 243.11966992382307 -47.49711461576402
T00830 248.93617021276594 -48.857142857142854 250.92288326766632 -47.49711461576401 251.0323395358155 -50.18114883857273 246.84000088971644 -50.18114883857273 246.9494571578656 -47.49711461576401
T00831 252.76595744680853 -48.857142857142854 254.75267050170885 -47.49711461576401 254.86212676985807 -50.181148838572724 250.669788123759 -50.181148838572724 250.77924439190818 -47.49711461576401
T00832 256.59574468085106 -48.857142857142854 258.58245773575135 -47.49711461576402 258.6919140039006 -50.18114883857273 254.49957535780152 -50.18114883857273 254.6090316259507 -47.49711461576402
T00833 260.4255319148936 -48.857142857142854 262.412244969794 -47.49711461576401 262.5217012379432 -50.18114883857273 258.32936259184413 -50.181148838572724 258.4388188599933 -47.49711461576402
T00834 264.25531914893617 -48.857142857142854 266.2420322038365 -47.49711461576401 266.3514884719857 -50.18114883857273 262.1591498258866 -50.18114883857273 262.2686060940358 -47.49711461576402
T00835 268.0851063829787 -48.857142857142854 270.07181943787907 -47.49711461576401 270.1812757060283 -50.18114883857273 265.98893705992924 -50.18114883857273 266.09839332807843 -47.49711461576401
T00836 271.9148936170213 -48.857142857142854 273.90160667192157 -47.49711461576401 274.0110629400708 -50.18114883857273 269.81872429397174 -50.18114883857273 269.92818056212093 -47.49711461576401
T00837 275.74468085106383 -48.857142857142854 277.73139390596424 -47.49711461576401 277.8408501741134 -50.18114883857273 273.6485115280143 -50.18114883857273 273.75796779616354 -47.49711461576402
T00838 279.5744680851064 -48.857142857142854 281.56118114000674 -47.49711461576401 281.6706374081559 -50.18114883857274 277.4782987620568 -50.18114883857273 277.58775503020604 -47.49711461576402
T00839 283.40425531914894 -48.857142857142854 285.3909683740493 -47.49711461576401 285.5004246421985 -50.181148838572724 281.30808599609946 -50.181148838572724 281.41754226424865 -47.49711461576401
T00840 287.2340425531915 -48.857142857142854 289.2207556080918 -47.49711461576401 289.33021187624104 -50.181148838572724 285.13787323014196 -50.18114883857273 285.24732949829115 -47.49711461576401
T00841 291.06382978723406 -48.857142857142854 293.05054284213446 -47.497114615764005 293.15999911028365 -50.181148838572724 288.9676604641845 -50.181148838572724 289.07711673233376 -47.49711461576401
T00842 294.8936170212766 -48.857142857142854 296.88033007617696 -47.49711461576401 296.98978634432615 -50.181148838572724 292.7974476982271 -50.18114883857273 292.90690396637626 -47.49711461576401
T00843 298.72340425531917 -48.857142857142854 300.7101173102195 -47.49711461576401 300.8195735783687 -50.18114883857273 296.6272349322697 -50.181148838572724 296.7366912004188 -47.49711461576401
T00844 302.5531914893617 -48.857142857142854 304.53990454426213 -47.49711461576402 304.6493608124113 -50.18114883857273 300.45702216631224 -50.18114883857273 300.56647843446143 -47.49711461576402
T00845 306.3829787234043 -48.857142857142854 308.3696917783046 -47.49711461576401 308.4791480464539 -50.18114883857273 304.2868094003548 -50.18114883857273 304.39626566850393 -47.49711461576401
T00846 310.21276595744683 -48.857142857142854 312.1994790123472 -47.49711461576402 312.3089352804964 -50.18114883857274 308.11659663439735 -50.18114883857274 308.22605290254654 -47.49711461576402
T00847 314.04255319148933 -48.857142857142854 316.0292662463897 -47.49711461576401 316.1387225145389 -50.18114883857273 311.94638386843985 -50.18114883857274 312.05584013658904 -47.49711461576401
T00848 317.87234042553195 -48.857142857142854 319.8590534804323 -47.49711461576402 319.96850974858154 -50.18114883857273 315.77617110248246 -50.18114883857273 315.88562737063165 -47.49711461576401
T00849 321.70212765957444 -48.857142857142854 323.6888407144748 -47.49711461576402 323.79829698262404 -50.18114883857273 319.60595833652496 -50.18114883857273 319.71541460467415 -47.49711461576402
T00850 325.53191489361706 -48.857142857142854 327.5186279485174 -47.49711461576401 327.62808421666665 -50.18114883857273 323.4357455705676 -50.18114883857274 323.54520183871676 -47.49711461576402
T00851 329.36170212765956 -48.857142857142854 331.34841518255996 -47.49711461576401 331.45787145070915 -50.18114883857273 327.2655328046101 -50.18114883857274 327.3749890727592 -47.49711461576401
T00852 333.19148936170217 -48.857142857142854 335.1782024166025 -47.49711461576401 335.28765868475176 -50.18114883857273 331.0953200386527 -50.18114883857274 331.2047763068019 -47.49711461576401
T00853 337.02127659574467 -48.857142857142854 339.007989650645 -47.49711461576401 339.11744591879426 -50.18114883857273 334.92510727269513 -50.18114883857273 335.0345635408443 -47.49711461576401
T00854 340.8510638297872 -48.857142857142854 342.83777688468757 -47.49711461576401 342.9472331528368 -50.18114883857273 338.75489450673774 -50.18114883857273 338.86435077488693 -47.49711461576402
T00855 344.6808510638298 -48.857142857142854 346.6675641187301 -47.49711461576402 346.7770203868793 -50.18114883857273 342.58468174078024 -50.18114883857273 342.69413800892943 -47.49711461576401
T00856 348.51063829787233 -48.857142857142854 350.4973513527727 -47.497114615764005 350.6068076209219 -50.18114883857273 346.41446897482285 -50.18114883857273 346.52392524297204 -47.49711461576401
T00857 352.3404255319149 -48.857142857142854 354.32713858681524 -47.49711461576402 354.4365948549644 -50.18114883857273 350.24425620886535 -50.18114883857273 350.35371247701454 -47.49711461576402
T00858 356.17021276595744 -48.857142857142854 358.1569258208578 -47.49711461576402 358.26638208900704 -50.18114883857274 354.07404344290796 -50.18114883857274 354.18349971105715 -47.49711461576402
T00859 0.0 -46.285714285714285 1.8958246366008 -44.92716054646097 1.991050662561329 -47.61135413271872 358.0089493374387 -47.61135413271872 358.10417536339924 -44.92716054646097
T00860 3.6734693877551017 -46.285714285714285 5.5692940243559015 -44.92716054646097 5.664520050316431 -47.61135413271872 1.682418725193813 -47.61135413271872 1.7776447511543405 -44.92716054646097
T00861 7.346938775510203 -46.285714285714285 9.242763412111003 -44.92716054646096 9.337989438071533 -47.61135413271872 5.355888112948914 -47.61135413271872 5.451114138909442 -44.92716054646096
T00862 11.020408163265305 -46.285714285714285 12.916232799866105 -44.92716054646097 13.011458825826633 -47.61135413271872 9.029357500704014 -47.61135413271872 9.124583526664543 -44.92716054646097
T00863 14.693877551020407 -46.285714285714285 16.589702187621203 -44.92716054646096 16.684928213581735 -47.61135413271872 12.702826888459118 -47.61135413271872 12.798052914419644 -44.92716054646097
T00864 18.36734693877551 -46.285714285714285 20.263171575376315 -44.927160546460975 20.358397601336836 -47.61135413271872 16.37629627621422 -47.61135413271872 16.471522302174748 -44.927160546460975
T00865 22.04081632653061 -46.285714285714285 23.93664096313141 -44.92716054646097 24.031866989091938 -47.61135413271872 20.04976566396932 -47.61135413271872 20.144991689929846 -44.92716054646097
T00866 25.714285714285715 -46.285714285714285 27.61011035088651 -44.92716054646096 27.70533637684704 -47.61135413271872 23.723235051724423 -47.61135413271872 23.818461077684947 -44.92716054646096
T00867 29.387755102040813 -46.285714285714285 31.28357973864161 -44.92716054646096 31.37880576460214 -47.61135413271872 27.396704439479528 -47.61135413271872 27.491930465440053 -44.92716054646096
T00868 33.06122448979591 -46.285714285714285 34.95704912639671 -44.92716054646096 35.05227515235724 -47.61135413271872 31.070173827234626 -47.61135413271872 31.16539985319515 -44.92716054646096
T00869 36.73469387755102 -46.285714285714285 38.63051851415181 -44.92716054646096 38.72574454011235 -47.61135413271872 34.743643214989724 -47.61135413271872 34.83886924095025 -44.92716054646096
T00870 40.40816326530612 -46.285714285714285 42.30398790190692 -44.92716054646096 42.39921392786746 -47.61135413271872 38.41711260274484 -47.61135413271872 38.512338628705365 -44.92716054646097
T00871 44.08163265306122 -46.285714285714285 45.97745728966203 -44.92716054646097 46.072683315622555 -47.61135413271872 42.09058199049994 -47.61135413271872 42.18580801646046 -44.92716054646097
T00872 47.75510204081632 -46.285714285714285 49.650926677417125 -44.92716054646096 49.746152703377646 -47.61135413271872 45.76405137825504 -47.61135413271872 45.85927740421556 -44.92716054646097
T00873 51.42857142857143 -46.285714285714285 53.324396065172216 -44.92716054646097 53.41962209113275 -47.61135413271872 49.43752076601013 -47.61135413271872 49.53274679197066 -44.92716054646097
T00874 55.10204081632653 -46.285714285714285 56.99786545292733 -44.92716054646097 57.09309147888786 -47.61135413271872 53.110990153765236 -47.61135413271872 53.20621617972576 -44.92716054646097
T00875 58.77551020408163 -46.285714285714285 60.67133484068242 -44.92716054646097 60.766560866642955 -47.61135413271872 56.784459541520334 -47.61135413271873 56.87968556748086 -44.92716054646097
T00876 62.44897959183673 -46.285714285714285 64.34480422843754 -44.92716054646097 64.44003025439805 -47.61135413271873 60.45792892927544 -47.61135413271872 60.55315495523596 -44.92716054646097
T00877 66.12244897959182 -46.285714285714285 68.01827361619263 -44.92716054646097 68.11349964215316 -47.61135413271872 64.13139831703054 -47.61135413271872 64.22662434299106 -44.92716054646097
T00878 69.79591836734693 -46.285714285714285 71.69174300394774 -44.92716054646097 71.78696902990826 -47.61135413271872 67.80486770478564 -47.61135413271872 67.90009373074616 -44.92716054646097
T00879 73.46938775510203 -46.285714285714285 75.36521239170283 -44.92716054646097 75.46043841766335 -47.61135413271872 71.47833709254074 -47.61135413271872 71.57356311850127 -44.92716054646096
T00880 77.14285714285714 -46.285714285714285 79.03868177945795 -44.92716054646097 79.13390780541847 -47.61135413271872 75.15180648029585 -47.61135413271872 75.24703250625639 -44.92716054646097
T00881 80.81632653061224 -46.285714285714285 82.71215116721305 -44.92716054646097 82.80737719317356 -47.61135413271872 78.82527586805095 -47.61135413271872 78.92050189401148 -44.92716054646097
T00882 84.48979591836735 -46.285714285714285 86.38562055496816 -44.92716054646096 86.48084658092868 -47.61135413271872 82.49874525580607 -47.61135413271872 82.59397128176658 -44.92716054646096
T00883 88.16326530612244 -46.285714285714285 90.05908994272325 -44.92716054646097 90.15431596868378 -47.61135413271872 86.17221464356115 -47.61135413271872 86.26744066952168 -44.92716054646096
T00884 91.83673469387755 -46.285714285714285 93.73255933047835 -44.92716054646096 93.82778535643887 -47.61135413271872 89.84568403131625 -47.61135413271872 89.94091005727678 -44.92716054646097
T00885 95.51020408163264 -46.285714285714285 97.40602871823344 -44.92716054646096 97.50125474419397 -47.61135413271872 93.51915341907136 -47.61135413271872 93.61437944503187 -44.92716054646096
T00886 99.18367346938774 -46.285714285714285 101.07949810598855 -44.92716054646096 101.17472413194908 -47.61135413271872 97.19262280682645 -47.61135413271872 97.28784883278698 -44.92716054646096
T00887 102.85714285714286 -46.285714285714285 104.75296749374365 -44.92716054646097 104.84819351970418 -47.61135413271872 100.86609219458157 -47.61135413271872 100.9613182205421 -44.92716054646097
T00888 106.53061224489795 -46.285714285714285 108.42643688149876 -44.92716054646097 108.52166290745929 -47.61135413271872 104.53956158233667 -47.61135413271872 104.63478760829719 -44.92716054646097
T00889 110.20408163265306 -46.285714285714285 112.09990626925386 -44.92716054646096 112.19513229521438 -47.61135413271872 108.21303097009176 -47.61135413271872 108.3082569960523 -44.92716054646097
T00890 113.87755102040816 -46.285714285714285 115.77337565700897 -44.92716054646096 115.8686016829695 -47.61135413271872 111.88650035784688 -47.61135413271872 111.9817263838074 -44.92716054646097
T00891 117.55102040816325 -46.285714285714285 119.44684504476406 -44.92716054646097 119.54207107072459 -47.61135413271872 115.55996974560198 -47.61135413271873 115.6551957715625 -44.92716054646097
T00892 121.22448979591837 -46.285714285714285 123.12031443251918 -44.92716054646097 123.2155404584797 -47.61135413271872 119.2334391333571 -47.61135413271873 119.32866515931762 -44.92716054646097
T00893 124.89795918367346 -46.285714285714285 126.79378382027426 -44.92716054646097 126.88900984623479 -47.61135413271872 122.90690852111216 -47.61135413271872 123.0021345470727 -44.92716054646096
T00894 128.57142857142858 -46.285714285714285 130.4672532080294 -44.92716054646097 130.56247923398993 -47.61135413271872 126.58037790886732 -47.61135413271872 126.67560393482785 -44.92716054646097
T00895 132.24489795918365 -46.285714285714285 134.14072259578447 -44.92716054646097 134.235948621745 -47.61135413271872 130.25384729662235 -47.61135413271872 130.34907332258288 -44.92716054646097
T00896 135.91836734693877 -46.285714285714285 137.8141919835396 -44.92716054646097 137.9094180095001 -47.61135413271872 133.9273166843775 -47.61135413271872 134.02254271033803 -44.92716054646097
T00897 139.59183673469386 -46.285714285714285 141.48766137129465 -44.92716054646096 141.58288739725518 -47.61135413271872 137.6007860721326 -47.61135413271872 137.6960120980931 -44.92716054646096
T00898 143.26530612244898 -46.285714285714285 145.16113075904977 -44.92716054646097 145.2563567850103 -47.61135413271872 141.27425545988768 -47.61135413271872 141.3694814858482 -44.92716054646097
T00899 146.93877551020407 -46.285714285714285 148.83460014680486 -44.92716054646097 148.9298261727654 -47.61135413271872 144.94772484764277 -47.61135413271872 145.0429508736033 -44.92716054646097
T00900 150.61224489795916 -46.285714285714285 152.50806953455998 -44.92716054646097 152.6032955605205 -47.61135413271872 148.62119423539787 -47.61135413271872 148.71642026135842 -44.92716054646097
T00901 154.28571428571428 -46.285714285714285 156.1815389223151 -44.92716054646096 156.2767649482756 -47.61135413271872 152.294663623153 -47.61135413271872 152.38988964911354 -44.92716054646097
T00902 157.95918367346937 -46.285714285714285 159.8550083100702 -44.92716054646096 159.9502343360307 -47.61135413271872 155.9681330109081 -47.61135413271872 156.06335903686863 -44.92716054646096
T00903 161.6326530612245 -46.285714285714285 163.52847769782528 -44.92716054646097 163.6237037237858 -47.61135413271872 159.6416023986632 -47.61135413271872 159.73682842462372 -44.927160546460975
T00904 165.30612244897958 -46.285714285714285 167.20194708558037 -44.92716054646097 167.2971731115409 -47.61135413271872 163.3150717864183 -47.61135413271872 163.41029781237881 -44.92716054646096
T00905 168.9795918367347 -46.285714285714285 170.87541647333552 -44.92716054646097 170.97064249929605 -47.61135413271872 166.98854117417343 -47.61135413271872 167.08376720013396 -44.92716054646097
T00906 172.65306122448976 -46.285714285714285 174.54888586109058 -44.92716054646096 174.6441118870511 -47.61135413271872 170.66201056192847 -47.61135413271872 170.75723658788903 -44.92716054646097
T00907 176.32653061224488 -46.285714285714285 178.2223552488457 -44.92716054646096 178.3175812748062 -47.61135413271872 174.33547994968362 -47.61135413271872 174.43070597564414 -44.92716054646096
T00908 180.0 -46.285714285714285 181.89582463660076 -44.92716054646097 181.99105066256132 -47.61135413271872 178.00894933743874 -47.61135413271872 178.10417536339924 -44.92716054646097
T00909 183.6734693877551 -46.285714285714285 185.56929402435586 -44.92716054646097 185.66452005031638 -47.61135413271872 181.6824187251938 -47.61135413271872 181.7776447511543 -44.92716054646097
T00910 187.3469387755102 -46.285714285714285 189.242763412111 -44.92716054646097 189.33798943807156 -47.61135413271872 185.35588811294892 -47.61135413271872 185.45111413890945 -44.92716054646097
T00911 191.02040816326527 -46.285714285714285 192.91623279986607 -44.92716054646097 193.01145882582662 -47.61135413271872 189.02935750070398 -47.61135413271872 189.1245835266645 -44.92716054646097
T00912 194.6938775510204 -46.285714285714285 196.58970218762119 -44.92716054646096 196.6849282135817 -47.61135413271872 192.7028268884591 -47.61135413271872 192.79805291441963 -44.92716054646097
T00913 198.36734693877548 -46.285714285714285 200.26317157537628 -44.92716054646097 200.35839760133678 -47.61135413271872 196.3762962762142 -47.61135413271872 196.47152230217472 -44.92716054646097
T00914 202.0408163265306 -46.285714285714285 203.9366409631314 -44.92716054646097 204.03186698909192 -47.61135413271873 200.0497656639693 -47.61135413271873 200.1449916899298 -44.92716054646097
T00915 205.71428571428572 -46.285714285714285 207.6101103508865 -44.92716054646096 207.70533637684701 -47.61135413271872 203.7232350517244 -47.61135413271872 203.81846107768493 -44.92716054646096
T00916 209.3877551020408 -46.285714285714285 211.2835797386416 -44.92716054646097 211.37880576460216 -47.61135413271872 207.39670443947952 -47.61135413271872 207.49193046544005 -44.92716054646097
T00917 213.0612244897959 -46.285714285714285 214.9570491263967 -44.92716054646097 215.05227515235723 -47.61135413271872 211.0701738272346 -47.61135413271872 211.16539985319514 -44.92716054646096
T00918 216.734693877551 -46.285714285714285 218.6305185141518 -44.92716054646097 218.72574454011232 -47.61135413271872 214.7436432149897 -47.61135413271872 214.83886924095023 -44.92716054646097
T00919 220.40816326530611 -46.285714285714285 222.30398790190688 -44.92716054646096 222.3992139278674 -47.61135413271872 218.41711260274482 -47.61135413271872 218.51233862870535 -44.92716054646096
T00920 224.0816326530612 -46.285714285714285 225.97745728966197 -44.92716054646097 226.07268331562253 -47.61135413271872 222.0905819904999 -47.61135413271872 222.1858080164604 -44.92716054646096
T00921 227.75510204081633 -46.285714285714285 229.6509266774171 -44.92716054646097 229.74615270337765 -47.61135413271872 225.76405137825503 -47.61135413271872 225.85927740421556 -44.92716054646097
T00922 231.42857142857142 -46.285714285714285 233.32439606517218 -44.92716054646097 233.41962209113274 -47.61135413271872 229.43752076601012 -47.61135413271872 229.53274679197068 -44.92716054646097
T00923 235.1020408163265 -46.285714285714285 236.99786545292727 -44.92716054646097 237.09309147888783 -47.61135413271872 233.11099015376521 -47.61135413271872 233.20621617972577 -44.92716054646097
T00924 238.7755102040816 -46.285714285714285 240.67133484068236 -44.92716054646096 240.7665608666429 -47.61135413271872 236.7844595415203 -47.61135413271872 236.87968556748086 -44.92716054646097
T00925 242.44897959183675 -46.285714285714285 244.34480422843754 -44.92716054646096 244.4400302543981 -47.61135413271872 240.45792892927543 -47.61135413271872 240.55315495523593 -44.92716054646097
T00926 246.12244897959184 -46.285714285714285 248.01827361619263 -44.92716054646097 248.11349964215313 -47.61135413271872 244.13139831703052 -47.61135413271872 244.22662434299102 -44.92716054646096
T00927 249.79591836734693 -46.285714285714285 251.69174300394772 -44.92716054646096 251.78696902990822 -47.61135413271872 247.8048677047856 -47.61135413271872 247.9000937307461 -44.92716054646096
T00928 253.469387755102 -46.285714285714285 255.3652123917028 -44.92716054646097 255.4604384176633 -47.61135413271872 251.4783370925407 -47.61135413271872 251.5735631185012 -44.92716054646097
T00929 257.14285714285717 -46.285714285714285 259.038681779458 -44.92716054646097 259.1339078054185 -47.61135413271872 255.1518064802959 -47.61135413271872 255.2470325062564 -44.92716054646097
T00930 260.81632653061223 -46.285714285714285 262.71215116721305 -44.92716054646097 262.8073771931735 -47.61135413271872 258.82527586805094 -47.61135413271872 258.92050189401147 -44.92716054646097
T00931 264.4897959183673 -46.285714285714285 266.3856205549681 -44.92716054646096 266.48084658092864 -47.61135413271872 262.498745255806 -47.61135413271872 262.5939712817666 -44.92716054646096
T00932 268.16326530612247 -46.285714285714285 270.05908994272323 -44.92716054646097 270.15431596868376 -47.61135413271872 266.1722146435612 -47.61135413271872 266.26744066952165 -44.92716054646096
T00933 271.83673469387753 -46.285714285714285 273.73255933047835 -44.92716054646096 273.8277853564388 -47.61135413271872 269.84568403131624 -47.61135413271872 269.94091005727677 -44.92716054646097
T00934 275.51020408163265 -46.285714285714285 277.4060287182335 -44.92716054646097 277.501254744194 -47.61135413271872 273.51915341907136 -47.61135413271872 273.61437944503194 -44.92716054646097
T00935 279.1836734693877 -46.285714285714285 281.07949810598853 -44.92716054646097 281.174724131949 -47.61135413271872 277.1926228068264 -47.61135413271872 277.2878488327869 -44.92716054646097
T00936 282.85714285714283 -46.285714285714285 284.75296749374365 -44.92716054646097 284.8481935197042 -47.61135413271872 280.86609219458154 -47.61135413271873 280.9613182205421 -44.927160546460975
T00937 286.53061224489795 -46.285714285714285 288.4264368814988 -44.92716054646096 288.52166290745924 -47.61135413271872 284.53956158233666 -47.61135413271872 284.6347876082972 -44.92716054646097
T00938 290.204081632653 -46.285714285714285 292.09990626925384 -44.92716054646096 292.1951322952143 -47.61135413271872 288.2130309700917 -47.61135413271872 288.30825699605225 -44.92716054646097
T00939 293.87755102040813 -46.285714285714285 295.7733756570089 -44.92716054646097 295.8686016829694 -47.61135413271872 291.88650035784684 -47.61135413271872 291.98172638380737 -44.92716054646097
T00940 297.55102040816325 -46.285714285714285 299.4468450447641 -44.92716054646096 299.54207107072455 -47.61135413271872 295.55996974560196 -47.61135413271872 295.65519577156243 -44.92716054646097
T00941 301.2244897959183 -46.285714285714285 303.12031443251914 -44.92716054646097 303.21554045847967 -47.61135413271872 299.233439133357 -47.61135413271872 299.32866515931755 -44.92716054646097
T00942 304.89795918367344 -46.285714285714285 306.79378382027426 -44.92716054646097 306.8890098462347 -47.61135413271872 302.90690852111214 -47.61135413271872 303.0021345470726 -44.92716054646097
T00943 308.57142857142856 -46.285714285714285 310.4672532080294 -44.92716054646097 310.56247923398985 -47.61135413271872 306.58037790886726 -47.61135413271872 306.6756039348278 -44.92716054646097
T00944 312.2448979591837 -46.285714285714285 314.14072259578444 -44.92716054646097 314.23594862174497 -47.61135413271872 310.2538472966224 -47.61135413271872 310.3490733225829 -44.92716054646096
T00945 315.91836734693874 -46.285714285714285 317.81419198353956 -44.92716054646096 317.90941800950003 -47.61135413271872 313.92731668437744 -47.61135413271872 314.022542710338 -44.92716054646096
T00946 319.59183673469386 -46.285714285714285 321.4876613712947 -44.92716054646096 321.5828873972552 -47.61135413271872 317.60078607213256 -47.61135413271872 317.69601209809315 -44.92716054646096
T00947 323.265306122449 -46.285714285714285 325.1611307590498 -44.92716054646096 325.25635678501027 -47.61135413271872 321.2742554598877 -47.61135413271872 321.3694814858482 -44.92716054646097
T00948 326.93877551020404 -46.285714285714285 328.83460014680486 -44.92716054646096 328.9298261727654 -47.61135413271872 324.94772484764275 -47.61135413271872 325.0429508736033 -44.92716054646097
T00949 330.61224489795916 -46.285714285714285 332.5080695345599 -44.92716054646097 332.60329556052045 -47.61135413271872 328.62119423539787 -47.61135413271872 328.7164202613584 -44.92716054646096
T00950 334.2857142857143 -46.285714285714285 336.1815389223151 -44.92716054646096 336.27676494827557 -47.61135413271872 332.294663623153 -47.61135413271872 332.3898896491135 -44.92716054646097
T00951 337.9591836734694 -46.285714285714285 339.8550083100702 -44.92716054646096 339.95023433603075 -47.61135413271872 335.9681330109081 -47.61135413271872 336.0633590368687 -44.92716054646096
T00952 341.63265306122446 -46.285714285714285 343.5284776978253 -44.927160546460975 343.62370372378575 -47.61135413271872 339.64160239866317 -47.61135413271872 339.7368284246237 -44.927160546460975
T00953 345.3061224489795 -46.285714285714285 347.20194708558034 -44.92716054646097 347.29717311154087 -47.61135413271872 343.31507178641823 -47.61135413271872 343.4102978123788 -44.92716054646096
T00954 348.9795918367347 -46.285714285714285 350.87541647333546 -44.92716054646096 350.970642499296 -47.61135413271872 346.9885411741734 -47.61135413271872 347.08376720013393 -44.92716054646097
T00955 352.65306122448976 -46.285714285714285 354.5488858610906 -44.92716054646096 354.64411188705105 -47.61135413271872 350.66201056192847 -47.61135413271872 350.757236587889 -44.92716054646096
T00956 356.3265306122449 -46.285714285714285 358.2223552488457 -44.92716054646096 358.31758127480623 -47.61135413271872 354.3354799496836 -47.61135413271872 354.4307059756442 -44.92716054646096
T00957 0.0 -43.714285714285715 1.81638119502216 -42.35708007091478 1.8996079227534153 -45.04140623104628 358.1003920772466 -45.04140623104628 358.1836188049779 -42.35708007091478
T00958 3.5294117647058822 -43.714285714285715 5.345792959728041 -42.35708007091478 5.429019687459297 -45.04140623104628 1.6298038419525045 -45.04140623104628 1.7130305696837587 -42.35708007091478
T00959 7.0588235294117645 -43.714285714285715 8.875204724433924 -42.35708007091478 8.95843145216518 -45.04140623104629 5.159215606658389 -45.04140623104629 5.242442334389642 -42.35708007091478
T00960 10.588235294117647 -43.714285714285715 12.404616489139812 -42.35708007091479 12.487843216871065 -45.04140623104629 8.688627371364273 -45.04140623104628 8.771854099095526 -42.35708007091478
T00961 14.117647058823529 -43.714285714285715 15.934028253845693 -42.35708007091478 16.017254981576947 -45.04140623104628 12.218039136070152 -45.04140623104628 12.301265863801406 -42.35708007091478
T00962 17.647058823529413 -43.714285714285715 19.463440018551573 -42.35708007091478 19.54666674628283 -45.04140623104628 15.74745090077604 -45.04140623104628 15.830677628507292 -42.35708007091478
T00963 21.176470588235293 -43.714285714285715 22.992851783257457 -42.35708007091478 23.076078510988708 -45.04140623104628 19.276862665481914 -45.04140623104628 19.360089393213173 -42.35708007091478
T00964 24.705882352941178 -43.714285714285715 26.522263547963338 -42.35708007091478 26.6054902756946 -45.04140623104628 22.806274430187802 -45.04140623104629 22.88950115791905 -42.35708007091478
T00965 28.235294117647058 -43.714285714285715 30.051675312669225 -42.35708007091479 30.134902040400476 -45.04140623104628 26.335686194893682 -45.04140623104628 26.418912922624937 -42.35708007091478
T00966 31.764705882352942 -43.714285714285715 33.5810870773751 -42.35708007091478 33.664313805106346 -45.04140623104628 29.865097959599556 -45.04140623104628 29.948324687330814 -42.35708007091479
T00967 35.294117647058826 -43.714285714285715 37.110498842080986 -42.35708007091478 37.19372556981224 -45.04140623104628 33.39450972430544 -45.04140623104628 33.4777364520367 -42.35708007091478
T00968 38.8235294117647 -43.714285714285715 40.63991060678687 -42.35708007091478 40.72313733451813 -45.04140623104628 36.92392148901133 -45.04140623104629 37.007148216742586 -42.35708007091478
T00969 42.35294117647059 -43.714285714285715 44.169322371492754 -42.35708007091478 44.252549099224005 -45.04140623104628 40.45333325371721 -45.04140623104628 40.53655998144847 -42.35708007091478
T00970 45.88235294117647 -43.714285714285715 47.69873413619863 -42.35708007091478 47.78196086392989 -45.04140623104628 43.9827450184231 -45.04140623104628 44.06597174615435 -42.35708007091478
T00971 49.411764705882355 -43.714285714285715 51.228145900904515 -42.35708007091478 51.31137262863577 -45.04140623104628 47.51215678312898 -45.04140623104628 47.59538351086022 -42.35708007091478
T00972 52.94117647058823 -43.714285714285715 54.75755766561039 -42.35708007091478 54.84078439334165 -45.04140623104628 51.041568547834856 -45.04140623104628 51.12479527556611 -42.35708007091478
T00973 56.470588235294116 -43.714285714285715 58.286969430316276 -42.35708007091478 58.370196158047534 -45.04140623104628 54.57098031254074 -45.04140623104628 54.654207040272 -42.35708007091478
T00974 59.99999999999999 -43.714285714285715 61.81638119502216 -42.357080070914776 61.89960792275342 -45.04140623104628 58.10039207724661 -45.04140623104628 58.18361880497787 -42.35708007091478
T00975 63.529411764705884 -43.714285714285715 65.34579295972804 -42.357080070914776 65.4290196874593 -45.04140623104628 61.62980384195251 -45.04140623104628 61.71303056968377 -42.357080070914776
T00976 67.05882352941177 -43.714285714285715 68.87520472443393 -42.357080070914776 68.95843145216519 -45.04140623104628 65.15921560665839 -45.04140623104628 65.24244233438964 -42.357080070914776
T00977 70.58823529411765 -43.714285714285715 72.40461648913981 -42.35708007091479 72.48784321687107 -45.04140623104629 68.68862737136426 -45.04140623104629 68.77185409909552 -42.35708007091479
T00978 74.11764705882352 -43.714285714285715 75.93402825384568 -42.35708007091478 76.01725498157693 -45.04140623104628 72.21803913607015 -45.04140623104628 72.30126586380139 -42.35708007091478
T00979 77.6470588235294 -43.714285714285715 79.46344001855157 -42.35708007091478 79.54666674628282 -45.04140623104629 75.74745090077603 -45.04140623104629 75.83067762850729 -42.35708007091478
T00980 81.17647058823529 -43.714285714285715 82.99285178325746 -42.35708007091479 83.07607851098871 -45.04140623104628 79.27686266548193 -45.04140623104628 79.36008939321317 -42.35708007091479
T00981 84.70588235294117 -43.714285714285715 86.52226354796335 -42.35708007091479 86.6054902756946 -45.04140623104628 82.80627443018781 -45.04140623104628 82.88950115791906 -42.35708007091478
T00982 88.23529411764706 -43.714285714285715 90.05167531266923 -42.35708007091479 90.13490204040049 -45.04140623104628 86.33568619489368 -45.04140623104629 86.41891292262494 -42.35708007091479
T00983 91.76470588235294 -43.714285714285715 93.58108707737512 -42.35708007091479 93.66431380510637 -45.04140623104628 89.86509795959957 -45.04140623104628 89.94832468733082 -42.35708007091479
T00984 95.29411764705883 -43.714285714285715 97.110498842081 -42.35708007091479 97.19372556981224 -45.04140623104629 93.39450972430546 -45.04140623104628 93.47773645203671 -42.35708007091479
T00985 98.82352941176471 -43.714285714285715 100.63991060678687 -42.35708007091479 100.72313733451813 -45.04140623104629 96.92392148901133 -45.04140623104629 97.00714821674258 -42.35708007091479
T00986 102.3529411764706 -43.714285714285715 104.16932237149275 -42.35708007091479 104.25254909922401 -45.04140623104629 100.45333325371722 -45.04140623104629 100.53655998144846 -42.35708007091479
T00987 105.88235294117646 -43.714285714285715 107.69873413619862 -42.35708007091478 107.78196086392987 -45.04140623104628 103.98274501842307 -45.04140623104628 104.06597174615433 -42.35708007091478
T00988 109.41176470588235 -43.714285714285715 111.2281459009045 -42.35708007091478 111.31137262863575 -45.04140623104628 107.51215678312896 -45.04140623104628 107.59538351086022 -42.35708007091478
T00989 112.94117647058823 -43.714285714285715 114.75755766561039 -42.35708007091478 114.84078439334164 -45.04140623104628 111.04156854783486 -45.04140623104628 111.1247952755661 -42.357080070914776
T00990 116.47058823529412 -43.714285714285715 118.28696943031628 -42.357080070914776 118.37019615804753 -45.04140623104628 114.57098031254074 -45.04140623104628 114.654207040272 -42.357080070914776
T00991 119.99999999999999 -43.714285714285715 121.81638119502215 -42.35708007091478 121.89960792275342 -45.04140623104628 118.10039207724662 -45.04140623104628 118.18361880497787 -42.357080070914776
T00992 123.52941176470588 -43.714285714285715 125.34579295972804 -42.35708007091478 125.42901968745929 -45.04140623104628 121.62980384195252 -45.04140623104628 121.71303056968377 -42.35708007091478
T00993 127.05882352941177 -43.714285714285715 128.8752047244339 -42.35708007091478 128.95843145216517 -45.04140623104628 125.15921560665839 -45.04140623104628 125.24244233438964 -42.35708007091478
T00994 130.58823529411762 -43.714285714285715 132.40461648913978 -42.35708007091478 132.48784321687106 -45.04140623104628 128.68862737136428 -45.04140623104628 128.77185409909552 -42.35708007091478
T00995 134.11764705882354 -43.714285714285715 135.9340282538457 -42.35708007091478 136.01725498157694 -45.04140623104628 132.21803913607016 -45.04140623104628 132.3012658638014 -42.35708007091478
T00996 137.6470588235294 -43.714285714285715 139.46344001855155 -42.35708007091479 139.54666674628282 -45.04140623104628 135.74745090077604 -45.04140623104628 135.8306776285073 -42.35708007091478
T00997 141.1764705882353 -43.714285714285715 142.99285178325746 -42.35708007091478 143.07607851098874 -45.04140623104628 139.27686266548193 -45.04140623104628 139.36008939321317 -42.35708007091478
T00998 144.70588235294116 -43.714285714285715 146.52226354796332 -42.35708007091478 146.6054902756946 -45.04140623104628 142.8062744301878 -45.04140623104628 142.88950115791906 -42.35708007091478
T00999 148.23529411764704 -43.714285714285715 150.0516753126692 -42.35708007091479 150.13490204040048 -45.04140623104628 146.33568619489367 -45.04140623104628 146.4189129226249 -42.35708007091479
T01000 151.76470588235296 -43.714285714285715 153.58108707737512 -42.35708007091478 153.6643138051064 -45.04140623104628 149.8650979595996 -45.04140623104628 149.94832468733085 -42.35708007091478
T01001 155.2941176470588 -43.714285714285715 157.11049884208097 -42.35708007091478 157.19372556981224 -45.04140623104629 153.39450972430544 -45.04140623104629 153.47773645203668 -42.35708007091478
T01002 158.82352941176472 -43.714285714285715 160.63991060678688 -42.35708007091479 160.72313733451816 -45.04140623104628 156.92392148901138 -45.04140623104628 157.00714821674262 -42.35708007091479
T01003 162.35294117647058 -43.714285714285715 164.16932237149274 -42.35708007091478 164.252549099224 -45.04140623104628 160.4533332537172 -45.04140623104628 160.53655998144845 -42.35708007091478
T01004 165.88235294117646 -43.714285714285715 167.69873413619862 -42.35708007091478 167.78196086392987 -45.04140623104628 163.9827450184231 -45.04140623104628 164.06597174615433 -42.35708007091478
T01005 169.41176470588235 -43.714285714285715 171.2281459009045 -42.35708007091478 171.31137262863578 -45.04140623104628 167.51215678312897 -45.04140623104629 167.59538351086022 -42.35708007091478
T01006 172.94117647058823 -43.714285714285715 174.7575576656104 -42.35708007091478 174.84078439334166 -45.04140623104628 171.04156854783486 -45.04140623104628 171.1247952755661 -42.357080070914776
T01007 176.47058823529412 -43.714285714285715 178.28696943031628 -42.35708007091478 178.37019615804755 -45.04140623104628 174.57098031254077 -45.04140623104628 174.654207040272 -42.35708007091478
T01008 180.0 -43.714285714285715 181.81638119502216 -42.35708007091478 181.8996079227534 -45.04140623104628 178.10039207724662 -45.04140623104628 178.18361880497787 -42.35708007091478
T01009 183.52941176470588 -43.714285714285715 185.34579295972804 -42.35708007091478 185.4290196874593 -45.04140623104628 181.6298038419525 -45.04140623104628 181.71303056968378 -42.35708007091478
T01010 187.05882352941177 -43.714285714285715 188.87520472443393 -42.35708007091478 188.95843145216517 -45.04140623104629 185.15921560665836 -45.04140623104629 185.24244233438964 -42.35708007091478
T01011 190.58823529411765 -43.714285714285715 192.4046164891398 -42.35708007091478 192.48784321687106 -45.04140623104628 188.68862737136428 -45.04140623104628 188.77185409909555 -42.35708007091478
T01012 194.1176470588235 -43.714285714285715 195.93402825384567 -42.35708007091478 196.0172549815769 -45.04140623104628 192.2180391360701 -45.04140623104628 192.30126586380138 -42.35708007091479
T01013 197.64705882352942 -43.714285714285715 199.46344001855155 -42.35708007091478 199.5466667462828 -45.04140623104628 195.74745090077602 -45.04140623104629 195.8306776285073 -42.35708007091478
T01014 201.17647058823528 -43.714285714285715 202.99285178325744 -42.35708007091478 203.07607851098868 -45.04140623104628 199.2768626654819 -45.04140623104628 199.36008939321314 -42.35708007091478
T01015 204.7058823529412 -43.714285714285715 206.52226354796335 -42.35708007091478 206.6054902756946 -45.04140623104628 202.80627443018778 -45.04140623104629 202.88950115791906 -42.35708007091478
T01016 208.23529411764704 -43.714285714285715 210.0516753126692 -42.35708007091478 210.13490204040045 -45.04140623104628 206.33568619489367 -45.04140623104628 206.41891292262494 -42.35708007091478
T01017 211.76470588235293 -43.714285714285715 213.5810870773751 -42.35708007091478 213.66431380510633 -45.04140623104628 209.86509795959952 -45.04140623104628 209.9483246873308 -42.35708007091478
T01018 215.2941176470588 -43.714285714285715 217.11049884208097 -42.35708007091478 217.19372556981222 -45.04140623104628 213.39450972430544 -45.04140623104628 213.47773645203668 -42.35708007091478
T01019 218.8235294117647 -43.714285714285715 220.63991060678686 -42.35708007091478 220.7231373345181 -45.04140623104628 216.9239214890113 -45.04140623104629 217.00714821674256 -42.35708007091478
T01020 222.3529411764706 -43.714285714285715 224.16932237149277 -42.35708007091478 224.252549099224 -45.04140623104628 220.45333325371723 -45.04140623104628 220.5365599814485 -42.35708007091479
T01021 225.88235294117646 -43.714285714285715 227.69873413619862 -42.35708007091478 227.78196086392987 -45.04140623104628 223.98274501842306 -45.04140623104629 224.0659717461543 -42.35708007091479
T01022 229.41176470588238 -43.714285714285715 231.2281459009045 -42.35708007091478 231.31137262863575 -45.04140623104628 227.51215678312897 -45.04140623104628 227.59538351086022 -42.35708007091479
T01023 232.94117647058823 -43.714285714285715 234.7575576656104 -42.35708007091478 234.84078439334164 -45.04140623104628 231.04156854783483 -45.04140623104628 231.12479527556613 -42.35708007091478
T01024 236.47058823529412 -43.714285714285715 238.28696943031625 -42.35708007091478 238.37019615804752 -45.04140623104628 234.5709803125407 -45.04140623104628 234.654207040272 -42.35708007091478
T01025 239.99999999999997 -43.714285714285715 241.81638119502213 -42.35708007091478 241.89960792275338 -45.04140623104628 238.1003920772466 -45.04140623104628 238.18361880497784 -42.35708007091478
T01026 243.52941176470586 -43.714285714285715 245.34579295972802 -42.357080070914776 245.42901968745926 -45.04140623104628 241.62980384195245 -45.04140623104628 241.71303056968375 -42.35708007091478
T01027 247.05882352941177 -43.714285714285715 248.87520472443393 -42.357080070914776 248.95843145216517 -45.04140623104628 245.1592156066584 -45.04140623104628 245.24244233438964 -42.357080070914776
T01028 250.58823529411765 -43.714285714285715 252.4046164891398 -42.35708007091479 252.48784321687106 -45.04140623104629 248.68862737136425 -45.04140623104629 248.7718540990955 -42.35708007091479
T01029 254.11764705882354 -43.714285714285715 255.93402825384567 -42.35708007091478 256.0172549815769 -45.04140623104628 252.21803913607013 -45.04140623104628 252.30126586380138 -42.35708007091478
T01030 257.6470588235294 -43.714285714285715 259.4634400185515 -42.35708007091478 259.54666674628277 -45.04140623104629 255.747450900776 -45.04140623104628 255.83067762850723 -42.35708007091478
T01031 261.17647058823525 -43.714285714285715 262.99285178325744 -42.35708007091479 263.0760785109887 -45.04140623104628 259.2768626654819 -45.04140623104629 259.3600893932131 -42.35708007091479
T01032 264.7058823529412 -43.714285714285715 266.5222635479634 -42.35708007091478 266.60549027569465 -45.04140623104628 262.80627443018784 -45.04140623104628 262.8895011579191 -42.35708007091478
T01033 268.2352941176471 -43.714285714285715 270.0516753126692 -42.35708007091479 270.13490204040045 -45.04140623104628 266.33568619489364 -45.04140623104629 266.4189129226249 -42.35708007091479
T01034 271.7647058823529 -43.714285714285715 273.58108707737506 -42.35708007091479 273.6643138051063 -45.04140623104629 269.86509795959955 -45.04140623104629 269.9483246873308 -42.3570800709148
T01035 275.2941176470588 -43.714285714285715 277.110498842081 -42.35708007091478 277.1937255698122 -45.04140623104628 273.3945097243054 -45.04140623104628 273.47773645203665 -42.35708007091478
T01036 278.8235294117647 -43.714285714285715 280.6399106067868 -42.35708007091479 280.72313733451807 -45.04140623104628 276.92392148901126 -45.04140623104628 277.0071482167425 -42.35708007091479
T01037 282.3529411764706 -43.714285714285715 284.16932237149274 -42.35708007091478 284.252549099224 -45.04140623104629 280.45333325371723 -45.04140623104629 280.5365599814485 -42.35708007091479
T01038 285.88235294117646 -43.714285714285715 287.69873413619865 -42.35708007091478 287.7819608639299 -45.04140623104628 283.9827450184231 -45.04140623104629 284.06597174615433 -42.35708007091478
T01039 289.4117647058823 -43.714285714285715 291.2281459009045 -42.35708007091478 291.31137262863575 -45.04140623104628 287.51215678312894 -45.04140623104628 287.5953835108602 -42.35708007091478
T01040 292.94117647058823 -43.714285714285715 294.75755766561036 -42.35708007091478 294.8407843933416 -45.04140623104628 291.0415685478348 -45.04140623104628 291.12479527556604 -42.357080070914776
T01041 296.4705882352941 -43.714285714285715 298.2869694303162 -42.35708007091478 298.37019615804746 -45.04140623104628 294.5709803125407 -45.04140623104628 294.65420704027196 -42.35708007091478
T01042 300.0 -43.714285714285715 301.8163811950222 -42.35708007091478 301.89960792275343 -45.04140623104628 298.1003920772466 -45.04140623104628 298.18361880497787 -42.35708007091478
T01043 303.5294117647059 -43.714285714285715 305.3457929597281 -42.35708007091478 305.42901968745934 -45.04140623104628 301.62980384195254 -45.04140623104628 301.7130305696838 -42.35708007091478
T01044 307.05882352941177 -43.714285714285715 308.8752047244339 -42.35708007091478 308.95843145216514 -45.04140623104628 305.1592156066584 -45.04140623104628 305.24244233438964 -42.35708007091478
T01045 310.5882352941176 -43.714285714285715 312.4046164891398 -42.35708007091478 312.48784321687106 -45.04140623104628 308.68862737136425 -45.04140623104628 308.7718540990955 -42.35708007091478
T01046 314.1176470588235 -43.714285714285715 315.93402825384567 -42.35708007091478 316.0172549815769 -45.04140623104628 312.2180391360701 -45.04140623104628 312.30126586380135 -42.35708007091478
T01047 317.64705882352945 -43.714285714285715 319.46344001855164 -42.35708007091478 319.5466667462829 -45.04140623104628 315.7474509007761 -45.04140623104629 315.8306776285073 -42.35708007091478
T01048 321.1764705882353 -43.714285714285715 322.99285178325744 -42.35708007091478 323.0760785109887 -45.04140623104628 319.27686266548193 -45.04140623104628 319.3600893932132 -42.35708007091478
T01049 324.70588235294116 -43.714285714285715 326.52226354796335 -42.357080070914776 326.6054902756946 -45.04140623104628 322.8062744301878 -45.04140623104628 322.889501157919 -42.357080070914776
T01050 328.2352941176471 -43.714285714285715 330.05167531266926 -42.35708007091479 330.1349020404005 -45.04140623104628 326.3356861948937 -45.04140623104628 326.41891292262494 -42.35708007091479
T01051 331.7647058823529 -43.714285714285715 333.58108707737506 -42.35708007091478 333.6643138051063 -45.04140623104628 329.8650979595995 -45.04140623104628 329.94832468733074 -42.35708007091478
T01052 335.29411764705884 -43.714285714285715 337.110498842081 -42.35708007091478 337.1937255698122 -45.04140623104628 333.39450972430546 -45.04140623104628 333.4777364520367 -42.35708007091478
T01053 338.8235294117647 -43.714285714285715 340.6399106067869 -42.357080070914776 340.7231373345181 -45.04140623104628 336.9239214890113 -45.04140623104628 337.00714821674256 -42.35708007091478
T01054 342.3529411764706 -43.714285714285715 344.1693223714928 -42.35708007091478 344.25254909922404 -45.04140623104628 340.45333325371723 -45.04140623104628 340.5365599814485 -42.35708007091478
T01055 345.88235294117646 -43.714285714285715 347.6987341361986 -42.35708007091478 347.78196086392984 -45.04140623104628 343.9827450184231 -45.04140623104628 344.06597174615433 -42.35708007091478
T01056 349.4117647058823 -43.714285714285715 351.2281459009045 -42.35708007091478 351.31137262863575 -45.04140623104629 347.51215678312894 -45.04140623104629 347.5953835108602 -42.35708007091479
T01057 352.94117647058823 -43.714285714285715 354.7575576656104 -42.35708007091478 354.84078439334166 -45.04140623104629 351.04156854783486 -45.04140623104628 351.1247952755661 -42.35708007091478
T01058 356.47058823529414 -43.714285714285715 358.2869694303163 -42.35708007091478 358.3701961580475 -45.04140623104628 354.5709803125407 -45.04140623104628 354.65420704027196 -42.35708007091478
T01059 0.0 -41.142857142857146 1.7467000312693983 -39.78689356329829 1.8196942778041914 -42.47133090913313 358.18030572219584 -42.47133090913313 358.25329996873063 -39.7868935632983
T01060 3.3962264150943398 -41.142857142857146 5.142926446363738 -39.78689356329829 5.21592069289853 -42.47133090913312 1.5765321372901853 -42.47133090913312 1.6495263838249765 -39.78689356329829
T01061 6.7924528301886795 -41.142857142857146 8.539152861458078 -39.7868935632983 8.61214710799287 -42.47133090913313 4.972758552384525 -42.47133090913313 5.045752798919316 -39.78689356329829
T01062 10.18867924528302 -41.142857142857146 11.935379276552418 -39.78689356329829 12.008373523087208 -42.47133090913312 8.368984967478863 -42.47133090913312 8.441979214013656 -39.78689356329829
T01063 13.584905660377359 -41.142857142857146 15.33160569164676 -39.7868935632983 15.404599938181551 -42.47133090913313 11.765211382573206 -42.47133090913314 11.838205629107998 -39.7868935632983
T01064 16.9811320754717 -41.142857142857146 18.727832106741097 -39.78689356329829 18.80082635327589 -42.47133090913313 15.161437797667546 -42.47133090913313 15.234432044202334 -39.78689356329829
T01065 20.37735849056604 -41.142857142857146 22.12405852183544 -39.78689356329829 22.197052768370224 -42.47133090913313 18.557664212761882 -42.47133090913313 18.630658459296676 -39.78689356329829
T01066 23.77358490566038 -41.142857142857146 25.520284936929787 -39.7868935632983 25.593279183464574 -42.47133090913313 21.95389062785623 -42.47133090913313 22.02688487439102 -39.7868935632983
T01067 27.169811320754718 -41.142857142857146 28.91651135202412 -39.7868935632983 28.989505598558914 -42.47133090913313 25.35011704295057 -42.47133090913313 25.42311128948536 -39.7868935632983
T01068 30.566037735849058 -41.142857142857146 32.312737767118456 -39.7868935632983 32.385732013653254 -42.47133090913313 28.746343458044908 -42.47133090913313 28.81933770457969 -39.7868935632983
T01069 33.9622641509434 -41.142857142857146 35.7089641822128 -39.78689356329829 35.781958428747586 -42.47133090913313 32.142569873139244 -42.47133090913313 32.215564119674035 -39.7868935632983
T01070 37.35849056603774 -41.142857142857146 39.10519059730714 -39.7868935632983 39.17818484384193 -42.47133090913313 35.53879628823359 -42.47133090913313 35.61179053476838 -39.7868935632983
T01071 40.75471698113208 -41.142857142857146 42.50141701240149 -39.7868935632983 42.574411258936266 -42.47133090913313 38.935022703327924 -42.47133090913313 39.00801694986272 -39.7868935632983
T01072 44.15094339622642 -41.142857142857146 45.897643427495815 -39.7868935632983 45.970637674030606 -42.47133090913313 42.33124911842227 -42.47133090913313 42.40424336495707 -39.7868935632983
T01073 47.54716981132076 -41.142857142857146 49.29386984259015 -39.7868935632983 49.366864089124945 -42.47133090913313 45.7274755335166 -42.47133090913313 45.80046978005139 -39.7868935632983
T01074 50.943396226415096 -41.142857142857146 52.69009625768449 -39.7868935632983 52.763090504219285 -42.47133090913313 49.123701948610936 -42.47133090913313 49.19669619514573 -39.7868935632983
T01075 54.339622641509436 -41.142857142857146 56.086322672778834 -39.7868935632983 56.159316919313625 -42.47133090913313 52.519928363705276 -42.47133090913313 52.592922610240066 -39.7868935632983
T01076 57.735849056603776 -41.142857142857146 59.48254908787318 -39.78689356329829 59.555543334407965 -42.47133090913313 55.91615477879962 -42.47133090913313 55.98914902533442 -39.78689356329829
T01077 61.132075471698116 -41.142857142857146 62.87877550296751 -39.7868935632983 62.951769749502304 -42.47133090913313 59.312381193893955 -42.47133090913313 59.38537544042875 -39.78689356329829
T01078 64.52830188679245 -41.142857142857146 66.27500191806185 -39.78689356329829 66.34799616459664 -42.47133090913313 62.70860760898829 -42.47133090913313 62.781601855523085 -39.78689356329829
T01079 67.9245283018868 -41.142857142857146 69.6712283331562 -39.7868935632983 69.74422257969098 -42.47133090913313 66.10483402408263 -42.47133090913313 66.17782827061743 -39.7868935632983
T01080 71.32075471698114 -41.142857142857146 73.06745474825054 -39.7868935632983 73.14044899478533 -42.47133090913313 69.501060439177 -42.47133090913313 69.57405468571179 -39.7868935632983
T01081 74.71698113207547 -41.142857142857146 76.46368116334489 -39.7868935632983 76.53667540987968 -42.47133090913313 72.89728685427133 -42.47133090913313 72.9702811008061 -39.7868935632983
T01082 78.11320754716981 -41.142857142857146 79.85990757843922 -39.78689356329829 79.932901824974 -42.47133090913313 76.29351326936566 -42.47133090913313 76.36650751590047 -39.78689356329829
T01083 81.50943396226415 -41.142857142857146 83.25613399353354 -39.78689356329829 83.32912824006834 -42.47133090913313 79.68973968446001 -42.47133090913313 79.76273393099478 -39.78689356329829
T01084 84.90566037735849 -41.142857142857146 86.6523604086279 -39.7868935632983 86.72535465516268 -42.47133090913313 83.08596609955434 -42.47133090913313 83.15896034608912 -39.7868935632983
T01085 88.30188679245283 -41.142857142857146 90.04858682372225 -39.78689356329829 90.12158107025702 -42.47133090913312 86.48219251464869 -42.47133090913313 86.55518676118346 -39.78689356329829
T01086 91.69811320754718 -41.142857142857146 93.4448132388166 -39.7868935632983 93.51780748535137 -42.47133090913313 89.87841892974303 -42.47133090913312 89.95141317627782 -39.78689356329829
T01087 95.09433962264151 -41.142857142857146 96.8410396539109 -39.7868935632983 96.9140339004457 -42.47133090913313 93.27464534483737 -42.47133090913313 93.34763959137214 -39.7868935632983
T01088 98.49056603773585 -41.142857142857146 100.23726606900524 -39.78689356329829 100.31026031554003 -42.47133090913312 96.6708717599317 -42.47133090913313 96.74386600646648 -39.78689356329829
T01089 101.88679245283019 -41.142857142857146 103.63349248409959 -39.78689356329829 103.70648673063438 -42.47133090913312 100.06709817502605 -42.47133090913313 100.14009242156084 -39.78689356329829
T01090 105.28301886792454 -41.142857142857146 107.02971889919395 -39.7868935632983 107.10271314572873 -42.47133090913313 103.4633245901204 -42.47133090913313 103.53631883665518 -39.7868935632983
T01091 108.67924528301887 -41.142857142857146 110.42594531428827 -39.78689356329829 110.49893956082306 -42.47133090913313 106.85955100521473 -42.47133090913313 106.9325452517495 -39.78689356329829
T01092 112.0754716981132 -41.142857142857146 113.8221717293826 -39.78689356329829 113.8951659759174 -42.47133090913313 110.25577742030906 -42.47133090913313 110.32877166684385 -39.78689356329829
T01093 115.47169811320755 -41.142857142857146 117.21839814447696 -39.7868935632983 117.29139239101175 -42.47133090913314 113.6520038354034 -42.47133090913313 113.7249980819382 -39.7868935632983
T01094 118.86792452830188 -41.142857142857146 120.61462455957127 -39.7868935632983 120.68761880610606 -42.47133090913313 117.04823025049774 -42.47133090913313 117.1212244970325 -39.7868935632983
T01095 122.26415094339623 -41.142857142857146 124.01085097466564 -39.78689356329829 124.08384522120043 -42.47133090913313 120.44445666559209 -42.47133090913313 120.51745091212685 -39.7868935632983
T01096 125.66037735849058 -41.142857142857146 127.40707738975999 -39.7868935632983 127.48007163629478 -42.47133090913313 123.84068308068643 -42.47133090913313 123.91367732722121 -39.78689356329829
T01097 129.0566037735849 -41.142857142857146 130.8033038048543 -39.7868935632983 130.87629805138909 -42.47133090913313 127.23690949578075 -42.47133090913313 127.30990374231553 -39.7868935632983
T01098 132.45283018867926 -41.142857142857146 134.19953021994866 -39.78689356329829 134.27252446648342 -42.47133090913313 130.6331359108751 -42.47133090913313 130.7061301574099 -39.78689356329829
T01099 135.8490566037736 -41.142857142857146 137.59575663504296 -39.78689356329829 137.66875088157775 -42.47133090913313 134.02936232596943 -42.47133090913313 134.10235657250422 -39.78689356329829
T01100 139.24528301886792 -41.142857142857146 140.99198305013732 -39.7868935632983 141.06497729667214 -42.47133090913313 137.4255887410638 -42.47133090913313 137.49858298759855 -39.7868935632983
T01101 142.64150943396228 -41.142857142857146 144.38820946523168 -39.7868935632983 144.46120371176647 -42.47133090913313 140.82181515615812 -42.47133090913313 140.8948094026929 -39.7868935632983
T01102 146.03773584905662 -41.142857142857146 147.78443588032604 -39.78689356329829 147.85743012686083 -42.47133090913313 144.21804157125248 -42.47133090913313 144.29103581778728 -39.78689356329829
T01103 149.43396226415095 -41.142857142857146 151.18066229542035 -39.7868935632983 151.25365654195517 -42.47133090913313 147.61426798634682 -42.47133090913313 147.6872622328816 -39.78689356329829
T01104 152.83018867924528 -41.142857142857146 154.57688871051468 -39.78689356329829 154.64988295704947 -42.47133090913313 151.01049440144112 -42.47133090913313 151.0834886479759 -39.7868935632983
T01105 156.22641509433961 -41.142857142857146 157.97311512560904 -39.7868935632983 158.04610937214383 -42.47133090913313 154.40672081653548 -42.47133090913313 154.47971506307024 -39.7868935632983
T01106 159.62264150943398 -41.142857142857146 161.36934154070337 -39.78689356329829 161.44233578723816 -42.47133090913312 157.80294723162982 -42.47133090913313 157.87594147816463 -39.7868935632983
T01107 163.0188679245283 -41.142857142857146 164.7655679557977 -39.78689356329829 164.8385622023325 -42.47133090913313 161.19917364672415 -42.47133090913313 161.27216789325894 -39.78689356329829
T01108 166.41509433962264 -41.142857142857146 168.16179437089207 -39.7868935632983 168.23478861742686 -42.47133090913313 164.5954000618185 -42.47133090913313 164.6683943083533 -39.7868935632983
T01109 169.81132075471697 -41.142857142857146 171.55802078598637 -39.78689356329829 171.63101503252116 -42.47133090913312 167.9916264769128 -42.47133090913312 168.06462072344763 -39.78689356329829
T01110 173.20754716981133 -41.142857142857146 174.95424720108073 -39.78689356329829 175.02724144761552 -42.47133090913313 171.38785289200717 -42.47133090913313 171.46084713854196 -39.7868935632983
T01111 176.60377358490567 -41.142857142857146 178.35047361617507 -39.7868935632983 178.42346786270988 -42.47133090913312 174.78407930710154 -42.47133090913313 174.85707355363633 -39.7868935632983
T01112 180.0 -41.142857142857146 181.74670003126937 -39.78689356329829 181.81969427780416 -42.47133090913313 178.18030572219584 -42.47133090913313 178.25329996873066 -39.7868935632983
T01113 183.39622641509436 -41.142857142857146 185.14292644636376 -39.78689356329829 185.21592069289855 -42.47133090913313 181.5765321372902 -42.47133090913313 181.649526383825 -39.7868935632983
T01114 186.7924528301887 -41.142857142857146 188.5391528614581 -39.78689356329829 188.61214710799288 -42.47133090913313 184.97275855238453 -42.47133090913313 185.04575279891932 -39.78689356329829
T01115 190.18867924528303 -41.142857142857146 191.9353792765524 -39.78689356329829 192.0083735230872 -42.47133090913312 188.36898496747884 -42.47133090913312 188.44197921401366 -39.78689356329829
T01116 193.58490566037736 -41.142857142857146 195.33160569164676 -39.7868935632983 195.40459993818155 -42.47133090913313 191.7652113825732 -42.47133090913313 191.838205629108 -39.7868935632983
T01117 196.9811320754717 -41.142857142857146 198.7278321067411 -39.7868935632983 198.80082635327588 -42.47133090913313 195.16143779766753 -42.47133090913313 195.23443204420232 -39.7868935632983
T01118 200.37735849056605 -41.142857142857146 202.12405852183542 -39.78689356329829 202.1970527683702 -42.47133090913313 198.55766421276186 -42.47133090913313 198.63065845929665 -39.78689356329829
T01119 203.77358490566039 -41.142857142857146 205.52028493692978 -39.7868935632983 205.59327918346457 -42.47133090913313 201.95389062785623 -42.47133090913313 202.02688487439102 -39.7868935632983
T01120 207.16981132075472 -41.142857142857146 208.9165113520241 -39.78689356329829 208.9895055985589 -42.47133090913313 205.35011704295056 -42.47133090913313 205.42311128948535 -39.78689356329829
T01121 210.56603773584908 -41.142857142857146 212.31273776711848 -39.7868935632983 212.38573201365327 -42.47133090913313 208.74634345804492 -42.47133090913314 208.8193377045797 -39.7868935632983
T01122 213.96226415094338 -41.142857142857146 215.70896418221278 -39.7868935632983 215.78195842874757 -42.47133090913313 212.14256987313925 -42.47133090913313 212.215564119674 -39.7868935632983
T01123 217.35849056603774 -41.142857142857146 219.10519059730711 -39.7868935632983 219.1781848438419 -42.47133090913313 215.53879628823358 -42.47133090913313 215.61179053476837 -39.7868935632983
T01124 220.7547169811321 -41.142857142857146 222.5014170124015 -39.7868935632983 222.5744112589363 -42.47133090913313 218.93502270332795 -42.47133090913313 219.00801694986274 -39.7868935632983
T01125 224.1509433962264 -41.142857142857146 225.8976434274958 -39.7868935632983 225.9706376740306 -42.47133090913313 222.33124911842225 -42.47133090913313 222.40424336495704 -39.7868935632983
T01126 227.54716981132077 -41.142857142857146 229.29386984259014 -39.7868935632983 229.36686408912493 -42.47133090913313 225.72747553351658 -42.47133090913313 225.8004697800514 -39.7868935632983
T01127 230.9433962264151 -41.142857142857146 232.69009625768447 -39.78689356329831 232.76309050421932 -42.47133090913313 229.12370194861094 -42.47133090913313 229.19669619514576 -39.78689356329831
T01128 234.33962264150944 -41.142857142857146 236.0863226727788 -39.7868935632983 236.15931691931365 -42.47133090913313 232.51992836370525 -42.47133090913313 232.5929226102401 -39.7868935632983
T01129 237.73584905660377 -41.142857142857146 239.4825490878731 -39.7868935632983 239.55554333440796 -42.47133090913313 235.91615477879955 -42.47133090913313 235.9891490253344 -39.7868935632983
T01130 241.13207547169813 -41.142857142857146 242.87877550296756 -39.7868935632983 242.9517697495023 -42.47133090913313 239.312381193894 -42.47133090913313 239.38537544042873 -39.78689356329829
T01131 244.52830188679246 -41.142857142857146 246.27500191806186 -39.78689356329829 246.34799616459662 -42.47133090913313 242.7086076089883 -42.47133090913313 242.78160185552306 -39.7868935632983
T01132 247.9245283018868 -41.142857142857146 249.6712283331562 -39.7868935632983 249.74422257969093 -42.47133090913313 246.10483402408263 -42.47133090913313 246.1778282706174 -39.78689356329829
T01133 251.32075471698116 -41.142857142857146 253.06745474825053 -39.78689356329829 253.14044899478537 -42.47133090913313 249.50106043917702 -42.47133090913313 249.57405468571181 -39.78689356329829
T01134 254.7169811320755 -41.142857142857146 256.46368116334486 -39.7868935632983 256.5366754098797 -42.47133090913313 252.89728685427133 -42.47133090913313 252.97028110080615 -39.7868935632983
T01135 258.1132075471698 -41.142857142857146 259.85990757843916 -39.78689356329829 259.932901824974 -42.47133090913313 256.29351326936563 -42.47133090913313 256.3665075159005 -39.78689356329829
T01136 261.50943396226415 -41.142857142857146 263.25613399353347 -39.78689356329829 263.3291282400683 -42.47133090913313 259.68973968446 -42.47133090913312 259.7627339309948 -39.78689356329829
T01137 264.9056603773585 -41.142857142857146 266.65236040862794 -39.7868935632983 266.7253546551627 -42.47133090913313 263.08596609955435 -42.47133090913313 263.1589603460891 -39.78689356329831
T01138 268.3018867924528 -41.142857142857146 270.04858682372225 -39.78689356329829 270.121581070257 -42.47133090913312 266.48219251464866 -42.47133090913313 266.55518676118345 -39.7868935632983
T01139 271.6981132075472 -41.142857142857146 273.44481323881655 -39.7868935632983 273.5178074853513 -42.47133090913313 269.878418929743 -42.47133090913313 269.95141317627775 -39.7868935632983
T01140 275.09433962264154 -41.142857142857146 276.8410396539109 -39.7868935632983 276.91403390044576 -42.47133090913313 273.2746453448373 -42.47133090913313 273.3476395913722 -39.7868935632983
T01141 278.49056603773585 -41.142857142857146 280.2372660690052 -39.78689356329829 280.31026031554006 -42.47133090913313 276.6708717599317 -42.47133090913313 276.74386600646653 -39.7868935632983
T01142 281.8867924528302 -41.142857142857146 283.63349248409963 -39.78689356329829 283.70648673063437 -42.47133090913312 280.0670981750261 -42.47133090913313 280.14009242156084 -39.78689356329829
T01143 285.28301886792457 -41.142857142857146 287.02971889919394 -39.78689356329831 287.1027131457287 -42.47133090913313 283.4633245901204 -42.47133090913314 283.53631883665514 -39.78689356329831
T01144 288.6792452830189 -41.142857142857146 290.4259453142883 -39.7868935632983 290.49893956082303 -42.47133090913313 286.8595510052147 -42.47133090913313 286.9325452517495 -39.78689356329829
T01145 292.07547169811323 -41.142857142857146 293.8221717293826 -39.7868935632983 293.89516597591745 -42.47133090913313 290.25577742030913 -42.47133090913314 290.3287716668439 -39.7868935632983
T01146 295.4716981132076 -41.142857142857146 297.21839814447696 -39.7868935632983 297.2913923910118 -42.47133090913314 293.65200383540343 -42.47133090913314 293.7249980819382 -39.7868935632983
T01147 298.8679245283019 -41.142857142857146 300.61462455957127 -39.7868935632983 300.6876188061061 -42.47133090913313 297.04823025049774 -42.47133090913313 297.12122449703253 -39.7868935632983
T01148 302.26415094339626 -41.142857142857146 304.0108509746657 -39.78689356329829 304.0838452212004 -42.47133090913313 300.44445666559216 -42.47133090913313 300.5174509121269 -39.78689356329829
T01149 305.66037735849056 -41.142857142857146 307.40707738975993 -39.7868935632983 307.4800716362948 -42.47133090913313 303.8406830806864 -42.47133090913313 303.9136773272212 -39.78689356329829
T01150 309.0566037735849 -41.142857142857146 310.80330380485435 -39.7868935632983 310.8762980513891 -42.47133090913313 307.23690949578076 -42.47133090913313 307.3099037423155 -39.7868935632983
T01151 312.45283018867923 -41.142857142857146 314.19953021994866 -39.78689356329829 314.2725244664834 -42.47133090913313 310.6331359108751 -42.47133090913313 310.7061301574099 -39.78689356329829
T01152 315.8490566037736 -41.142857142857146 317.59575663504296 -39.78689356329829 317.66875088157775 -42.47133090913312 314.02936232596943 -42.47133090913313 314.1023565725042 -39.78689356329829
T01153 319.24528301886795 -41.142857142857146 320.9919830501374 -39.78689356329829 321.06497729667217 -42.47133090913313 317.4255887410638 -42.47133090913313 317.4985829875986 -39.7868935632983
T01154 322.64150943396226 -41.142857142857146 324.3882094652317 -39.7868935632983 324.4612037117665 -42.47133090913313 320.82181515615815 -42.47133090913313 320.89480940269294 -39.7868935632983
T01155 326.0377358490566 -41.142857142857146 327.784435880326 -39.7868935632983 327.8574301268608 -42.47133090913313 324.21804157125246 -42.47133090913313 324.29103581778725 -39.7868935632983
T01156 329.433962264151 -41.142857142857146 331.1806622954204 -39.78689356329831 331.25365654195514 -42.47133090913314 327.6142679863468 -42.47133090913314 327.6872622328816 -39.7868935632983
T01157 332.8301886792453 -41.142857142857146 334.5768887105147 -39.78689356329829 334.64988295704944 -42.47133090913313 331.0104944014412 -42.47133090913313 331.08348864797597 -39.7868935632983
T01158 336.22641509433964 -41.142857142857146 337.973115125609 -39.7868935632983 338.0461093721438 -42.47133090913313 334.4067208165355 -42.47133090913313 334.4797150630703 -39.7868935632983
T01159 339.62264150943395 -41.142857142857146 341.3693415407034 -39.7868935632983 341.44233578723816 -42.47133090913313 337.8029472316298 -42.47133090913313 337.8759414781645 -39.7868935632983
T01160 343.0188679245283 -41.142857142857146 344.76556795579774 -39.78689356329829 344.8385622023325 -42.47133090913312 341.1991736467242 -42.47133090913313 341.272167893259 -39.78689356329829
T01161 346.41509433962267 -41.142857142857146 348.16179437089204 -39.7868935632983 348.23478861742683 -42.47133090913313 344.5954000618185 -42.47133090913313 344.6683943083533 -39.7868935632983
T01162 349.811320754717 -41.142857142857146 351.5580207859864 -39.7868935632983 351.6310150325212 -42.47133090913312 347.9916264769128 -42.47133090913312 348.0646207234476 -39.7868935632983
T01163 353.20754716981133 -41.142857142857146 354.95424720108076 -39.78689356329829 355.02724144761555 -42.47133090913313 351.3878528920072 -42.47133090913313 351.460847138542 -39.78689356329829
T01164 356.6037735849057 -41.142857142857146 358.3504736161751 -39.7868935632983 358.4234678627099 -42.47133090913313 354.7840793071016 -42.47133090913313 354.8570735536364 -39.7868935632983
T01165 0.0 -38.57142857142857 1.6854330532546813 -37.21661751837054 1.7496099403047907 -39.90114873968188 358.2503900596953 -39.90114873968189 358.31456694674534 -37.21661751837055
T01166 3.2727272727272725 -38.57142857142857 4.958160325981954 -37.21661751837054 5.022337213032064 -39.90114873968189 1.5231173324225176 -39.90114873968189 1.5872942194726256 -37.21661751837054
T01167 6.545454545454545 -38.57142857142857 8.230887598709227 -37.21661751837054 8.295064485759335 -39.90114873968188 4.7958446051497905 -39.90114873968188 4.860021492199899 -37.21661751837055
T01168 9.818181818181818 -38.57142857142857 11.503614871436497 -37.21661751837054 11.567791758486607 -39.90114873968188 8.068571877877062 -39.90114873968188 8.13274876492717 -37.21661751837054
T01169 13.09090909090909 -38.57142857142857 14.776342144163772 -37.21661751837055 14.840519031213883 -39.90114873968189 11.341299150604337 -39.90114873968188 11.405476037654445 -37.21661751837055
T01170 16.363636363636363 -38.57142857142857 18.049069416891044 -37.21661751837054 18.113246303941157 -39.90114873968189 14.614026423331609 -39.90114873968189 14.678203310381715 -37.21661751837054
T01171 19.636363636363637 -38.57142857142857 21.321796689618317 -37.21661751837054 21.38597357666843 -39.90114873968188 17.886753696058882 -39.90114873968188 17.950930583108992 -37.21661751837054
T01172 22.909090909090907 -38.57142857142857 24.59452396234559 -37.21661751837054 24.6587008493957 -39.90114873968188 21.159480968786152 -39.90114873968188 21.223657855836258 -37.21661751837054
T01173 26.18181818181818 -38.57142857142857 27.867251235072864 -37.21661751837054 27.931428122122973 -39.90114873968188 24.432208241513425 -39.90114873968188 24.496385128563535 -37.21661751837054
T01174 29.454545454545457 -38.57142857142857 31.139978507800134 -37.21661751837054 31.204155394850243 -39.90114873968188 27.704935514240702 -39.90114873968188 27.76911240129081 -37.21661751837054
T01175 32.72727272727273 -38.57142857142857 34.4127057805274 -37.21661751837054 34.47688266757752 -39.90114873968188 30.97766278696797 -39.90114873968189 31.041839674018075 -37.21661751837055
T01176 36.0 -38.57142857142857 37.685433053254684 -37.21661751837055 37.749609940304794 -39.90114873968189 34.25039005969524 -39.90114873968189 34.31456694674535 -37.21661751837054
T01177 39.27272727272727 -38.57142857142857 40.95816032598196 -37.21661751837054 41.02233721303205 -39.90114873968188 37.523117332422515 -39.90114873968188 37.587294219472625 -37.21661751837055
T01178 42.54545454545455 -38.57142857142857 44.23088759870924 -37.21661751837054 44.29506448575934 -39.90114873968188 40.795844605149796 -39.90114873968188 40.86002149219991 -37.21661751837055
T01179 45.81818181818181 -38.57142857142857 47.5036148714365 -37.21661751837054 47.5677917584866 -39.90114873968188 44.068571877877055 -39.90114873968188 44.132748764927165 -37.21661751837054
T01180 49.090909090909086 -38.57142857142857 50.776342144163756 -37.21661751837054 50.84051903121386 -39.90114873968189 47.34129915060432 -39.90114873968188 47.40547603765443 -37.21661751837054
T01181 52.36363636363636 -38.57142857142857 54.049069416891044 -37.21661751837055 54.11324630394115 -39.90114873968188 50.6140264233316 -39.90114873968188 50.67820331038171 -37.21661751837055
T01182 55.63636363636363 -38.57142857142857 57.32179668961831 -37.21661751837054 57.38597357666843 -39.90114873968188 53.88675369605888 -39.90114873968188 53.950930583108985 -37.21661751837054
T01183 58.909090909090914 -38.57142857142857 60.59452396234559 -37.21661751837055 60.65870084939569 -39.90114873968189 57.15948096878615 -39.90114873968189 57.22365785583626 -37.21661751837055
T01184 62.18181818181818 -38.57142857142857 63.867251235072864 -37.21661751837054 63.93142812212297 -39.90114873968188 60.43220824151342 -39.90114873968188 60.49638512856354 -37.21661751837054
T01185 65.45454545454545 -38.57142857142857 67.13997850780014 -37.21661751837055 67.20415539485025 -39.90114873968188 63.704935514240695 -39.90114873968189 63.769112401290805 -37.21661751837055
T01186 68.72727272727272 -38.57142857142857 70.4127057805274 -37.21661751837055 70.47688266757751 -39.90114873968188 66.97766278696797 -39.90114873968188 67.04183967401806 -37.21661751837054
T01187 72.0 -38.57142857142857 73.68543305325468 -37.21661751837054 73.7496099403048 -39.90114873968188 70.25039005969525 -39.90114873968188 70.31456694674536 -37.21661751837054
T01188 75.27272727272727 -38.57142857142857 76.95816032598194 -37.21661751837055 77.02233721303205 -39.90114873968188 73.5231173324225 -39.90114873968189 73.58729421947261 -37.21661751837055
T01189 78.54545454545455 -38.57142857142857 80.23088759870922 -37.21661751837054 80.29506448575934 -39.90114873968188 76.79584460514978 -39.90114873968188 76.8600214921999 -37.21661751837054
T01190 81.81818181818181 -38.57142857142857 83.50361487143648 -37.21661751837055 83.5677917584866 -39.90114873968188 80.06857187787705 -39.90114873968189 80.13274876492716 -37.21661751837055
T01191 85.0909090909091 -38.57142857142857 86.77634214416378 -37.21661751837054 86.8405190312139 -39.90114873968188 83.34129915060434 -39.90114873968188 83.40547603765447 -37.21661751837054
T01192 88.36363636363636 -38.57142857142857 90.04906941689104 -37.21661751837054 90.11324630394117 -39.90114873968188 86.61402642333161 -39.90114873968188 86.67820331038172 -37.21661751837054
T01193 91.63636363636363 -38.57142857142857 93.32179668961831 -37.21661751837054 93.38597357666843 -39.90114873968188 89.88675369605888 -39.90114873968188 89.95093058310898 -37.21661751837054
T01194 94.90909090909089 -38.57142857142857 96.59452396234558 -37.21661751837054 96.6587008493957 -39.90114873968188 93.15948096878614 -39.90114873968188 93.22365785583625 -37.21661751837054
T01195 98.18181818181817 -38.57142857142857 99.86725123507286 -37.21661751837054 99.93142812212297 -39.90114873968188 96.43220824151342 -39.90114873968188 96.49638512856353 -37.21661751837055
T01196 101.45454545454544 -38.57142857142857 103.13997850780012 -37.21661751837054 103.20415539485023 -39.90114873968188 99.70493551424069 -39.90114873968188 99.76911240129078 -37.21661751837054
T01197 104.72727272727272 -38.57142857142857 106.41270578052742 -37.21661751837055 106.47688266757751 -39.90114873968188 102.97766278696797 -39.90114873968188 103.04183967401808 -37.21661751837055
T01198 108.0 -38.57142857142857 109.68543305325468 -37.21661751837054 109.74960994030478 -39.90114873968188 106.25039005969525 -39.90114873968188 106.31456694674534 -37.21661751837054
T01199 111.27272727272727 -38.57142857142857 112.95816032598195 -37.21661751837054 113.02233721303206 -39.90114873968189 109.52311733242252 -39.90114873968189 109.58729421947262 -37.21661751837055
T01200 114.54545454545455 -38.57142857142857 116.23088759870923 -37.21661751837055 116.29506448575934 -39.90114873968188 112.79584460514978 -39.90114873968188 112.86002149219989 -37.21661751837055
T01201 117.81818181818183 -38.57142857142857 119.5036148714365 -37.21661751837054 119.56779175848663 -39.90114873968188 116.06857187787706 -39.90114873968188 116.13274876492717 -37.21661751837054
T01202 121.0909090909091 -38.57142857142857 122.77634214416376 -37.21661751837054 122.84051903121387 -39.90114873968188 119.34129915060433 -39.90114873968188 119.40547603765444 -37.21661751837054
T01203 124.36363636363636 -38.57142857142857 126.04906941689103 -37.21661751837054 126.11324630394114 -39.90114873968188 122.6140264233316 -39.90114873968188 122.6782033103817 -37.21661751837054
T01204 127.63636363636363 -38.57142857142857 129.3217966896183 -37.21661751837055 129.3859735766684 -39.90114873968189 125.88675369605886 -39.90114873968189 125.95093058310897 -37.21661751837055
T01205 130.9090909090909 -38.57142857142857 132.5945239623456 -37.21661751837054 132.6587008493957 -39.90114873968188 129.15948096878614 -39.90114873968189 129.22365785583625 -37.21661751837054
T01206 134.1818181818182 -38.57142857142857 135.86725123507287 -37.21661751837054 135.93142812212298 -39.90114873968188 132.43220824151345 -39.90114873968188 132.49638512856356 -37.21661751837054
T01207 137.45454545454544 -38.57142857142857 139.13997850780012 -37.21661751837055 139.20415539485023 -39.90114873968188 135.70493551424067 -39.90114873968188 135.76911240129078 -37.21661751837054
T01208 140.72727272727272 -38.57142857142857 142.4127057805274 -37.21661751837055 142.4768826675775 -39.90114873968188 138.97766278696798 -39.90114873968188 139.0418396740181 -37.21661751837054
T01209 144.0 -38.57142857142857 145.68543305325468 -37.21661751837054 145.7496099403048 -39.90114873968188 142.25039005969523 -39.90114873968189 142.31456694674534 -37.21661751837054
T01210 147.27272727272725 -38.57142857142857 148.95816032598194 -37.21661751837054 149.02233721303205 -39.90114873968188 145.52311733242252 -39.90114873968188 145.58729421947262 -37.21661751837054
T01211 150.54545454545453 -38.57142857142857 152.23088759870922 -37.21661751837054 152.29506448575933 -39.90114873968188 148.79584460514977 -39.90114873968188 148.86002149219988 -37.21661751837054
T01212 153.81818181818178 -38.57142857142857 155.50361487143647 -37.21661751837054 155.5677917584866 -39.90114873968188 152.06857187787705 -39.90114873968188 152.13274876492716 -37.21661751837054
T01213 157.0909090909091 -38.57142857142857 158.77634214416378 -37.21661751837054 158.8405190312139 -39.90114873968188 155.34129915060433 -39.90114873968188 155.40547603765444 -37.21661751837054
T01214 160.36363636363635 -38.57142857142857 162.04906941689103 -37.21661751837055 162.11324630394114 -39.90114873968189 158.6140264233316 -39.90114873968189 158.6782033103817 -37.21661751837055
T01215 163.63636363636363 -38.57142857142857 165.3217966896183 -37.21661751837054 165.3859735766684 -39.90114873968188 161.88675369605886 -39.90114873968188 161.95093058310897 -37.21661751837054
T01216 166.9090909090909 -38.57142857142857 168.5945239623456 -37.21661751837055 168.6587008493957 -39.90114873968188 165.15948096878614 -39.90114873968188 165.22365785583625 -37.21661751837055
T01217 170.1818181818182 -38.57142857142857 171.86725123507287 -37.21661751837054 171.93142812212298 -39.90114873968188 168.43220824151345 -39.90114873968188 168.49638512856356 -37.21661751837054
T01218 173.45454545454544 -38.57142857142857 175.13997850780012 -37.21661751837055 175.20415539485023 -39.90114873968188 171.70493551424067 -39.90114873968188 171.76911240129078 -37.21661751837055
T01219 176.72727272727272 -38.57142857142857 178.4127057805274 -37.21661751837054 178.4768826675775 -39.90114873968189 174.97766278696798 -39.90114873968189 175.0418396740181 -37.21661751837055
T01220 180.0 -38.57142857142857 181.68543305325468 -37.21661751837054 181.7496099403048 -39.90114873968188 178.25039005969523 -39.90114873968189 178.31456694674534 -37.21661751837055
T01221 183.27272727272725 -38.57142857142857 184.95816032598194 -37.21661751837054 185.02233721303205 -39.90114873968189 181.52311733242252 -39.90114873968189 181.58729421947262 -37.21661751837054
T01222 186.54545454545453 -38.57142857142857 188.23088759870922 -37.21661751837055 188.29506448575933 -39.90114873968188 184.79584460514977 -39.90114873968188 184.86002149219988 -37.21661751837055
T01223 189.81818181818178 -38.57142857142857 191.50361487143647 -37.21661751837054 191.56779175848658 -39.90114873968188 188.06857187787705 -39.90114873968188 188.13274876492716 -37.21661751837054
T01224 193.0909090909091 -38.57142857142857 194.77634214416378 -37.21661751837055 194.84051903121386 -39.90114873968188 191.34129915060433 -39.90114873968188 191.40547603765444 -37.21661751837054
T01225 196.36363636363635 -38.57142857142857 198.04906941689103 -37.21661751837054 198.11324630394114 -39.90114873968188 194.6140264233316 -39.90114873968188 194.6782033103817 -37.21661751837054
T01226 199.63636363636363 -38.57142857142857 201.3217966896183 -37.21661751837054 201.3859735766684 -39.90114873968189 197.88675369605886 -39.90114873968188 197.95093058310897 -37.21661751837054
T01227 202.90909090909088 -38.57142857142857 204.59452396234556 -37.21661751837055 204.65870084939567 -39.90114873968188 201.1594809687861 -39.90114873968188 201.22365785583622 -37.21661751837055
T01228 206.1818181818182 -38.57142857142857 207.86725123507287 -37.21661751837055 207.93142812212298 -39.90114873968189 204.43220824151345 -39.90114873968188 204.49638512856356 -37.21661751837054
T01229 209.45454545454544 -38.57142857142857 211.13997850780012 -37.21661751837054 211.20415539485023 -39.90114873968188 207.70493551424067 -39.90114873968188 207.76911240129078 -37.21661751837054
T01230 212.72727272727272 -38.57142857142857 214.4127057805274 -37.21661751837054 214.4768826675775 -39.90114873968188 210.97766278696798 -39.90114873968189 211.0418396740181 -37.21661751837055
T01231 216.0 -38.57142857142857 217.68543305325468 -37.21661751837055 217.7496099403048 -39.90114873968189 214.25039005969523 -39.90114873968189 214.31456694674534 -37.21661751837055
T01232 219.27272727272725 -38.57142857142857 220.9581603259819 -37.21661751837054 221.02233721303202 -39.90114873968188 217.52311733242252 -39.90114873968188 217.58729421947262 -37.21661751837055
T01233 222.54545454545453 -38.57142857142857 224.23088759870922 -37.21661751837054 224.29506448575933 -39.90114873968188 220.79584460514974 -39.90114873968188 220.86002149219988 -37.21661751837055
T01234 225.81818181818178 -38.57142857142857 227.50361487143647 -37.21661751837054 227.56779175848658 -39.90114873968188 224.06857187787702 -39.90114873968188 224.13274876492716 -37.21661751837054
T01235 229.0909090909091 -38.57142857142857 230.77634214416375 -37.21661751837054 230.84051903121386 -39.90114873968189 227.3412991506043 -39.90114873968188 227.4054760376544 -37.21661751837054
T01236 232.36363636363635 -38.57142857142857 234.04906941689103 -37.21661751837054 234.11324630394114 -39.90114873968188 230.61402642333158 -39.90114873968188 230.6782033103817 -37.21661751837054
T01237 235.63636363636365 -38.57142857142857 237.3217966896183 -37.21661751837055 237.38597357666842 -39.90114873968188 233.88675369605886 -39.90114873968188 233.95093058310897 -37.21661751837055
T01238 238.90909090909088 -38.57142857142857 240.5945239623455 -37.21661751837055 240.65870084939567 -39.90114873968188 237.1594809687861 -39.90114873968188 237.2236578558362 -37.21661751837055
T01239 242.1818181818182 -38.57142857142857 243.86725123507284 -37.21661751837055 243.93142812212295 -39.90114873968189 240.4322082415134 -39.90114873968189 240.49638512856356 -37.21661751837055
T01240 245.4545454545454 -38.57142857142857 247.1399785078001 -37.21661751837055 247.2041553948502 -39.90114873968188 243.70493551424065 -39.90114873968188 243.76911240129073 -37.21661751837055
T01241 248.72727272727272 -38.57142857142857 250.41270578052738 -37.21661751837055 250.47688266757748 -39.90114873968188 246.97766278696793 -39.90114873968188 247.04183967401804 -37.21661751837055
T01242 252.0 -38.57142857142857 253.68543305325468 -37.21661751837054 253.7496099403048 -39.90114873968188 250.2503900596952 -39.90114873968188 250.31456694674532 -37.21661751837054
T01243 255.27272727272725 -38.57142857142857 256.9581603259819 -37.21661751837054 257.022337213032 -39.90114873968188 253.52311733242246 -39.90114873968188 253.58729421947262 -37.21661751837054
T01244 258.5454545454545 -38.57142857142857 260.2308875987092 -37.21661751837055 260.2950644857593 -39.90114873968188 256.79584460514974 -39.90114873968188 256.86002149219985 -37.21661751837055
T01245 261.8181818181818 -38.57142857142857 263.5036148714365 -37.21661751837055 263.5677917584866 -39.90114873968188 260.06857187787705 -39.90114873968188 260.13274876492716 -37.21661751837054
T01246 265.09090909090907 -38.57142857142857 266.7763421441637 -37.21661751837054 266.84051903121383 -39.90114873968188 263.3412991506043 -39.90114873968188 263.4054760376544 -37.21661751837054
T01247 268.3636363636364 -38.57142857142857 270.0490694168911 -37.21661751837054 270.1132463039412 -39.90114873968188 266.6140264233316 -39.90114873968188 266.6782033103817 -37.21661751837054
T01248 271.6363636363636 -38.57142857142857 273.32179668961834 -37.21661751837054 273.38597357666845 -39.90114873968188 269.88675369605886 -39.90114873968188 269.95093058310897 -37.21661751837054
T01249 274.9090909090909 -38.57142857142857 276.5945239623456 -37.21661751837054 276.65870084939564 -39.90114873968188 273.1594809687861 -39.90114873968188 273.2236578558362 -37.21661751837054
T01250 278.1818181818182 -38.57142857142857 279.86725123507284 -37.21661751837054 279.93142812212295 -39.90114873968188 276.43220824151337 -39.90114873968188 276.4963851285635 -37.21661751837055
T01251 281.45454545454544 -38.57142857142857 283.13997850780015 -37.21661751837054 283.20415539485026 -39.90114873968188 279.7049355142407 -39.90114873968188 279.7691124012908 -37.21661751837054
T01252 284.7272727272727 -38.57142857142857 286.4127057805274 -37.21661751837054 286.4768826675775 -39.90114873968188 282.9776627869679 -39.90114873968188 283.04183967401804 -37.21661751837054
T01253 288.0 -38.57142857142857 289.68543305325466 -37.21661751837054 289.74960994030477 -39.90114873968188 286.25039005969523 -39.90114873968189 286.31456694674534 -37.21661751837054
T01254 291.27272727272725 -38.57142857142857 292.9581603259819 -37.21661751837054 293.022337213032 -39.90114873968188 289.52311733242243 -39.90114873968188 289.58729421947254 -37.21661751837054
T01255 294.5454545454545 -38.57142857142857 296.2308875987092 -37.21661751837054 296.2950644857593 -39.90114873968188 292.79584460514974 -39.90114873968188 292.86002149219985 -37.21661751837054
T01256 297.8181818181818 -38.57142857142857 299.5036148714365 -37.21661751837054 299.5677917584866 -39.90114873968188 296.06857187787705 -39.90114873968188 296.13274876492716 -37.21661751837054
T01257 301.09090909090907 -38.57142857142857 302.7763421441637 -37.21661751837054 302.84051903121383 -39.90114873968189 299.3412991506043 -39.90114873968189 299.4054760376544 -37.21661751837054
T01258 304.3636363636364 -38.57142857142857 306.0490694168911 -37.21661751837055 306.1132463039412 -39.90114873968188 302.6140264233316 -39.90114873968188 302.6782033103817 -37.21661751837054
T01259 307.63636363636357 -38.57142857142857 309.3217966896183 -37.21661751837054 309.3859735766684 -39.90114873968188 305.8867536960588 -39.90114873968188 305.9509305831089 -37.21661751837055
T01260 310.9090909090909 -38.57142857142857 312.5945239623456 -37.21661751837054 312.65870084939564 -39.90114873968189 309.1594809687861 -39.90114873968189 309.2236578558362 -37.21661751837055
T01261 314.1818181818182 -38.57142857142857 315.86725123507284 -37.21661751837054 315.93142812212295 -39.90114873968188 312.43220824151337 -39.90114873968188 312.4963851285635 -37.21661751837054
T01262 317.45454545454544 -38.57142857142857 319.13997850780015 -37.21661751837054 319.20415539485026 -39.90114873968188 315.7049355142407 -39.90114873968188 315.7691124012908 -37.21661751837054
T01263 320.7272727272727 -38.57142857142857 322.4127057805274 -37.21661751837054 322.4768826675775 -39.90114873968188 318.9776627869679 -39.90114873968188 319.04183967401804 -37.21661751837054
T01264 324.0 -38.57142857142857 325.68543305325466 -37.21661751837054 325.74960994030477 -39.90114873968188 322.25039005969523 -39.90114873968189 322.31456694674534 -37.21661751837054
T01265 327.27272727272725 -38.57142857142857 328.9581603259819 -37.21661751837054 329.022337213032 -39.90114873968188 325.52311733242243 -39.90114873968188 325.58729421947254 -37.21661751837055
T01266 330.5454545454545 -38.57142857142857 332.2308875987092 -37.21661751837054 332.2950644857593 -39.90114873968188 328.79584460514974 -39.90114873968188 328.8600214921999 -37.21661751837054
T01267 333.8181818181818 -38.57142857142857 335.5036148714365 -37.21661751837054 335.5677917584866 -39.90114873968188 332.06857187787705 -39.90114873968189 332.13274876492716 -37.21661751837055
T01268 337.09090909090907 -38.57142857142857 338.7763421441637 -37.21661751837054 338.84051903121383 -39.90114873968188 335.3412991506043 -39.90114873968188 335.4054760376544 -37.21661751837054
T01269 340.3636363636364 -38.57142857142857 342.0490694168911 -37.21661751837055 342.1132463039412 -39.90114873968188 338.6140264233316 -39.90114873968189 338.6782033103817 -37.21661751837055
T01270 343.63636363636357 -38.57142857142857 345.3217966896183 -37.21661751837054 345.3859735766684 -39.90114873968188 341.8867536960588 -39.90114873968188 341.9509305831089 -37.21661751837054
T01271 346.9090909090909 -38.57142857142857 348.59452396234553 -37.21661751837055 348.65870084939564 -39.90114873968188 345.1594809687861 -39.90114873968188 345.2236578558362 -37.21661751837055
T01272 350.1818181818182 -38.57142857142857 351.86725123507284 -37.21661751837054 351.93142812212295 -39.90114873968188 348.43220824151337 -39.90114873968188 348.4963851285635 -37.21661751837054
T01273 353.45454545454544 -38.57142857142857 355.13997850780015 -37.21661751837055 355.20415539485026 -39.90114873968188 351.7049355142407 -39.90114873968188 351.7691124012908 -37.21661751837055
T01274 356.7272727272727 -38.57142857142857 358.4127057805274 -37.21661751837054 358.4768826675775 -39.90114873968189 354.9776627869679 -39.90114873968189 355.04183967401804 -37.21661751837054
T01275 0.0 -36.0 1.6314897821312997 -34.646265459437835 1.687993760222078 -37.33087636849861 358.31200623977793 -37.33087636849861 358.36851021786873 -34.646265459437835
T01276 3.1578947368421053 -36.0 4.789384518973407 -34.646265459437835 4.845888497064184 -37.330876368498615 1.4699009766200615 -37.330876368498615 1.5264049547108387 -34.646265459437835
T01277 6.315789473684211 -36.0 7.947279255815511 -34.646265459437835 8.00378323390629 -37.33087636849861 4.627795713462166 -37.33087636849861 4.684299691552944 -34.646265459437835
T01278 9.473684210526315 -36.0 11.105173992657617 -34.646265459437835 11.161677970748396 -37.33087636849861 7.7856904503042745 -37.33087636849861 7.842194428395051 -34.646265459437835
T01279 12.631578947368421 -36.0 14.263068729499722 -34.646265459437835 14.319572707590497 -37.33087636849861 10.943585187146377 -37.33087636849861 11.000089165237155 -34.646265459437835
T01280 15.789473684210526 -36.0 17.42096346634182 -34.646265459437835 17.4774674444326 -37.33087636849861 14.101479923988482 -37.33087636849861 14.157983902079257 -34.646265459437835
T01281 18.94736842105263 -36.0 20.578858203183927 -34.646265459437835 20.63536218127471 -37.33087636849861 17.259374660830588 -37.33087636849861 17.315878638921358 -34.646265459437835
T01282 22.105263157894736 -36.0 23.736752940026033 -34.646265459437835 23.793256918116818 -37.33087636849861 20.417269397672694 -37.33087636849861 20.473773375763468 -34.646265459437835
T01283 25.263157894736842 -36.0 26.894647676868136 -34.646265459437835 26.951151654958917 -37.33087636849861 23.575164134514793 -37.33087636849861 23.631668112605567 -34.646265459437835
T01284 28.42105263157895 -36.0 30.052542413710245 -34.646265459437835 30.109046391801034 -37.33087636849861 26.733058871356906 -37.33087636849861 26.78956284944768 -34.646265459437835
T01285 31.57894736842105 -36.0 33.21043715055235 -34.646265459437835 33.26694112864313 -37.33087636849861 29.890953608199013 -37.33087636849861 29.947457586289783 -34.646265459437835
T01286 34.73684210526316 -36.0 36.36833188739445 -34.646265459437835 36.424835865485235 -37.33087636849861 33.048848345041115 -37.33087636849861 33.10535232313188 -34.646265459437835
T01287 37.89473684210526 -36.0 39.52622662423656 -34.646265459437835 39.58273060232733 -37.33087636849861 36.20674308188321 -37.33087636849861 36.263247059973985 -34.646265459437835
T01288 41.05263157894737 -36.0 42.68412136107867 -34.646265459437835 42.74062533916944 -37.33087636849861 39.36463781872532 -37.33087636849861 39.421141796816094 -34.646265459437835
T01289 44.21052631578947 -36.0 45.84201609792077 -34.646265459437835 45.89852007601154 -37.33087636849861 42.52253255556742 -37.33087636849861 42.579036533658204 -34.64626545943783
T01290 47.36842105263158 -36.0 48.99991083476289 -34.646265459437835 49.05641481285367 -37.33087636849861 45.68042729240955 -37.33087636849861 45.73693127050033 -34.646265459437835
T01291 50.526315789473685 -36.0 52.157805571604975 -34.646265459437835 52.21430954969576 -37.33087636849861 48.838322029251636 -37.33087636849861 48.89482600734241 -34.646265459437835
T01292 53.68421052631579 -36.0 55.315700308447084 -34.646265459437835 55.372204286537865 -37.33087636849861 51.99621676609374 -37.33087636849861 52.05272074418452 -34.646265459437835
T01293 56.8421052631579 -36.0 58.473595045289194 -34.646265459437835 58.530099023379975 -37.33087636849861 55.15411150293585 -37.33087636849861 55.21061548102662 -34.646265459437835
T01294 59.99999999999999 -36.0 61.63148978213129 -34.646265459437835 61.687993760222064 -37.33087636849861 58.31200623977795 -37.33087636849861 58.368510217868725 -34.646265459437835
T01295 63.1578947368421 -36.0 64.78938451897339 -34.646265459437835 64.84588849706417 -37.33087636849861 61.46990097662005 -37.33087636849861 61.526404954710834 -34.646265459437835
T01296 66.3157894736842 -36.0 67.9472792558155 -34.646265459437835 68.00378323390629 -37.33087636849861 64.62779571346216 -37.33087636849861 64.68429969155294 -34.646265459437835
T01297 69.47368421052632 -36.0 71.10517399265761 -34.64626545943783 71.1616779707484 -37.33087636849861 67.78569045030427 -37.33087636849861 67.84219442839505 -34.646265459437835
T01298 72.63157894736842 -36.0 74.26306872949974 -34.646265459437835 74.31957270759051 -37.33087636849861 70.94358518714638 -37.33087636849861 71.00008916523716 -34.646265459437835
T01299 75.78947368421052 -36.0 77.42096346634182 -34.646265459437835 77.4774674444326 -37.33087636849861 74.10147992398848 -37.33087636849861 74.15798390207925 -34.646265459437835
T01300 78.94736842105263 -36.0 80.57885820318394 -34.646265459437835 80.63536218127471 -37.33087636849861 77.25937466083059 -37.33087636849861 77.31587863892136 -34.646265459437835
T01301 82.10526315789474 -36.0 83.73675294002604 -34.646265459437835 83.79325691811682 -37.33087636849861 80.4172693976727 -37.33087636849861 80.47377337576347 -34.646265459437835
T01302 85.26315789473684 -36.0 86.89464767686813 -34.646265459437835 86.95115165495892 -37.33087636849861 83.5751641345148 -37.33087636849861 83.63166811260557 -34.646265459437835
T01303 88.42105263157895 -36.0 90.05254241371024 -34.646265459437835 90.10904639180103 -37.33087636849861 86.7330588713569 -37.33087636849861 86.78956284944768 -34.646265459437835
T01304 91.57894736842105 -36.0 93.21043715055235 -34.646265459437835 93.26694112864314 -37.33087636849861 89.89095360819901 -37.33087636849861 89.94745758628979 -34.646265459437835
T01305 94.73684210526316 -36.0 96.36833188739448 -34.646265459437835 96.42483586548525 -37.33087636849861 93.04884834504112 -37.33087636849861 93.1053523231319 -34.646265459437835
T01306 97.89473684210526 -36.0 99.52622662423656 -34.646265459437835 99.58273060232735 -37.33087636849861 96.20674308188322 -37.33087636849861 96.26324705997399 -34.646265459437835
T01307 101.05263157894737 -36.0 102.68412136107868 -34.646265459437835 102.74062533916945 -37.33087636849861 99.36463781872533 -37.33087636849861 99.4211417968161 -34.646265459437835
T01308 104.21052631578948 -36.0 105.84201609792076 -34.646265459437835 105.89852007601155 -37.33087636849861 102.52253255556744 -37.33087636849861 102.57903653365821 -34.646265459437835
T01309 107.36842105263158 -36.0 108.99991083476289 -34.646265459437835 109.05641481285366 -37.330876368498615 105.68042729240953 -37.330876368498615 105.7369312705003 -34.646265459437835
T01310 110.52631578947368 -36.0 112.15780557160498 -34.646265459437835 112.21430954969577 -37.33087636849861 108.83832202925164 -37.33087636849861 108.89482600734242 -34.646265459437835
T01311 113.6842105263158 -36.0 115.31570030844709 -34.646265459437835 115.37220428653787 -37.33087636849861 111.99621676609375 -37.33087636849861 112.05272074418453 -34.646265459437835
T01312 116.84210526315789 -36.0 118.47359504528919 -34.646265459437835 118.53009902337996 -37.33087636849861 115.15411150293585 -37.33087636849861 115.21061548102664 -34.646265459437835
T01313 119.99999999999999 -36.0 121.6314897821313 -34.646265459437835 121.68799376022207 -37.33087636849861 118.31200623977793 -37.33087636849861 118.36851021786872 -34.646265459437835
T01314 123.1578947368421 -36.0 124.7893845189734 -34.646265459437835 124.84588849706418 -37.33087636849861 121.46990097662007 -37.33087636849861 121.52640495471084 -34.646265459437835
T01315 126.3157894736842 -36.0 127.9472792558155 -34.646265459437835 128.0037832339063 -37.33087636849861 124.62779571346215 -37.33087636849861 124.68429969155295 -34.646265459437835
T01316 129.4736842105263 -36.0 131.10517399265763 -34.646265459437835 131.1616779707484 -37.33087636849861 127.78569045030424 -37.33087636849861 127.84219442839505 -34.646265459437835
T01317 132.6315789473684 -36.0 134.2630687294997 -34.646265459437835 134.3195727075905 -37.33087636849861 130.94358518714637 -37.33087636849861 131.00008916523717 -34.646265459437835
T01318 135.78947368421052 -36.0 137.42096346634182 -34.646265459437835 137.4774674444326 -37.33087636849861 134.10147992398848 -37.33087636849861 134.15798390207925 -34.646265459437835
T01319 138.94736842105263 -36.0 140.57885820318393 -34.646265459437835 140.6353621812747 -37.33087636849861 137.2593746608306 -37.33087636849861 137.31587863892133 -34.646265459437835
T01320 142.10526315789474 -36.0 143.73675294002604 -34.646265459437835 143.7932569181168 -37.33087636849861 140.4172693976727 -37.33087636849861 140.47377337576347 -34.646265459437835
T01321 145.26315789473685 -36.0 146.89464767686817 -34.646265459437835 146.95115165495895 -37.33087636849861 143.5751641345148 -37.33087636849861 143.6316681126056 -34.646265459437835
T01322 148.42105263157893 -36.0 150.05254241371026 -34.646265459437835 150.10904639180103 -37.33087636849861 146.73305887135692 -37.33087636849861 146.7895628494477 -34.646265459437835
T01323 151.57894736842104 -36.0 153.21043715055237 -34.646265459437835 153.26694112864314 -37.33087636849861 149.890953608199 -37.33087636849861 149.9474575862898 -34.646265459437835
T01324 154.73684210526315 -36.0 156.36833188739445 -34.646265459437835 156.42483586548525 -37.33087636849861 153.0488483450411 -37.33087636849861 153.1053523231319 -34.646265459437835
T01325 157.89473684210526 -36.0 159.52622662423656 -34.646265459437835 159.58273060232733 -37.33087636849861 156.2067430818832 -37.33087636849861 156.263247059974 -34.646265459437835
T01326 161.05263157894737 -36.0 162.68412136107867 -34.646265459437835 162.74062533916944 -37.33087636849861 159.3646378187253 -37.33087636849861 159.4211417968161 -34.646265459437835
T01327 164.21052631578948 -36.0 165.84201609792078 -34.64626545943783 165.89852007601155 -37.33087636849861 162.52253255556744 -37.33087636849861 162.5790365336582 -34.646265459437835
T01328 167.3684210526316 -36.0 168.99991083476291 -34.646265459437835 169.0564148128537 -37.33087636849861 165.68042729240958 -37.33087636849861 165.73693127050035 -34.646265459437835
T01329 170.52631578947367 -36.0 172.157805571605 -34.646265459437835 172.21430954969577 -37.33087636849861 168.83832202925163 -37.33087636849861 168.89482600734243 -34.646265459437835
T01330 173.68421052631578 -36.0 175.3157003084471 -34.646265459437835 175.37220428653788 -37.33087636849861 171.99621676609377 -37.33087636849861 172.05272074418454 -34.646265459437835
T01331 176.8421052631579 -36.0 178.4735950452892 -34.646265459437835 178.53009902338 -37.33087636849861 175.15411150293585 -37.33087636849861 175.21061548102665 -34.646265459437835
T01332 180.0 -36.0 181.63148978213127 -34.646265459437835 181.68799376022204 -37.33087636849861 178.31200623977796 -37.33087636849861 178.36851021786873 -34.646265459437835
T01333 183.1578947368421 -36.0 184.78938451897338 -34.646265459437835 184.84588849706415 -37.33087636849861 181.46990097662004 -37.33087636849861 181.5264049547108 -34.646265459437835
T01334 186.31578947368422 -36.0 187.9472792558155 -34.646265459437835 188.00378323390626 -37.33087636849861 184.62779571346215 -37.33087636849861 184.68429969155292 -34.646265459437835
T01335 189.47368421052633 -36.0 191.10517399265763 -34.646265459437835 191.1616779707484 -37.33087636849861 187.7856904503043 -37.33087636849861 187.84219442839506 -34.646265459437835
T01336 192.6315789473684 -36.0 194.2630687294997 -34.646265459437835 194.31957270759048 -37.33087636849861 190.94358518714637 -37.33087636849861 191.00008916523714 -34.646265459437835
T01337 195.78947368421052 -36.0 197.42096346634182 -34.646265459437835 197.4774674444326 -37.33087636849861 194.10147992398848 -37.33087636849861 194.15798390207925 -34.646265459437835
T01338 198.94736842105263 -36.0 200.57885820318393 -34.646265459437835 200.6353621812747 -37.33087636849861 197.2593746608306 -37.33087636849861 197.31587863892136 -34.646265459437835
T01339 202.10526315789474 -36.0 203.736752940026 -34.646265459437835 203.7932569181168 -37.33087636849861 200.41726939767267 -37.33087636849861 200.47377337576347 -34.646265459437835
T01340 205.26315789473685 -36.0 206.89464767686812 -34.646265459437835 206.9511516549589 -37.33087636849861 203.57516413451478 -37.33087636849861 203.63166811260555 -34.646265459437835
T01341 208.42105263157896 -36.0 210.05254241371023 -34.646265459437835 210.109046391801 -37.33087636849861 206.7330588713569 -37.33087636849861 206.78956284944766 -34.646265459437835
T01342 211.57894736842107 -36.0 213.21043715055237 -34.646265459437835 213.26694112864314 -37.33087636849861 209.89095360819903 -37.33087636849861 209.9474575862898 -34.646265459437835
T01343 214.73684210526315 -36.0 216.36833188739445 -34.646265459437835 216.42483586548522 -37.33087636849861 213.0488483450411 -37.33087636849861 213.10535232313188 -34.646265459437835
T01344 217.89473684210526 -36.0 219.52622662423656 -34.646265459437835 219.58273060232733 -37.33087636849861 216.20674308188322 -37.33087636849861 216.263247059974 -34.646265459437835
T01345 221.05263157894737 -36.0 222.68412136107867 -34.646265459437835 222.74062533916944 -37.33087636849861 219.36463781872533 -37.33087636849861 219.4211417968161 -34.646265459437835
T01346 224.21052631578948 -36.0 225.84201609792075 -34.646265459437835 225.89852007601155 -37.33087636849861 222.5225325555674 -37.33087636849861 222.5790365336582 -34.64626545943783
T01347 227.3684210526316 -36.0 228.99991083476286 -34.646265459437835 229.05641481285363 -37.33087636849861 225.68042729240952 -37.33087636849861 225.7369312705003 -34.646265459437835
T01348 230.5263157894737 -36.0 232.15780557160497 -34.646265459437835 232.21430954969574 -37.33087636849861 228.83832202925163 -37.33087636849861 228.8948260073424 -34.646265459437835
T01349 233.68421052631578 -36.0 235.31570030844705 -34.646265459437835 235.37220428653782 -37.33087636849861 231.9962167660937 -37.33087636849861 232.05272074418448 -34.646265459437835
T01350 236.8421052631579 -36.0 238.4735950452892 -34.646265459437835 238.53009902337996 -37.33087636849861 235.15411150293585 -37.33087636849861 235.21061548102662 -34.646265459437835
T01351 239.99999999999997 -36.0 241.63148978213127 -34.646265459437835 241.68799376022204 -37.33087636849861 238.31200623977793 -37.33087636849861 238.3685102178687 -34.646265459437835
T01352 243.1578947368421 -36.0 244.7893845189734 -34.646265459437835 244.84588849706418 -37.33087636849861 241.46990097662007 -37.33087636849861 241.52640495471084 -34.646265459437835
T01353 246.3157894736842 -36.0 247.9472792558155 -34.646265459437835 248.00378323390626 -37.33087636849861 244.62779571346215 -37.33087636849861 244.68429969155292 -34.646265459437835
T01354 249.47368421052633 -36.0 251.1051739926576 -34.646265459437835 251.16167797074837 -37.33087636849861 247.78569045030426 -37.33087636849861 247.84219442839503 -34.646265459437835
T01355 252.6315789473684 -36.0 254.26306872949968 -34.646265459437835 254.31957270759045 -37.33087636849861 250.94358518714634 -37.33087636849861 251.0000891652371 -34.646265459437835
T01356 255.78947368421055 -36.0 257.4209634663418 -34.646265459437835 257.4774674444326 -37.33087636849861 254.10147992398848 -37.33087636849861 254.15798390207925 -34.646265459437835
T01357 258.9473684210526 -36.0 260.57885820318387 -34.646265459437835 260.6353621812747 -37.33087636849861 257.25937466083053 -37.33087636849861 257.31587863892133 -34.646265459437835
T01358 262.10526315789474 -36.0 263.736752940026 -34.646265459437835 263.7932569181168 -37.33087636849861 260.41726939767267 -37.33087636849861 260.47377337576347 -34.646265459437835
T01359 265.2631578947368 -36.0 266.8946476768681 -34.646265459437835 266.9511516549589 -37.33087636849861 263.57516413451475 -37.33087636849861 263.63166811260555 -34.646265459437835
T01360 268.42105263157896 -36.0 270.0525424137102 -34.646265459437835 270.10904639180103 -37.33087636849861 266.7330588713569 -37.33087636849861 266.7895628494477 -34.646265459437835
T01361 271.57894736842104 -36.0 273.2104371505523 -34.646265459437835 273.2669411286431 -37.33087636849861 269.89095360819897 -37.33087636849861 269.9474575862898 -34.646265459437835
T01362 274.7368421052632 -36.0 276.36833188739445 -34.646265459437835 276.42483586548525 -37.33087636849861 273.0488483450411 -37.33087636849861 273.1053523231319 -34.646265459437835
T01363 277.89473684210526 -36.0 279.52622662423653 -34.646265459437835 279.58273060232733 -37.33087636849861 276.2067430818832 -37.33087636849861 276.263247059974 -34.646265459437835
T01364 281.0526315789474 -36.0 282.68412136107867 -34.646265459437835 282.7406253391694 -37.33087636849861 279.3646378187253 -37.33087636849861 279.4211417968161 -34.646265459437835
T01365 284.2105263157895 -36.0 285.84201609792075 -34.646265459437835 285.8985200760115 -37.33087636849861 282.5225325555674 -37.33087636849861 282.57903653365815 -34.646265459437835
T01366 287.3684210526316 -36.0 288.99991083476294 -34.646265459437835 289.0564148128537 -37.33087636849861 285.6804272924096 -37.33087636849861 285.73693127050035 -34.646265459437835
T01367 290.5263157894737 -36.0 292.157805571605 -34.646265459437835 292.21430954969577 -37.33087636849861 288.8383220292517 -37.33087636849861 288.89482600734243 -34.646265459437835
T01368 293.6842105263158 -36.0 295.3157003084471 -34.646265459437835 295.37220428653785 -37.33087636849861 291.99621676609377 -37.33087636849861 292.0527207441845 -34.646265459437835
T01369 296.84210526315786 -36.0 298.4735950452892 -34.646265459437835 298.53009902337993 -37.33087636849861 295.15411150293585 -37.33087636849861 295.2106154810266 -34.646265459437835
T01370 300.0 -36.0 301.63148978213127 -34.646265459437835 301.68799376022207 -37.33087636849861 298.312006239778 -37.33087636849861 298.36851021786873 -34.646265459437835
T01371 303.1578947368421 -36.0 304.78938451897335 -34.646265459437835 304.84588849706415 -37.33087636849861 301.46990097662 -37.33087636849861 301.5264049547108 -34.646265459437835
T01372 306.3157894736842 -36.0 307.9472792558155 -34.646265459437835 308.0037832339063 -37.33087636849861 304.62779571346215 -37.33087636849861 304.68429969155295 -34.646265459437835
T01373 309.4736842105263 -36.0 311.10517399265757 -34.646265459437835 311.16167797074837 -37.33087636849861 307.78569045030423 -37.33087636849861 307.84219442839503 -34.646265459437835
T01374 312.63157894736844 -36.0 314.2630687294997 -34.646265459437835 314.3195727075905 -37.33087636849861 310.94358518714637 -37.33087636849861 311.00008916523717 -34.646265459437835
T01375 315.7894736842105 -36.0 317.4209634663418 -34.646265459437835 317.4774674444326 -37.33087636849861 314.10147992398845 -37.33087636849861 314.15798390207925 -34.646265459437835
T01376 318.94736842105266 -36.0 320.5788582031839 -34.646265459437835 320.63536218127473 -37.33087636849861 317.2593746608306 -37.33087636849861 317.3158786389214 -34.646265459437835
T01377 322.10526315789474 -36.0 323.736752940026 -34.646265459437835 323.7932569181168 -37.33087636849861 320.41726939767267 -37.33087636849861 320.47377337576347 -34.646265459437835
T01378 325.2631578947369 -36.0 326.89464767686815 -34.646265459437835 326.9511516549589 -37.33087636849861 323.5751641345148 -37.33087636849861 323.63166811260555 -34.646265459437835
T01379 328.42105263157896 -36.0 330.0525424137102 -34.646265459437835 330.109046391801 -37.33087636849861 326.7330588713569 -37.33087636849861 326.78956284944763 -34.646265459437835
T01380 331.5789473684211 -36.0 333.2104371505524 -34.64626545943783 333.26694112864317 -37.33087636849861 329.8909536081991 -37.33087636849861 329.94745758628983 -34.646265459437835
T01381 334.7368421052632 -36.0 336.3683318873945 -34.646265459437835 336.42483586548525 -37.33087636849861 333.04884834504116 -37.33087636849861 333.1053523231319 -34.646265459437835
T01382 337.89473684210526 -36.0 339.5262266242366 -34.646265459437835 339.58273060232733 -37.33087636849861 336.20674308188325 -37.33087636849861 336.263247059974 -34.646265459437835
T01383 341.05263157894734 -36.0 342.68412136107867 -34.646265459437835 342.7406253391694 -37.33087636849861 339.3646378187253 -37.33087636849861 339.4211417968161 -34.646265459437835
T01384 344.2105263157895 -36.0 345.84201609792075 -34.646265459437835 345.89852007601155 -37.33087636849861 342.52253255556747 -37.33087636849861 342.5790365336582 -34.646265459437835
T01385 347.36842105263156 -36.0 348.99991083476283 -34.646265459437835 349.05641481285363 -37.33087636849861 345.6804272924095 -37.33087636849861 345.7369312705003 -34.646265459437835
T01386 350.5263157894737 -36.0 352.15780557160497 -34.646265459437835 352.21430954969577 -37.33087636849861 348.83832202925163 -37.33087636849861 348.89482600734243 -34.646265459437835
T01387 353.6842105263158 -36.0 355.31570030844705 -34.646265459437835 355.37220428653785 -37.33087636849861 351.9962167660937 -37.33087636849861 352.0527207441845 -34.646265459437835
T01388 356.8421052631579 -36.0 358.4735950452892 -34.646265459437835 358.53009902338 -37.33087636849861 355.15411150293585 -37.33087636849861 355.21061548102665 -34.646265459437835
T01389 0.0 -33.42857142857143 1.583980921612618 -32.07584860566057 1.633745131852891 -34.76052743532979 358.36625486814717 -34.76052743532979 358.4160190783874 -32.07584860566057
T01390 3.076923076923077 -33.42857142857143 4.660903998535694 -32.07584860566057 4.710668208775968 -34.76052743532979 1.4431779450702196 -34.76052743532979 1.4929421553104916 -32.07584860566057
T01391 6.153846153846154 -33.42857142857143 7.737827075458772 -32.07584860566057 7.787591285699046 -34.76052743532979 4.520101021993297 -34.76052743532979 4.56986523223357 -32.075848605660575
T01392 9.23076923076923 -33.42857142857143 10.81475015238185 -32.07584860566057 10.864514362622122 -34.76052743532979 7.597024098916374 -34.76052743532979 7.646788309156646 -32.07584860566057
T01393 12.307692307692308 -33.42857142857143 13.891673229304924 -32.07584860566057 13.941437439545199 -34.76052743532979 10.673947175839452 -34.76052743532979 10.723711386079723 -32.07584860566057
T01394 15.384615384615387 -33.42857142857143 16.968596306228005 -32.07584860566057 17.018360516468277 -34.76052743532978 13.75087025276253 -34.760527435329784 13.800634463002801 -32.07584860566057
T01395 18.46153846153846 -33.42857142857143 20.04551938315108 -32.07584860566057 20.095283593391354 -34.76052743532979 16.827793329685605 -34.76052743532979 16.877557539925878 -32.07584860566057
T01396 21.53846153846154 -33.42857142857143 23.12244246007416 -32.07584860566057 23.172206670314434 -34.76052743532979 19.904716406608685 -34.76052743532979 19.954480616848954 -32.07584860566057
T01397 24.615384615384617 -33.42857142857143 26.199365536997234 -32.07584860566057 26.24912974723751 -34.76052743532979 22.981639483531765 -34.76052743532979 23.03140369377203 -32.07584860566057
T01398 27.692307692307693 -33.42857142857143 29.27628861392031 -32.07584860566057 29.326052824160584 -34.76052743532979 26.058562560454835 -34.76052743532979 26.108326770695108 -32.07584860566057
T01399 30.769230769230774 -33.42857142857143 32.353211690843395 -32.07584860566057 32.402975901083664 -34.76052743532979 29.135485637377915 -34.76052743532979 29.185249847618195 -32.075848605660575
T01400 33.84615384615385 -33.42857142857143 35.43013476776646 -32.07584860566057 35.47989897800673 -34.76052743532979 32.212408714300985 -34.76052743532979 32.26217292454126 -32.07584860566057
T01401 36.92307692307692 -33.42857142857143 38.507057844689534 -32.07584860566057 38.55682205492981 -34.76052743532979 35.289331791224065 -34.76052743532979 35.339096001464334 -32.07584860566057
T01402 40.0 -33.42857142857143 41.583980921612614 -32.07584860566057 41.63374513185289 -34.76052743532979 38.36625486814714 -34.76052743532979 38.41601907838741 -32.07584860566057
T01403 43.07692307692308 -33.42857142857143 44.66090399853571 -32.07584860566057 44.71066820877597 -34.76052743532979 41.44317794507022 -34.76052743532979 41.4929421553105 -32.07584860566057
T01404 46.15384615384615 -33.42857142857143 47.73782707545877 -32.07584860566057 47.78759128569903 -34.76052743532979 44.52010102199329 -34.76052743532979 44.56986523223357 -32.07584860566057
T01405 49.23076923076923 -33.42857142857143 50.81475015238184 -32.07584860566057 50.86451436262212 -34.76052743532979 47.59702409891637 -34.760527435329784 47.64678830915663 -32.07584860566056
T01406 52.307692307692314 -33.42857142857143 53.891673229304935 -32.07584860566057 53.941437439545204 -34.76052743532979 50.67394717583946 -34.76052743532979 50.72371138607973 -32.07584860566057
T01407 55.38461538461539 -33.42857142857143 56.968596306228 -32.07584860566057 57.01836051646827 -34.76052743532979 53.750870252762525 -34.76052743532979 53.800634463002794 -32.07584860566057
T01408 58.46153846153846 -33.42857142857143 60.045519383151074 -32.07584860566057 60.09528359339134 -34.760527435329784 56.8277933296856 -34.76052743532979 56.87755753992587 -32.07584860566057
T01409 61.53846153846155 -33.42857142857143 63.12244246007416 -32.07584860566057 63.17220667031444 -34.76052743532979 59.904716406608685 -34.76052743532979 59.95448061684897 -32.07584860566057
T01410 64.61538461538461 -33.42857142857143 66.19936553699723 -32.07584860566057 66.2491297472375 -34.76052743532979 62.98163948353176 -34.76052743532979 63.03140369377203 -32.07584860566057
T01411 67.6923076923077 -33.42857142857143 69.27628861392031 -32.07584860566057 69.3260528241606 -34.76052743532979 66.05856256045485 -34.76052743532979 66.10832677069511 -32.07584860566057
T01412 70.76923076923077 -33.42857142857143 72.35321169084338 -32.07584860566057 72.40297590108365 -34.76052743532979 69.13548563737791 -34.76052743532979 69.18524984761818 -32.07584860566057
T01413 73.84615384615384 -33.42857142857143 75.43013476776646 -32.07584860566057 75.47989897800673 -34.76052743532979 72.21240871430098 -34.76052743532979 72.26217292454125 -32.07584860566057
T01414 76.92307692307692 -33.42857142857143 78.50705784468954 -32.07584860566057 78.55682205492982 -34.760527435329784 75.28933179122407 -34.76052743532979 75.33909600146434 -32.07584860566057
T01415 80.0 -33.42857142857143 81.58398092161262 -32.07584860566057 81.63374513185289 -34.76052743532979 78.36625486814714 -34.76052743532979 78.41601907838741 -32.07584860566057
T01416 83.07692307692308 -33.42857142857143 84.6609039985357 -32.07584860566057 84.71066820877599 -34.76052743532979 81.44317794507022 -34.76052743532979 81.49294215531049 -32.07584860566057
T01417 86.15384615384616 -33.42857142857143 87.73782707545878 -32.07584860566057 87.78759128569907 -34.76052743532979 84.52010102199331 -34.76052743532979 84.56986523223358 -32.07584860566057
T01418 89.23076923076924 -33.42857142857143 90.81475015238185 -32.07584860566057 90.86451436262213 -34.76052743532979 87.59702409891638 -34.760527435329784 87.64678830915665 -32.07584860566057
T01419 92.3076923076923 -33.42857142857143 93.89167322930493 -32.07584860566057 93.9414374395452 -34.760527435329784 90.67394717583944 -34.76052743532979 90.72371138607971 -32.07584860566057
T01420 95.38461538461539 -33.42857142857143 96.96859630622801 -32.07584860566057 97.01836051646829 -34.76052743532979 93.75087025276254 -34.76052743532979 93.80063446300281 -32.07584860566057
T01421 98.46153846153847 -33.42857142857143 100.04551938315109 -32.07584860566057 100.09528359339136 -34.76052743532979 96.8277933296856 -34.76052743532979 96.87755753992587 -32.07584860566057
T01422 101.53846153846153 -33.42857142857143 103.12244246007415 -32.07584860566057 103.17220667031444 -34.76052743532979 99.90471640660869 -34.76052743532979 99.95448061684894 -32.07584860566057
T01423 104.61538461538463 -33.42857142857143 106.19936553699725 -32.07584860566057 106.24912974723753 -34.76052743532979 102.98163948353178 -34.76052743532979 103.03140369377205 -32.07584860566057
T01424 107.6923076923077 -33.42857142857143 109.27628861392031 -32.075848605660575 109.32605282416058 -34.76052743532979 106.05856256045483 -34.76052743532979 106.10832677069511 -32.075848605660575
T01425 110.76923076923077 -33.42857142857143 112.3532116908434 -32.07584860566057 112.40297590108368 -34.76052743532979 109.13548563737791 -34.76052743532979 109.18524984761818 -32.07584860566057
T01426 113.84615384615385 -33.42857142857143 115.43013476776648 -32.07584860566057 115.47989897800674 -34.76052743532979 112.212408714301 -34.76052743532979 112.26217292454128 -32.07584860566057
T01427 116.92307692307692 -33.42857142857143 118.50705784468956 -32.07584860566057 118.55682205492981 -34.76052743532979 115.28933179122407 -34.76052743532979 115.33909600146434 -32.07584860566057
T01428 120.00000000000001 -33.42857142857143 121.58398092161262 -32.07584860566057 121.63374513185289 -34.760527435329784 118.36625486814715 -34.760527435329784 118.41601907838741 -32.07584860566057
T01429 123.0769230769231 -33.42857142857143 124.66090399853572 -32.07584860566057 124.71066820877599 -34.76052743532979 121.44317794507025 -34.76052743532979 121.49294215531052 -32.07584860566057
T01430 126.15384615384616 -33.42857142857143 127.73782707545877 -32.07584860566057 127.78759128569905 -34.76052743532979 124.52010102199328 -34.76052743532979 124.56986523223355 -32.07584860566057
T01431 129.23076923076923 -33.42857142857143 130.81475015238183 -32.07584860566057 130.86451436262212 -34.76052743532979 127.59702409891636 -34.76052743532979 127.64678830915663 -32.07584860566057
T01432 132.3076923076923 -33.42857142857143 133.89167322930493 -32.07584860566057 133.9414374395452 -34.76052743532979 130.67394717583946 -34.76052743532979 130.7237113860797 -32.07584860566057
T01433 135.3846153846154 -33.42857142857143 136.96859630622802 -32.07584860566057 137.0183605164683 -34.76052743532979 133.75087025276252 -34.76052743532979 133.8006344630028 -32.07584860566057
T01434 138.46153846153848 -33.42857142857143 140.0455193831511 -32.07584860566057 140.0952835933914 -34.76052743532979 136.82779332968562 -34.76052743532979 136.87755753992593 -32.07584860566057
T01435 141.53846153846155 -33.42857142857143 143.12244246007418 -32.07584860566056 143.17220667031444 -34.76052743532978 139.90471640660869 -34.76052743532979 139.95448061684897 -32.07584860566057
T01436 144.6153846153846 -33.42857142857143 146.19936553699725 -32.07584860566057 146.2491297472375 -34.76052743532979 142.98163948353178 -34.76052743532979 143.03140369377203 -32.07584860566057
T01437 147.69230769230768 -33.42857142857143 149.27628861392031 -32.07584860566057 149.32605282416057 -34.76052743532979 146.05856256045482 -34.76052743532979 146.1083267706951 -32.07584860566057
T01438 150.76923076923077 -33.42857142857143 152.3532116908434 -32.07584860566057 152.40297590108366 -34.76052743532979 149.1354856373779 -34.76052743532979 149.18524984761817 -32.07584860566057
T01439 153.84615384615384 -33.42857142857143 155.43013476776648 -32.07584860566057 155.47989897800676 -34.76052743532979 152.212408714301 -34.76052743532979 152.2621729245413 -32.07584860566057
T01440 156.92307692307693 -33.42857142857143 158.50705784468954 -32.07584860566056 158.55682205492982 -34.760527435329784 155.28933179122407 -34.76052743532979 155.33909600146436 -32.07584860566057
T01441 160.0 -33.42857142857143 161.58398092161264 -32.07584860566057 161.6337451318529 -34.76052743532979 158.36625486814714 -34.76052743532979 158.41601907838742 -32.07584860566057
T01442 163.0769230769231 -33.42857142857143 164.66090399853573 -32.07584860566057 164.71066820877599 -34.76052743532979 161.44317794507026 -34.76052743532979 161.49294215531052 -32.07584860566057
T01443 166.15384615384616 -33.42857142857143 167.7378270754588 -32.07584860566057 167.78759128569905 -34.76052743532979 164.52010102199333 -34.76052743532979 164.56986523223358 -32.07584860566057
T01444 169.23076923076923 -33.42857142857143 170.81475015238186 -32.07584860566057 170.86451436262215 -34.76052743532979 167.59702409891636 -34.76052743532979 167.64678830915665 -32.07584860566057
T01445 172.30769230769232 -33.42857142857143 173.89167322930496 -32.07584860566057 173.94143743954524 -34.76052743532979 170.6739471758395 -34.76052743532979 170.72371138607974 -32.07584860566057
T01446 175.3846153846154 -33.42857142857143 176.96859630622802 -32.07584860566057 177.01836051646828 -34.76052743532979 173.75087025276252 -34.76052743532979 173.8006344630028 -32.07584860566057
T01447 178.46153846153848 -33.42857142857143 180.0455193831511 -32.07584860566057 180.09528359339134 -34.76052743532979 176.82779332968562 -34.76052743532979 176.8775575399259 -32.07584860566057
T01448 181.53846153846155 -33.42857142857143 183.12244246007415 -32.07584860566057 183.1722066703144 -34.76052743532979 179.9047164066087 -34.76052743532979 179.95448061684897 -32.07584860566057
T01449 184.6153846153846 -33.42857142857143 186.19936553699722 -32.07584860566057 186.2491297472375 -34.76052743532979 182.98163948353175 -34.76052743532979 183.031403693772 -32.07584860566057
T01450 187.69230769230768 -33.42857142857143 189.2762886139203 -32.07584860566057 189.32605282416057 -34.76052743532979 186.05856256045482 -34.76052743532979 186.1083267706951 -32.07584860566057
T01451 190.76923076923077 -33.42857142857143 192.35321169084338 -32.07584860566057 192.40297590108366 -34.76052743532979 189.1354856373779 -34.76052743532979 189.1852498476182 -32.07584860566057
T01452 193.84615384615387 -33.42857142857143 195.43013476776648 -32.07584860566057 195.47989897800673 -34.760527435329784 192.21240871430098 -34.760527435329784 192.26217292454126 -32.07584860566057
T01453 196.92307692307693 -33.42857142857143 198.50705784468954 -32.07584860566057 198.5568220549298 -34.76052743532979 195.28933179122407 -34.76052743532979 195.33909600146433 -32.07584860566057
T01454 200.0 -33.42857142857143 201.5839809216126 -32.07584860566057 201.63374513185286 -34.76052743532979 198.36625486814714 -34.76052743532979 198.4160190783874 -32.07584860566057
T01455 203.07692307692307 -33.42857142857143 204.66090399853567 -32.07584860566057 204.71066820877596 -34.76052743532979 201.4431779450702 -34.76052743532979 201.49294215531046 -32.07584860566057
T01456 206.15384615384616 -33.42857142857143 207.73782707545877 -32.07584860566057 207.78759128569908 -34.76052743532979 204.5201010219933 -34.76052743532979 204.56986523223355 -32.07584860566057
T01457 209.23076923076925 -33.42857142857143 210.81475015238186 -32.07584860566057 210.86451436262215 -34.76052743532979 207.5970240989164 -34.76052743532979 207.64678830915668 -32.07584860566057
T01458 212.30769230769232 -33.42857142857143 213.89167322930493 -32.07584860566057 213.94143743954518 -34.76052743532979 210.67394717583943 -34.76052743532979 210.7237113860797 -32.07584860566056
T01459 215.3846153846154 -33.42857142857143 216.968596306228 -32.07584860566056 217.01836051646825 -34.76052743532979 213.75087025276252 -34.76052743532979 213.80063446300278 -32.07584860566056
T01460 218.46153846153848 -33.42857142857143 220.0455193831511 -32.07584860566057 220.09528359339134 -34.76052743532979 216.82779332968562 -34.76052743532979 216.87755753992587 -32.07584860566057
T01461 221.53846153846155 -33.42857142857143 223.12244246007415 -32.07584860566057 223.17220667031444 -34.76052743532979 219.90471640660869 -34.76052743532979 219.95448061684894 -32.07584860566057
T01462 224.6153846153846 -33.42857142857143 226.19936553699722 -32.07584860566056 226.2491297472375 -34.76052743532979 222.98163948353175 -34.760527435329784 223.03140369377203 -32.07584860566056
T01463 227.6923076923077 -33.42857142857143 229.2762886139203 -32.07584860566057 229.3260528241606 -34.76052743532979 226.05856256045485 -34.76052743532979 226.10832677069513 -32.07584860566057
T01464 230.7692307692308 -33.42857142857143 232.3532116908434 -32.07584860566057 232.4029759010837 -34.76052743532979 229.1354856373779 -34.76052743532979 229.1852498476182 -32.07584860566057
T01465 233.84615384615384 -33.42857142857143 235.43013476776645 -32.07584860566057 235.47989897800667 -34.76052743532979 232.212408714301 -34.76052743532979 232.26217292454123 -32.07584860566057
T01466 236.92307692307693 -33.42857142857143 238.50705784468954 -32.07584860566057 238.55682205492977 -34.76052743532979 235.2893317912241 -34.76052743532979 235.33909600146433 -32.07584860566057
T01467 240.00000000000003 -33.42857142857143 241.58398092161264 -32.07584860566057 241.6337451318529 -34.76052743532979 238.3662548681472 -34.76052743532979 238.41601907838742 -32.07584860566057
T01468 243.07692307692307 -33.42857142857143 244.66090399853567 -32.07584860566057 244.71066820877599 -34.76052743532979 241.44317794507018 -34.76052743532979 241.4929421553105 -32.07584860566056
T01469 246.1538461538462 -33.42857142857143 247.73782707545877 -32.07584860566057 247.78759128569908 -34.76052743532979 244.52010102199327 -34.76052743532979 244.56986523223358 -32.07584860566057
T01470 249.23076923076923 -33.42857142857143 250.81475015238183 -32.07584860566057 250.86451436262212 -34.760527435329784 247.59702409891636 -34.76052743532979 247.64678830915662 -32.07584860566057
T01471 252.30769230769232 -33.42857142857143 253.89167322930493 -32.07584860566057 253.94143743954515 -34.76052743532979 250.6739471758395 -34.76052743532979 250.7237113860797 -32.07584860566057
T01472 255.38461538461542 -33.42857142857143 256.968596306228 -32.07584860566057 257.0183605164683 -34.760527435329784 253.75087025276258 -34.76052743532979 253.8006344630028 -32.07584860566057
T01473 258.46153846153845 -33.42857142857143 260.0455193831511 -32.07584860566057 260.09528359339134 -34.76052743532979 256.82779332968556 -34.76052743532979 256.8775575399259 -32.07584860566057
T01474 261.53846153846155 -33.42857142857143 263.1224424600742 -32.07584860566057 263.17220667031444 -34.76052743532979 259.90471640660866 -34.76052743532979 259.95448061684897 -32.07584860566057
T01475 264.6153846153846 -33.42857142857143 266.1993655369972 -32.07584860566056 266.2491297472375 -34.760527435329784 262.98163948353175 -34.760527435329784 263.031403693772 -32.07584860566056
T01476 267.6923076923077 -33.42857142857143 269.2762886139203 -32.07584860566057 269.32605282416057 -34.76052743532979 266.05856256045485 -34.76052743532979 266.1083267706951 -32.07584860566057
T01477 270.7692307692308 -33.42857142857143 272.3532116908434 -32.07584860566057 272.40297590108366 -34.760527435329784 269.13548563737794 -34.76052743532979 269.1852498476182 -32.07584860566057
T01478 273.84615384615387 -33.42857142857143 275.4301347677665 -32.07584860566057 275.47989897800676 -34.76052743532979 272.21240871430103 -34.76052743532979 272.2621729245413 -32.07584860566057
T01479 276.92307692307696 -33.42857142857143 278.5070578446896 -32.07584860566057 278.5568220549299 -34.76052743532979 275.28933179122413 -34.76052743532979 275.3390960014644 -32.07584860566057
T01480 280.0 -33.42857142857143 281.5839809216126 -32.07584860566057 281.6337451318529 -34.76052743532979 278.36625486814717 -34.76052743532979 278.41601907838736 -32.07584860566057
T01481 283.0769230769231 -33.42857142857143 284.6609039985357 -32.07584860566057 284.710668208776 -34.76052743532979 281.44317794507026 -34.76052743532979 281.49294215531046 -32.07584860566057
T01482 286.1538461538462 -33.42857142857143 287.73782707545877 -32.07584860566057 287.7875912856991 -34.76052743532979 284.52010102199336 -34.76052743532979 284.56986523223355 -32.07584860566057
T01483 289.2307692307692 -33.42857142857143 290.8147501523818 -32.07584860566057 290.8645143626221 -34.76052743532979 287.59702409891634 -34.76052743532979 287.64678830915665 -32.07584860566057
T01484 292.3076923076923 -33.42857142857143 293.8916732293049 -32.07584860566056 293.9414374395452 -34.760527435329784 290.67394717583943 -34.760527435329784 290.72371138607974 -32.07584860566057
T01485 295.38461538461536 -33.42857142857143 296.968596306228 -32.07584860566057 297.0183605164682 -34.76052743532979 293.7508702527625 -34.76052743532979 293.8006344630028 -32.07584860566057
T01486 298.46153846153845 -33.42857142857143 300.0455193831511 -32.07584860566057 300.0952835933913 -34.76052743532979 296.8277933296856 -34.76052743532979 296.8775575399259 -32.07584860566057
T01487 301.53846153846155 -33.42857142857143 303.1224424600742 -32.07584860566057 303.17220667031444 -34.760527435329784 299.9047164066087 -34.760527435329784 299.95448061684897 -32.07584860566057
T01488 304.6153846153846 -33.42857142857143 306.1993655369972 -32.07584860566057 306.24912974723753 -34.760527435329784 302.9816394835317 -34.760527435329784 303.031403693772 -32.07584860566057
T01489 307.6923076923077 -33.42857142857143 309.2762886139203 -32.07584860566057 309.3260528241606 -34.760527435329784 306.0585625604548 -34.760527435329784 306.1083267706951 -32.07584860566057
T01490 310.76923076923083 -33.42857142857143 312.35321169084347 -32.07584860566057 312.4029759010837 -34.76052743532979 309.13548563737794 -34.76052743532979 309.18524984761825 -32.07584860566057
T01491 313.84615384615387 -33.42857142857143 315.43013476776645 -32.07584860566057 315.47989897800676 -34.76052743532979 312.212408714301 -34.76052743532979 312.26217292454123 -32.07584860566057
T01492 316.92307692307696 -33.42857142857143 318.50705784468954 -32.07584860566057 318.55682205492985 -34.76052743532979 315.28933179122413 -34.76052743532979 315.3390960014643 -32.07584860566057
T01493 320.0 -33.42857142857143 321.5839809216126 -32.07584860566057 321.6337451318529 -34.76052743532979 318.3662548681471 -34.76052743532979 318.41601907838736 -32.07584860566057
T01494 323.0769230769231 -33.42857142857143 324.6609039985357 -32.07584860566057 324.710668208776 -34.76052743532979 321.4431779450702 -34.76052743532979 321.49294215531046 -32.07584860566057
T01495 326.1538461538462 -33.42857142857143 327.73782707545877 -32.07584860566057 327.7875912856991 -34.76052743532979 324.5201010219933 -34.76052743532979 324.5698652322336 -32.07584860566057
T01496 329.2307692307692 -33.42857142857143 330.81475015238186 -32.07584860566057 330.8645143626221 -34.76052743532979 327.5970240989164 -34.76052743532979 327.64678830915665 -32.07584860566057
T01497 332.3076923076923 -33.42857142857143 333.89167322930496 -32.07584860566057 333.9414374395452 -34.76052743532979 330.6739471758395 -34.76052743532979 330.72371138607974 -32.07584860566057
T01498 335.38461538461536 -33.42857142857143 336.968596306228 -32.07584860566057 337.01836051646825 -34.76052743532979 333.75087025276247 -34.76052743532979 333.8006344630028 -32.07584860566057
T01499 338.46153846153845 -33.42857142857143 340.0455193831511 -32.07584860566057 340.09528359339134 -34.76052743532978 336.82779332968556 -34.76052743532979 336.8775575399259 -32.07584860566057
T01500 341.53846153846155 -33.42857142857143 343.1224424600742 -32.07584860566057 343.17220667031444 -34.76052743532979 339.90471640660866 -34.76052743532979 339.95448061684897 -32.07584860566057
T01501 344.61538461538464 -33.42857142857143 346.1993655369973 -32.07584860566057 346.2491297472376 -34.760527435329784 342.9816394835318 -34.76052743532979 343.03140369377206 -32.07584860566057
T01502 347.69230769230774 -33.42857142857143 349.27628861392037 -32.07584860566057 349.3260528241607 -34.76052743532979 346.05856256045485 -34.76052743532979 346.10832677069516 -32.07584860566057
T01503 350.7692307692308 -33.42857142857143 352.35321169084335 -32.07584860566057 352.40297590108366 -34.76052743532979 349.1354856373779 -34.76052743532979 349.18524984761814 -32.07584860566057
T01504 353.84615384615387 -33.42857142857143 355.43013476776645 -32.07584860566057 355.47989897800676 -34.76052743532979 352.212408714301 -34.76052743532979 352.26217292454123 -32.07584860566057
T01505 356.92307692307696 -33.42857142857143 358.50705784468954 -32.07584860566057 358.55682205492985 -34.76052743532979 355.2893317912241 -34.76052743532979 355.3390960014643 -32.07584860566057
T01506 0.0 -30.857142857142858 1.5421763918959706 -29.505376370373565 1.5859667967633566 -32.19011325013147 358.41403320323667 -32.19011325013147 358.45782360810404 -29.505376370373572
T01507 2.975206611570248 -30.857142857142858 4.517383003466217 -29.505376370373565 4.561173408333604 -32.19011325013147 1.389239814806924 -32.19011325013147 1.433030219674309 -29.505376370373572
T01508 5.950413223140496 -30.857142857142858 7.492589615036467 -29.505376370373565 7.536380019903853 -32.19011325013147 4.364446426377172 -32.19011325013147 4.408236831244556 -29.505376370373572
T01509 8.925619834710744 -30.857142857142858 10.467796226606715 -29.505376370373565 10.511586631474099 -32.19011325013147 7.339653037947422 -32.19011325013147 7.383443442814805 -29.505376370373565
T01510 11.900826446280991 -30.857142857142858 13.443002838176962 -29.505376370373572 13.486793243044346 -32.19011325013147 10.314859649517667 -32.19011325013147 10.358650054385052 -29.505376370373572
T01511 14.87603305785124 -30.857142857142858 16.418209449747213 -29.505376370373565 16.4619998546146 -32.19011325013147 13.290066261087917 -32.19011325013147 13.333856665955302 -29.505376370373572
T01512 17.85123966942149 -30.857142857142858 19.39341606131746 -29.505376370373565 19.43720646618485 -32.19011325013147 16.26527287265817 -32.19011325013147 16.309063277525553 -29.505376370373572
T01513 20.82644628099174 -30.857142857142858 22.368622672887714 -29.505376370373572 22.412413077755097 -32.19011325013147 19.240479484228416 -32.19011325013147 19.284269889095807 -29.505376370373572
T01514 23.801652892561982 -30.857142857142858 25.343829284457954 -29.505376370373572 25.387619689325344 -32.19011325013147 22.215686095798663 -32.190113250131475 22.259476500666047 -29.505376370373572
T01515 26.77685950413223 -30.857142857142858 28.3190358960282 -29.505376370373565 28.362826300895584 -32.19011325013147 25.190892707368906 -32.19011325013147 25.23468311223629 -29.505376370373565
T01516 29.75206611570248 -30.857142857142858 31.294242507598447 -29.505376370373565 31.338032912465835 -32.19011325013147 28.166099318939157 -32.19011325013147 28.20988972380654 -29.505376370373565
T01517 32.72727272727273 -30.857142857142858 34.2694491191687 -29.505376370373565 34.31323952403609 -32.19011325013147 31.141305930509404 -32.19011325013147 31.185096335376787 -29.505376370373572
T01518 35.70247933884298 -30.857142857142858 37.24465573073895 -29.505376370373572 37.28844613560633 -32.19011325013147 34.116512542079654 -32.19011325013147 34.16030294694704 -29.505376370373572
T01519 38.67768595041322 -30.857142857142858 40.2198623423092 -29.505376370373572 40.263652747176586 -32.19011325013147 37.0917191536499 -32.19011325013147 37.13550955851729 -29.505376370373572
T01520 41.65289256198348 -30.857142857142858 43.195068953879456 -29.505376370373572 43.23885935874684 -32.19011325013147 40.06692576522016 -32.19011325013147 40.11071617008754 -29.505376370373572
T01521 44.62809917355372 -30.857142857142858 46.1702755654497 -29.505376370373572 46.21406597031709 -32.19011325013147 43.0421323767904 -32.19011325013147 43.08592278165778 -29.505376370373572
T01522 47.603305785123965 -30.857142857142858 49.145482177019936 -29.505376370373565 49.18927258188733 -32.19011325013147 46.01733898836065 -32.19011325013147 46.06112939322803 -29.505376370373565
T01523 50.578512396694215 -30.857142857142858 52.12068878859018 -29.505376370373572 52.164479193457574 -32.19011325013147 48.99254559993089 -32.19011325013147 49.03633600479827 -29.505376370373572
T01524 53.55371900826446 -30.857142857142858 55.09589540016044 -29.505376370373572 55.13968580502782 -32.19011325013147 51.967752211501136 -32.19011325013147 52.01154261636852 -29.505376370373572
T01525 56.528925619834716 -30.857142857142858 58.07110201173068 -29.505376370373572 58.11489241659806 -32.19011325013147 54.942958823071386 -32.19011325013147 54.98674922793877 -29.505376370373572
T01526 59.50413223140496 -30.857142857142858 61.04630862330094 -29.505376370373565 61.09009902816832 -32.19011325013147 57.91816543464163 -32.19011325013147 57.961955839509024 -29.505376370373565
T01527 62.4793388429752 -30.857142857142858 64.02151523487117 -29.505376370373572 64.06530563973855 -32.19011325013147 60.89337204621187 -32.19011325013147 60.93716245107927 -29.505376370373572
T01528 65.45454545454545 -30.857142857142858 66.99672184644143 -29.505376370373572 67.04051225130881 -32.19011325013147 63.86857865778212 -32.19011325013147 63.91236906264952 -29.505376370373572
T01529 68.42975206611571 -30.857142857142858 69.97192845801167 -29.505376370373565 70.01571886287907 -32.19011325013147 66.84378526935238 -32.19011325013147 66.88757567421978 -29.505376370373565
T01530 71.40495867768595 -30.857142857142858 72.94713506958193 -29.505376370373572 72.99092547444931 -32.19011325013147 69.81899188092264 -32.19011325013147 69.86278228579003 -29.505376370373565
T01531 74.3801652892562 -30.857142857142858 75.92234168115218 -29.505376370373565 75.96613208601956 -32.19011325013147 72.79419849249287 -32.19011325013147 72.83798889736026 -29.505376370373565
T01532 77.35537190082644 -30.857142857142858 78.89754829272242 -29.505376370373572 78.9413386975898 -32.19011325013147 75.76940510406311 -32.19011325013147 75.81319550893049 -29.505376370373572
T01533 80.3305785123967 -30.857142857142858 81.87275490429266 -29.505376370373572 81.91654530916006 -32.19011325013147 78.74461171563338 -32.19011325013147 78.78840212050076 -29.505376370373572
T01534 83.30578512396696 -30.857142857142858 84.84796151586293 -29.505376370373565 84.89175192073031 -32.19011325013147 81.71981832720363 -32.19011325013147 81.76360873207102 -29.505376370373572
T01535 86.28099173553719 -30.857142857142858 87.82316812743316 -29.505376370373565 87.86695853230054 -32.19011325013147 84.69502493877386 -32.19011325013147 84.73881534364125 -29.505376370373565
T01536 89.25619834710744 -30.857142857142858 90.79837473900342 -29.505376370373572 90.8421651438708 -32.19011325013147 87.67023155034411 -32.19011325013147 87.7140219552115 -29.505376370373572
T01537 92.23140495867769 -30.857142857142858 93.77358135057365 -29.505376370373572 93.81737175544104 -32.19011325013147 90.64543816191436 -32.19011325013147 90.68922856678175 -29.505376370373572
T01538 95.20661157024793 -30.857142857142858 96.74878796214391 -29.505376370373565 96.79257836701129 -32.19011325013147 93.62064477348461 -32.19011325013147 93.66443517835201 -29.505376370373565
T01539 98.18181818181819 -30.857142857142858 99.72399457371417 -29.505376370373565 99.76778497858155 -32.19011325013147 96.59585138505486 -32.190113250131475 96.63964178992225 -29.505376370373572
T01540 101.15702479338843 -30.857142857142858 102.69920118528441 -29.505376370373565 102.74299159015179 -32.19011325013147 99.5710579966251 -32.19011325013147 99.6148484014925 -29.505376370373565
T01541 104.13223140495869 -30.857142857142858 105.67440779685467 -29.505376370373572 105.71819820172205 -32.19011325013147 102.54626460819537 -32.19011325013147 102.59005501306277 -29.505376370373572
T01542 107.10743801652892 -30.857142857142858 108.6496144084249 -29.505376370373572 108.69340481329228 -32.19011325013147 105.5214712197656 -32.19011325013147 105.565261624633 -29.505376370373572
T01543 110.08264462809917 -30.857142857142858 111.62482101999515 -29.505376370373565 111.66861142486253 -32.19011325013147 108.49667783133584 -32.19011325013147 108.54046823620322 -29.505376370373565
T01544 113.05785123966943 -30.857142857142858 114.6000276315654 -29.505376370373572 114.64381803643279 -32.190113250131475 111.47188444290612 -32.19011325013147 111.5156748477735 -29.505376370373572
T01545 116.03305785123968 -30.857142857142858 117.57523424313564 -29.505376370373565 117.61902464800302 -32.19011325013147 114.44709105447635 -32.19011325013147 114.49088145934374 -29.505376370373565
T01546 119.00826446280992 -30.857142857142858 120.5504408547059 -29.505376370373572 120.59423125957328 -32.19011325013147 117.42229766604659 -32.19011325013147 117.46608807091397 -29.505376370373572
T01547 121.98347107438018 -30.857142857142858 123.52564746627615 -29.505376370373572 123.56943787114353 -32.19011325013147 120.39750427761685 -32.19011325013147 120.44129468248423 -29.505376370373572
T01548 124.9586776859504 -30.857142857142858 126.50085407784638 -29.505376370373565 126.54464448271376 -32.19011325013147 123.37271088918708 -32.19011325013147 123.41650129405446 -29.505376370373565
T01549 127.93388429752066 -30.857142857142858 129.47606068941664 -29.505376370373565 129.519851094284 -32.19011325013147 126.34791750075733 -32.19011325013147 126.39170790562471 -29.505376370373572
T01550 130.9090909090909 -30.857142857142858 132.45126730098687 -29.505376370373565 132.49505770585426 -32.19011325013147 129.32312411232758 -32.19011325013147 129.36691451719497 -29.505376370373572
T01551 133.88429752066116 -30.857142857142858 135.42647391255713 -29.505376370373572 135.47026431742452 -32.19011325013147 132.29833072389783 -32.19011325013147 132.34212112876523 -29.505376370373565
T01552 136.85950413223142 -30.857142857142858 138.40168052412739 -29.505376370373572 138.44547092899478 -32.19011325013147 135.2735373354681 -32.19011325013147 135.31732774033546 -29.505376370373572
T01553 139.83471074380165 -30.857142857142858 141.37688713569761 -29.505376370373572 141.420677540565 -32.19011325013147 138.24874394703832 -32.19011325013147 138.2925343519057 -29.505376370373572
T01554 142.8099173553719 -30.857142857142858 144.3520937472679 -29.505376370373572 144.39588415213527 -32.19011325013147 141.2239505586086 -32.19011325013147 141.26774096347597 -29.505376370373572
T01555 145.78512396694214 -30.857142857142858 147.32730035883813 -29.505376370373565 147.3710907637055 -32.19011325013147 144.19915717017884 -32.19011325013147 144.2429475750462 -29.505376370373565
T01556 148.7603305785124 -30.857142857142858 150.3025069704084 -29.505376370373565 150.34629737527575 -32.19011325013147 147.17436378174907 -32.19011325013147 147.21815418661646 -29.505376370373565
T01557 151.73553719008265 -30.857142857142858 153.27771358197862 -29.505376370373565 153.321503986846 -32.19011325013147 150.14957039331932 -32.19011325013147 150.19336079818672 -29.505376370373565
T01558 154.71074380165288 -30.857142857142858 156.25292019354885 -29.505376370373565 156.29671059841624 -32.19011325013146 153.12477700488955 -32.19011325013147 153.16856740975695 -29.505376370373572
T01559 157.68595041322314 -30.857142857142858 159.2281268051191 -29.505376370373572 159.2719172099865 -32.19011325013147 156.0999836164598 -32.19011325013147 156.1437740213272 -29.505376370373572
T01560 160.6611570247934 -30.857142857142858 162.20333341668936 -29.505376370373572 162.24712382155676 -32.19011325013147 159.07519022803007 -32.19011325013147 159.11898063289743 -29.505376370373572
T01561 163.63636363636365 -30.857142857142858 165.17854002825962 -29.505376370373572 165.222330433127 -32.19011325013147 162.05039683960032 -32.19011325013147 162.0941872444677 -29.505376370373572
T01562 166.6115702479339 -30.857142857142858 168.1537466398299 -29.505376370373572 168.19753704469727 -32.19011325013147 165.02560345117058 -32.19011325013147 165.06939385603798 -29.505376370373565
T01563 169.5867768595041 -30.857142857142858 171.1289532514001 -29.505376370373572 171.17274365626747 -32.19011325013147 168.00081006274078 -32.19011325013147 168.04460046760818 -29.505376370373572
T01564 172.56198347107437 -30.857142857142858 174.10415986297036 -29.505376370373565 174.14795026783773 -32.19011325013147 170.97601667431104 -32.19011325013147 171.01980707917843 -29.505376370373572
T01565 175.53719008264463 -30.857142857142858 177.0793664745406 -29.505376370373572 177.123156879408 -32.19011325013147 173.9512232858813 -32.19011325013147 173.9950136907487 -29.505376370373572
T01566 178.51239669421489 -30.857142857142858 180.05457308611082 -29.505376370373565 180.09836349097824 -32.19011325013147 176.92642989745156 -32.19011325013147 176.97022030231895 -29.505376370373565
T01567 181.48760330578514 -30.857142857142858 183.02977969768108 -29.505376370373565 183.0735701025485 -32.19011325013147 179.9016365090218 -32.19011325013147 179.94542691388918 -29.505376370373565
T01568 184.46280991735537 -30.857142857142858 186.0049863092513 -29.505376370373572 186.04877671411873 -32.19011325013147 182.87684312059204 -32.19011325013147 182.9206335254594 -29.505376370373572
T01569 187.43801652892563 -30.857142857142858 188.9801929208216 -29.505376370373565 189.023983325689 -32.19011325013147 185.85204973216233 -32.19011325013147 185.8958401370297 -29.505376370373572
T01570 190.41322314049586 -30.857142857142858 191.95539953239182 -29.505376370373572 191.99918993725922 -32.19011325013147 188.82725634373256 -32.190113250131475 188.87104674859992 -29.505376370373572
T01571 193.38842975206612 -30.857142857142858 194.93060614396208 -29.505376370373565 194.97439654882945 -32.19011325013147 191.8024629553028 -32.19011325013147 191.84625336017018 -29.505376370373572
T01572 196.36363636363637 -30.857142857142858 197.90581275553234 -29.505376370373572 197.94960316039973 -32.19011325013147 194.77766956687304 -32.19011325013147 194.82145997174044 -29.505376370373565
T01573 199.3388429752066 -30.857142857142858 200.88101936710257 -29.505376370373565 200.92480977196996 -32.19011325013147 197.75287617844327 -32.19011325013147 197.79666658331067 -29.505376370373565
T01574 202.31404958677686 -30.857142857142858 203.8562259786728 -29.505376370373565 203.9000163835402 -32.19011325013147 200.72808279001353 -32.19011325013147 200.77187319488092 -29.505376370373572
T01575 205.28925619834712 -30.857142857142858 206.83143259024305 -29.505376370373572 206.87522299511045 -32.19011325013147 203.7032894015838 -32.19011325013147 203.74707980645115 -29.505376370373572
T01576 208.26446280991738 -30.857142857142858 209.80663920181334 -29.505376370373565 209.85042960668073 -32.19011325013147 206.67849601315407 -32.19011325013147 206.72228641802144 -29.505376370373565
T01577 211.23966942148763 -30.857142857142858 212.7818458133836 -29.505376370373565 212.82563621825096 -32.19011325013147 209.6537026247243 -32.19011325013147 209.6974930295917 -29.505376370373572
T01578 214.21487603305783 -30.857142857142858 215.7570524249538 -29.505376370373572 215.8008428298212 -32.19011325013147 212.6289092362945 -32.19011325013147 212.6726996411619 -29.505376370373572
T01579 217.1900826446281 -30.857142857142858 218.73225903652406 -29.505376370373572 218.77604944139142 -32.19011325013147 215.60411584786476 -32.190113250131475 215.64790625273216 -29.505376370373572
T01580 220.16528925619835 -30.857142857142858 221.7074656480943 -29.505376370373572 221.7512560529617 -32.19011325013147 218.579322459435 -32.19011325013147 218.6231128643024 -29.505376370373572
T01581 223.1404958677686 -30.857142857142858 224.68267225966454 -29.505376370373565 224.72646266453197 -32.19011325013147 221.55452907100528 -32.19011325013147 221.59831947587264 -29.505376370373572
T01582 226.11570247933886 -30.857142857142858 227.6578788712348 -29.505376370373565 227.70166927610222 -32.19011325013147 224.52973568257553 -32.190113250131475 224.5735260874429 -29.505376370373572
T01583 229.0909090909091 -30.857142857142858 230.63308548280506 -29.505376370373572 230.67687588767245 -32.19011325013147 227.50494229414576 -32.19011325013147 227.54873269901313 -29.505376370373565
T01584 232.06611570247935 -30.857142857142858 233.6082920943753 -29.505376370373565 233.65208249924268 -32.19011325013147 230.48014890571602 -32.19011325013147 230.5239393105834 -29.505376370373565
T01585 235.04132231404958 -30.857142857142858 236.58349870594552 -29.505376370373572 236.6272891108129 -32.19011325013147 233.45535551728625 -32.19011325013147 233.49914592215362 -29.505376370373572
T01586 238.01652892561984 -30.857142857142858 239.5587053175158 -29.505376370373572 239.60249572238317 -32.19011325013147 236.43056212885648 -32.19011325013147 236.4743525337239 -29.505376370373572
T01587 240.99173553719007 -30.857142857142858 242.53391192908603 -29.505376370373572 242.5777023339534 -32.19011325013147 239.40576874042674 -32.19011325013147 239.44955914529413 -29.505376370373565
T01588 243.96694214876035 -30.857142857142858 245.5091185406563 -29.505376370373572 245.55290894552368 -32.19011325013147 242.38097535199702 -32.19011325013147 242.42476575686442 -29.505376370373572
T01589 246.94214876033058 -30.857142857142858 248.48432515222652 -29.505376370373572 248.5281155570939 -32.19011325013147 245.35618196356725 -32.19011325013147 245.39997236843465 -29.505376370373572
T01590 249.9173553719008 -30.857142857142858 251.45953176379675 -29.505376370373565 251.50332216866414 -32.19011325013147 248.33138857513748 -32.19011325013147 248.37517898000485 -29.505376370373565
T01591 252.8925619834711 -30.857142857142858 254.43473837536703 -29.505376370373572 254.47852878023443 -32.19011325013147 251.30659518670777 -32.19011325013147 251.35038559157513 -29.505376370373572
T01592 255.86776859504133 -30.857142857142858 257.40994498693726 -29.505376370373572 257.4537353918046 -32.19011325013147 254.281801798278 -32.19011325013147 254.32559220314536 -29.505376370373572
T01593 258.8429752066116 -30.857142857142858 260.38515159850755 -29.505376370373565 260.4289420033749 -32.19011325013146 257.25700840984825 -32.19011325013147 257.3007988147156 -29.505376370373565
T01594 261.8181818181818 -30.857142857142858 263.3603582100778 -29.505376370373572 263.40414861494514 -32.19011325013147 260.2322150214185 -32.19011325013147 260.27600542628585 -29.505376370373572
T01595 264.79338842975204 -30.857142857142858 266.335564821648 -29.505376370373565 266.3793552265154 -32.19011325013147 263.2074216329887 -32.19011325013147 263.2512120378561 -29.505376370373565
T01596 267.7685950413223 -30.857142857142858 269.3107714332183 -29.505376370373572 269.35456183808566 -32.19011325013147 266.182628244559 -32.19011325013147 266.22641864942636 -29.505376370373565
T01597 270.74380165289256 -30.857142857142858 272.2859780447885 -29.505376370373572 272.3297684496559 -32.19011325013147 269.1578348561292 -32.19011325013147 269.2016252609966 -29.505376370373572
T01598 273.71900826446284 -30.857142857142858 275.2611846563588 -29.505376370373572 275.3049750612262 -32.19011325013147 272.1330414676995 -32.19011325013147 272.1768318725669 -29.505376370373565
T01599 276.6942148760331 -30.857142857142858 278.23639126792904 -29.505376370373565 278.2801816727964 -32.19011325013147 275.10824807926974 -32.19011325013147 275.1520384841371 -29.505376370373565
T01600 279.6694214876033 -30.857142857142858 281.21159787949927 -29.505376370373572 281.25538828436663 -32.19011325013147 278.08345469084 -32.19011325013147 278.12724509570734 -29.505376370373572
T01601 282.6446280991736 -30.857142857142858 284.1868044910695 -29.505376370373572 284.2305948959369 -32.19011325013147 281.05866130241026 -32.19011325013147 281.1024517072776 -29.505376370373572
T01602 285.6198347107438 -30.857142857142858 287.1620111026398 -29.505376370373565 287.2058015075072 -32.19011325013147 284.03386791398054 -32.19011325013147 284.0776583188479 -29.505376370373565
T01603 288.5950413223141 -30.857142857142858 290.13721771421007 -29.505376370373565 290.18100811907743 -32.19011325013147 287.0090745255508 -32.19011325013147 287.0528649304182 -29.505376370373572
T01604 291.5702479338843 -30.857142857142858 293.11242432578024 -29.505376370373565 293.1562147306476 -32.19011325013147 289.98428113712095 -32.19011325013147 290.02807154198837 -29.505376370373565
T01605 294.5454545454545 -30.857142857142858 296.08763093735047 -29.505376370373572 296.13142134221783 -32.19011325013147 292.9594877486912 -32.19011325013147 293.0032781535586 -29.505376370373572
T01606 297.5206611570248 -30.857142857142858 299.06283754892075 -29.505376370373572 299.1066279537881 -32.19011325013147 295.93469436026146 -32.19011325013147 295.9784847651289 -29.505376370373572
T01607 300.495867768595 -30.857142857142858 302.038044160491 -29.505376370373565 302.08183456535835 -32.19011325013147 298.9099009718317 -32.19011325013147 298.9536913766991 -29.505376370373572
T01608 303.4710743801653 -30.857142857142858 305.01325077206127 -29.505376370373572 305.05704117692864 -32.19011325013147 301.885107583402 -32.19011325013147 301.92889798826934 -29.505376370373572
T01609 306.44628099173553 -30.857142857142858 307.9884573836315 -29.505376370373572 308.03224778849886 -32.19011325013147 304.8603141949722 -32.19011325013147 304.90410459983957 -29.505376370373572
T01610 309.42148760330576 -30.857142857142858 310.9636639952017 -29.505376370373565 311.0074544000691 -32.19011325013147 307.83552080654243 -32.19011325013147 307.8793112114098 -29.505376370373565
T01611 312.39669421487605 -30.857142857142858 313.938870606772 -29.505376370373565 313.9826610116394 -32.19011325013147 310.8107274181127 -32.19011325013147 310.8545178229801 -29.505376370373572
T01612 315.3719008264463 -30.857142857142858 316.91407721834224 -29.505376370373572 316.9578676232096 -32.19011325013147 313.78593402968295 -32.19011325013147 313.8297244345503 -29.505376370373572
T01613 318.34710743801656 -30.857142857142858 319.88928382991253 -29.505376370373565 319.9330742347799 -32.19011325013147 316.76114064125323 -32.19011325013147 316.8049310461206 -29.505376370373572
T01614 321.3223140495868 -30.857142857142858 322.86449044148276 -29.505376370373565 322.9082808463501 -32.19011325013147 319.73634725282346 -32.19011325013147 319.78013765769083 -29.505376370373565
T01615 324.297520661157 -30.857142857142858 325.839697053053 -29.505376370373572 325.88348745792035 -32.19011325013147 322.7115538643937 -32.19011325013147 322.75534426926106 -29.505376370373572
T01616 327.2727272727273 -30.857142857142858 328.8149036646232 -29.505376370373572 328.85869406949064 -32.19011325013147 325.686760475964 -32.19011325013147 325.73055088083134 -29.505376370373572
T01617 330.24793388429754 -30.857142857142858 331.7901102761935 -29.505376370373565 331.8339006810609 -32.19011325013147 328.66196708753426 -32.19011325013147 328.70575749240163 -29.505376370373565
T01618 333.2231404958678 -30.857142857142858 334.7653168877638 -29.505376370373565 334.80910729263115 -32.19011325013147 331.6371736991045 -32.19011325013147 331.6809641039719 -29.505376370373565
T01619 336.198347107438 -30.857142857142858 337.74052349933396 -29.505376370373572 337.7843139042013 -32.19011325013147 334.61238031067467 -32.19011325013147 334.6561707155421 -29.505376370373572
T01620 339.1735537190082 -30.857142857142858 340.7157301109042 -29.505376370373572 340.75952051577156 -32.19011325013147 337.5875869222449 -32.19011325013147 337.6313773271123 -29.505376370373572
T01621 342.1487603305785 -30.857142857142858 343.6909367224745 -29.505376370373572 343.73472712734184 -32.19011325013147 340.5627935338152 -32.19011325013147 340.6065839386826 -29.505376370373572
T01622 345.12396694214874 -30.857142857142858 346.6661433340447 -29.505376370373565 346.70993373891207 -32.19011325013147 343.5380001453854 -32.19011325013147 343.58179055025283 -29.505376370373565
T01623 348.099173553719 -30.857142857142858 349.641349945615 -29.505376370373572 349.68514035048236 -32.19011325013147 346.5132067569557 -32.19011325013147 346.55699716182306 -29.505376370373572
T01624 351.07438016528926 -30.857142857142858 352.6165565571852 -29.505376370373565 352.6603469620526 -32.19011325013147 349.4884133685259 -32.19011325013147 349.5322037733933 -29.505376370373565
T01625 354.0495867768595 -30.857142857142858 355.59176316875545 -29.505376370373565 355.6355535736228 -32.19011325013146 352.46361998009615 -32.19011325013146 352.5074103849635 -29.505376370373565
T01626 357.02479338842977 -30.857142857142858 358.56696978032573 -29.505376370373572 358.6107601851931 -32.19011325013147 355.43882659166644 -32.19011325013147 355.4826169965338 -29.505376370373565
T01627 0.0 -28.285714285714285 1.5054737180574127 -26.934856738758633 1.54392233368462 -29.619643297737973 358.45607766631537 -29.619643297737973 358.4945262819426 -26.934856738758633
T01628 2.903225806451613 -28.285714285714285 4.408699524509025 -26.934856738758633 4.447148140136233 -29.619643297737966 1.359303472767024 -29.619643297737973 1.3977520883942305 -26.934856738758633
T01629 5.806451612903226 -28.285714285714285 7.311925330960639 -26.93485673875863 7.350373946587846 -29.619643297737973 4.2625292792186364 -29.619643297737973 4.300977894845843 -26.93485673875863
T01630 8.70967741935484 -28.285714285714285 10.215151137412253 -26.93485673875863 10.253599753039461 -29.619643297737973 7.165755085670254 -29.619643297737973 7.204203701297458 -26.934856738758633
T01631 11.612903225806452 -28.285714285714285 13.118376943863865 -26.934856738758633 13.156825559491073 -29.619643297737973 10.068980892121862 -29.619643297737973 10.107429507749071 -26.934856738758633
T01632 14.516129032258066 -28.285714285714285 16.02160275031548 -26.934856738758633 16.060051365942687 -29.619643297737973 12.972206698573475 -29.619643297737973 13.010655314200683 -26.934856738758633
T01633 17.41935483870968 -28.285714285714285 18.924828556767093 -26.934856738758633 18.9632771723943 -29.619643297737973 15.875432505025092 -29.619643297737973 15.913881120652299 -26.934856738758633
T01634 20.322580645161292 -28.285714285714285 21.828054363218705 -26.934856738758633 21.866502978845915 -29.619643297737973 18.7786583114767 -29.619643297737973 18.817106927103904 -26.934856738758633
T01635 23.225806451612904 -28.285714285714285 24.731280169670317 -26.934856738758633 24.769728785297524 -29.61964329773798 21.681884117928313 -29.619643297737973 21.720332733555523 -26.934856738758633
T01636 26.129032258064516 -28.285714285714285 27.634505976121922 -26.93485673875863 27.672954591749132 -29.619643297737966 24.585109924379925 -29.619643297737966 24.62355854000713 -26.93485673875863
T01637 29.03225806451613 -28.285714285714285 30.537731782573537 -26.93485673875863 30.576180398200748 -29.619643297737966 27.488335730831547 -29.619643297737973 27.526784346458747 -26.934856738758633
T01638 31.935483870967744 -28.285714285714285 33.44095758902516 -26.934856738758633 33.47940620465237 -29.619643297737966 30.39156153728316 -29.619643297737966 30.430010152910363 -26.934856738758633
T01639 34.83870967741936 -28.285714285714285 36.344183395476776 -26.93485673875863 36.382632011103986 -29.619643297737966 33.294787343734775 -29.619643297737973 33.33323595936198 -26.93485673875863
T01640 37.74193548387097 -28.285714285714285 39.24740920192838 -26.934856738758633 39.28585781755559 -29.619643297737973 36.19801315018638 -29.619643297737973 36.23646176581357 -26.934856738758633
T01641 40.645161290322584 -28.285714285714285 42.15063500837999 -26.934856738758633 42.189083624007196 -29.619643297737973 39.10123895663799 -29.619643297737973 39.139687572265196 -26.934856738758633
T01642 43.54838709677419 -28.285714285714285 45.05386081483161 -26.934856738758633 45.09230943045882 -29.619643297737973 42.00446476308961 -29.619643297737973 42.042913378716804 -26.934856738758633
T01643 46.45161290322581 -28.285714285714285 47.95708662128322 -26.934856738758633 47.99553523691042 -29.619643297737973 44.9076905695412 -29.619643297737973 44.94613918516842 -26.934856738758633
T01644 49.354838709677416 -28.285714285714285 50.86031242773483 -26.934856738758633 50.89876104336204 -29.619643297737966 47.81091637599284 -29.619643297737973 47.84936499162004 -26.934856738758633
T01645 52.25806451612903 -28.285714285714285 53.76353823418645 -26.934856738758633 53.80198684981365 -29.619643297737966 50.71414218244445 -29.619643297737966 50.75259079807166 -26.934856738758633
T01646 55.16129032258064 -28.285714285714285 56.66676404063805 -26.934856738758633 56.70521265626525 -29.619643297737973 53.61736798889604 -29.619643297737973 53.65581660452325 -26.934856738758633
T01647 58.06451612903226 -28.285714285714285 59.569989847089666 -26.934856738758633 59.60843846271688 -29.619643297737966 56.520593795347665 -29.619643297737973 56.559042410974875 -26.934856738758633
T01648 60.96774193548387 -28.285714285714285 62.47321565354129 -26.934856738758633 62.51166426916849 -29.619643297737973 59.42381960179928 -29.619643297737966 59.4622682174265 -26.934856738758633
T01649 63.87096774193549 -28.285714285714285 65.3764414599929 -26.934856738758633 65.41489007562011 -29.619643297737973 62.327045408250896 -29.619643297737973 62.3654940238781 -26.934856738758633
T01650 66.7741935483871 -28.285714285714285 68.27966726644452 -26.934856738758633 68.31811588207172 -29.619643297737973 65.23027121470251 -29.61964329773798 65.26871983032973 -26.934856738758633
T01651 69.67741935483872 -28.285714285714285 71.18289307289614 -26.934856738758633 71.22134168852334 -29.619643297737973 68.13349702115413 -29.619643297737973 68.17194563678135 -26.93485673875863
T01652 72.58064516129032 -28.285714285714285 74.08611887934774 -26.934856738758633 74.12456749497494 -29.619643297737973 71.03672282760573 -29.619643297737973 71.07517144323295 -26.934856738758633
T01653 75.48387096774194 -28.285714285714285 76.98934468579935 -26.934856738758633 77.02779330142656 -29.619643297737966 73.93994863405734 -29.619643297737973 73.97839724968455 -26.934856738758633
T01654 78.38709677419355 -28.285714285714285 79.89257049225097 -26.934856738758633 79.93101910787817 -29.619643297737973 76.84317444050896 -29.619643297737973 76.88162305613618 -26.934856738758636
T01655 81.29032258064517 -28.285714285714285 82.79579629870258 -26.934856738758633 82.83424491432979 -29.619643297737973 79.74640024696059 -29.619643297737973 79.7848488625878 -26.93485673875863
T01656 84.19354838709677 -28.285714285714285 85.69902210515419 -26.934856738758633 85.73747072078139 -29.619643297737973 82.64962605341218 -29.619643297737973 82.68807466903938 -26.934856738758633
T01657 87.09677419354838 -28.285714285714285 88.6022479116058 -26.934856738758633 88.640696527233 -29.619643297737973 85.5528518598638 -29.619643297737966 85.59130047549101 -26.934856738758633
T01658 90.0 -28.285714285714285 91.50547371805742 -26.934856738758633 91.54392233368462 -29.619643297737973 88.45607766631541 -29.619643297737973 88.49452628194263 -26.934856738758633
T01659 92.90322580645162 -28.285714285714285 94.40869952450903 -26.934856738758633 94.44714814013624 -29.619643297737966 91.35930347276702 -29.619643297737973 91.39775208839424 -26.934856738758633
T01660 95.80645161290323 -28.285714285714285 97.31192533096065 -26.93485673875863 97.35037394658785 -29.619643297737973 94.26252927921864 -29.619643297737966 94.30097789484586 -26.93485673875863
T01661 98.70967741935483 -28.285714285714285 100.21515113741225 -26.934856738758633 100.25359975303945 -29.619643297737973 97.16575508567024 -29.619643297737973 97.20420370129744 -26.934856738758633
T01662 101.61290322580645 -28.285714285714285 103.11837694386386 -26.934856738758633 103.15682555949107 -29.619643297737973 100.06898089212186 -29.619643297737973 100.10742950774906 -26.934856738758633
T01663 104.51612903225806 -28.285714285714285 106.02160275031548 -26.934856738758633 106.06005136594268 -29.619643297737973 102.97220669857347 -29.619643297737973 103.01065531420068 -26.934856738758633
T01664 107.41935483870968 -28.285714285714285 108.9248285567671 -26.934856738758633 108.9632771723943 -29.619643297737973 105.87543250502509 -29.619643297737973 105.91388112065229 -26.934856738758633
T01665 110.32258064516128 -28.285714285714285 111.8280543632187 -26.93485673875863 111.8665029788459 -29.619643297737973 108.77865831147669 -29.619643297737973 108.8171069271039 -26.93485673875863
T01666 113.2258064516129 -28.285714285714285 114.73128016967031 -26.934856738758633 114.76972878529753 -29.619643297737973 111.6818841179283 -29.619643297737973 111.72033273355552 -26.934856738758633
T01667 116.12903225806453 -28.285714285714285 117.63450597612194 -26.934856738758633 117.67295459174916 -29.619643297737966 114.58510992437994 -29.619643297737973 114.62355854000714 -26.934856738758633
T01668 119.03225806451613 -28.285714285714285 120.53773178257354 -26.93485673875863 120.57618039820073 -29.619643297737966 117.48833573083155 -29.619643297737973 117.52678434645874 -26.934856738758633
T01669 121.93548387096774 -28.285714285714285 123.44095758902516 -26.934856738758633 123.47940620465238 -29.619643297737966 120.39156153728317 -29.619643297737966 120.43001015291036 -26.934856738758633
T01670 124.83870967741935 -28.285714285714285 126.34418339547676 -26.934856738758633 126.38263201110395 -29.619643297737973 123.29478734373477 -29.619643297737973 123.33323595936196 -26.934856738758633
T01671 127.74193548387098 -28.285714285714285 129.24740920192838 -26.934856738758633 129.28585781755558 -29.619643297737973 126.19801315018637 -29.619643297737973 126.23646176581359 -26.934856738758633
T01672 130.64516129032256 -28.285714285714285 132.15063500837996 -26.934856738758633 132.18908362400717 -29.619643297737973 129.10123895663796 -29.619643297737973 129.1396875722652 -26.934856738758633
T01673 133.5483870967742 -28.285714285714285 135.0538608148316 -26.934856738758633 135.09230943045884 -29.619643297737973 132.00446476308963 -29.619643297737973 132.0429133787168 -26.934856738758633
T01674 136.4516129032258 -28.285714285714285 137.95708662128322 -26.934856738758633 137.9955352369104 -29.619643297737973 134.9076905695412 -29.619643297737973 134.94613918516842 -26.934856738758633
T01675 139.35483870967744 -28.285714285714285 140.86031242773487 -26.934856738758633 140.89876104336207 -29.619643297737973 137.81091637599286 -29.619643297737973 137.84936499162006 -26.934856738758633
T01676 142.25806451612902 -28.285714285714285 143.76353823418643 -26.934856738758633 143.80198684981366 -29.619643297737966 140.71414218244445 -29.619643297737966 140.75259079807162 -26.934856738758633
T01677 145.16129032258064 -28.285714285714285 146.66676404063807 -26.934856738758633 146.70521265626525 -29.619643297737973 143.61736798889604 -29.619643297737973 143.65581660452327 -26.934856738758633
T01678 148.06451612903226 -28.285714285714285 149.56998984708966 -26.934856738758633 149.6084384627169 -29.619643297737973 146.52059379534768 -29.619643297737973 146.55904241097485 -26.934856738758633
T01679 150.96774193548387 -28.285714285714285 152.4732156535413 -26.934856738758633 152.5116642691685 -29.619643297737973 149.4238196017993 -29.619643297737966 149.4622682174265 -26.934856738758633
T01680 153.8709677419355 -28.285714285714285 155.37644145999292 -26.934856738758633 155.41489007562012 -29.619643297737973 152.3270454082509 -29.619643297737973 152.3654940238781 -26.93485673875863
T01681 156.7741935483871 -28.285714285714285 158.2796672664445 -26.934856738758633 158.31811588207174 -29.619643297737973 155.23027121470253 -29.61964329773798 155.2687198303297 -26.934856738758633
T01682 159.6774193548387 -28.285714285714285 161.18289307289612 -26.93485673875863 161.22134168852332 -29.619643297737973 158.13349702115408 -29.619643297737973 158.17194563678132 -26.934856738758633
T01683 162.58064516129033 -28.285714285714285 164.08611887934777 -26.934856738758636 164.12456749497497 -29.61964329773798 161.03672282760576 -29.619643297737973 161.07517144323296 -26.934856738758633
T01684 165.48387096774192 -28.285714285714285 166.98934468579935 -26.93485673875863 167.02779330142656 -29.619643297737966 163.93994863405734 -29.619643297737966 163.97839724968455 -26.934856738758633
T01685 168.38709677419354 -28.285714285714285 169.89257049225097 -26.934856738758633 169.93101910787817 -29.619643297737973 166.84317444050896 -29.619643297737973 166.88162305613616 -26.934856738758633
T01686 171.29032258064515 -28.285714285714285 172.79579629870256 -26.93485673875863 172.8342449143298 -29.619643297737973 169.74640024696058 -29.619643297737973 169.78484886258775 -26.93485673875863
T01687 174.19354838709677 -28.285714285714285 175.6990221051542 -26.934856738758633 175.7374707207814 -29.619643297737973 172.6496260534122 -29.619643297737973 172.6880746690394 -26.934856738758633
T01688 177.09677419354838 -28.285714285714285 178.60224791160582 -26.934856738758633 178.64069652723302 -29.619643297737973 175.5528518598638 -29.619643297737966 175.591300475491 -26.934856738758633
T01689 180.0 -28.285714285714285 181.5054737180574 -26.934856738758633 181.5439223336846 -29.619643297737973 178.45607766631542 -29.619643297737973 178.4945262819426 -26.934856738758633
T01690 182.9032258064516 -28.285714285714285 184.408699524509 -26.93485673875863 184.4471481401362 -29.619643297737966 181.35930347276698 -29.619643297737966 181.3977520883942 -26.93485673875863
T01691 185.80645161290323 -28.285714285714285 187.3119253309606 -26.934856738758633 187.35037394658784 -29.619643297737973 184.26252927921863 -29.619643297737973 184.30097789484583 -26.934856738758633
T01692 188.70967741935485 -28.285714285714285 190.21515113741225 -26.93485673875863 190.25359975303945 -29.619643297737973 187.16575508567024 -29.619643297737973 187.20420370129747 -26.934856738758633
T01693 191.61290322580646 -28.285714285714285 193.1183769438639 -26.934856738758633 193.15682555949107 -29.619643297737973 190.06898089212186 -29.619643297737973 190.1074295077491 -26.934856738758633
T01694 194.51612903225808 -28.285714285714285 196.02160275031545 -26.934856738758633 196.06005136594268 -29.619643297737973 192.97220669857347 -29.619643297737966 193.01065531420068 -26.934856738758633
T01695 197.41935483870967 -28.285714285714285 198.92482855676707 -26.934856738758633 198.96327717239427 -29.619643297737973 195.87543250502506 -29.619643297737973 195.9138811206523 -26.934856738758633
T01696 200.3225806451613 -28.285714285714285 201.8280543632187 -26.93485673875863 201.86650297884594 -29.619643297737973 198.77865831147673 -29.619643297737973 198.81710692710394 -26.93485673875863
T01697 203.2258064516129 -28.285714285714285 204.7312801696703 -26.934856738758633 204.7697287852975 -29.619643297737973 201.6818841179283 -29.619643297737973 201.72033273355552 -26.934856738758633
T01698 206.1290322580645 -28.285714285714285 207.63450597612191 -26.93485673875863 207.67295459174912 -29.619643297737966 204.5851099243799 -29.619643297737966 204.62355854000714 -26.93485673875863
T01699 209.03225806451613 -28.285714285714285 210.5377317825735 -26.93485673875863 210.57618039820073 -29.619643297737966 207.48833573083152 -29.619643297737973 207.52678434645873 -26.934856738758633
T01700 211.93548387096774 -28.285714285714285 213.44095758902517 -26.934856738758633 213.47940620465235 -29.619643297737966 210.39156153728314 -29.619643297737966 210.43001015291037 -26.934856738758633
T01701 214.83870967741936 -28.285714285714285 216.34418339547676 -26.934856738758633 216.38263201110396 -29.619643297737973 213.29478734373478 -29.619643297737973 213.33323595936199 -26.934856738758633
T01702 217.74193548387098 -28.285714285714285 219.24740920192835 -26.934856738758633 219.28585781755558 -29.619643297737973 216.19801315018637 -29.619643297737973 216.23646176581357 -26.934856738758633
T01703 220.64516129032256 -28.285714285714285 222.15063500837996 -26.934856738758633 222.18908362400717 -29.619643297737973 219.10123895663796 -29.619643297737973 219.1396875722652 -26.934856738758633
T01704 223.5483870967742 -28.285714285714285 225.05386081483158 -26.934856738758633 225.0923094304588 -29.619643297737973 222.0044647630896 -29.619643297737973 222.0429133787168 -26.934856738758633
T01705 226.4516129032258 -28.285714285714285 227.95708662128322 -26.934856738758633 227.9955352369104 -29.619643297737973 224.9076905695412 -29.619643297737973 224.94613918516842 -26.934856738758633
T01706 229.3548387096774 -28.285714285714285 230.86031242773478 -26.934856738758633 230.89876104336201 -29.619643297737973 227.8109163759928 -29.619643297737973 227.84936499162 -26.934856738758633
T01707 232.25806451612905 -28.285714285714285 233.76353823418643 -26.934856738758633 233.80198684981366 -29.619643297737973 230.71414218244445 -29.619643297737966 230.75259079807165 -26.934856738758633
T01708 235.16129032258064 -28.285714285714285 236.66676404063804 -26.934856738758633 236.70521265626525 -29.619643297737973 233.61736798889604 -29.619643297737973 233.65581660452327 -26.934856738758633
T01709 238.06451612903226 -28.285714285714285 239.56998984708963 -26.934856738758633 239.60843846271686 -29.619643297737973 236.52059379534765 -29.619643297737966 236.55904241097485 -26.934856738758633
T01710 240.96774193548384 -28.285714285714285 242.47321565354125 -26.934856738758633 242.51166426916845 -29.619643297737973 239.42381960179924 -29.619643297737966 239.46226821742647 -26.93485673875863
T01711 243.8709677419355 -28.285714285714285 245.3764414599929 -26.934856738758633 245.4148900756201 -29.619643297737973 242.32704540825088 -29.619643297737973 242.3654940238781 -26.93485673875863
T01712 246.7741935483871 -28.285714285714285 248.27966726644448 -26.934856738758633 248.3181158820717 -29.619643297737973 245.2302712147025 -29.619643297737973 245.2687198303297 -26.934856738758633
T01713 249.6774193548387 -28.285714285714285 251.1828930728961 -26.934856738758633 251.2213416885233 -29.619643297737973 248.13349702115408 -29.61964329773798 248.17194563678132 -26.934856738758633
T01714 252.5806451612903 -28.285714285714285 254.08611887934768 -26.93485673875863 254.1245674949749 -29.619643297737966 251.0367228276057 -29.619643297737966 251.0751714432329 -26.93485673875863
T01715 255.48387096774195 -28.285714285714285 256.9893446857993 -26.934856738758633 257.0277933014265 -29.619643297737973 253.93994863405734 -29.619643297737973 253.97839724968455 -26.934856738758633
T01716 258.38709677419354 -28.285714285714285 259.8925704922509 -26.934856738758633 259.93101910787817 -29.619643297737973 256.84317444050896 -29.619643297737973 256.88162305613616 -26.934856738758633
T01717 261.2903225806451 -28.285714285714285 262.79579629870256 -26.93485673875863 262.83424491432976 -29.619643297737973 259.74640024696055 -29.619643297737966 259.78484886258775 -26.93485673875863
T01718 264.19354838709677 -28.285714285714285 265.69902210515414 -26.934856738758633 265.73747072078135 -29.619643297737973 262.64962605341213 -29.619643297737973 262.68807466903934 -26.934856738758633
T01719 267.0967741935484 -28.285714285714285 268.6022479116058 -26.934856738758633 268.640696527233 -29.619643297737973 265.5528518598638 -29.619643297737966 265.591300475491 -26.934856738758633
T01720 270.0 -28.285714285714285 271.5054737180574 -26.934856738758633 271.5439223336846 -29.619643297737973 268.45607766631537 -29.619643297737973 268.4945262819426 -26.934856738758633
T01721 272.9032258064516 -28.285714285714285 274.40869952450896 -26.93485673875863 274.4471481401362 -29.619643297737966 271.359303472767 -29.619643297737966 271.3977520883942 -26.93485673875863
T01722 275.8064516129032 -28.285714285714285 277.3119253309606 -26.934856738758633 277.3503739465878 -29.619643297737973 274.2625292792186 -29.619643297737973 274.3009778948458 -26.934856738758633
T01723 278.7096774193549 -28.285714285714285 280.2151511374123 -26.93485673875863 280.2535997530395 -29.619643297737973 277.1657550856703 -29.619643297737973 277.2042037012975 -26.93485673875863
T01724 281.61290322580646 -28.285714285714285 283.11837694386384 -26.934856738758633 283.15682555949104 -29.619643297737973 280.06898089212183 -29.619643297737973 280.10742950774903 -26.934856738758633
T01725 284.51612903225805 -28.285714285714285 286.0216027503154 -26.934856738758633 286.0600513659426 -29.619643297737966 282.9722066985734 -29.619643297737966 283.0106553142007 -26.93485673875863
T01726 287.4193548387097 -28.285714285714285 288.92482855676707 -26.934856738758633 288.9632771723943 -29.619643297737973 285.8754325050251 -29.619643297737973 285.9138811206523 -26.934856738758633
T01727 290.3225806451613 -28.285714285714285 291.8280543632187 -26.934856738758633 291.8665029788459 -29.619643297737973 288.7786583114767 -29.619643297737973 288.8171069271039 -26.934856738758633
T01728 293.2258064516129 -28.285714285714285 294.73128016967036 -26.934856738758633 294.76972878529756 -29.619643297737973 291.68188411792835 -29.619643297737973 291.72033273355555 -26.934856738758633
T01729 296.1290322580645 -28.285714285714285 297.6345059761219 -26.93485673875863 297.6729545917491 -29.619643297737966 294.5851099243799 -29.619643297737973 294.6235585400071 -26.934856738758633
T01730 299.03225806451616 -28.285714285714285 300.53773178257353 -26.93485673875863 300.57618039820073 -29.619643297737966 297.4883357308315 -29.619643297737966 297.5267843464588 -26.93485673875863
T01731 301.93548387096774 -28.285714285714285 303.4409575890251 -26.934856738758633 303.4794062046524 -29.619643297737966 300.39156153728317 -29.619643297737966 300.43001015291037 -26.93485673875863
T01732 304.83870967741933 -28.285714285714285 306.34418339547676 -26.934856738758633 306.38263201110396 -29.619643297737973 303.29478734373475 -29.619643297737973 303.33323595936196 -26.93485673875863
T01733 307.741935483871 -28.285714285714285 309.2474092019284 -26.93485673875863 309.2858578175556 -29.619643297737966 306.1980131501864 -29.619643297737966 306.2364617658136 -26.934856738758633
T01734 310.6451612903226 -28.285714285714285 312.15063500838005 -26.934856738758633 312.18908362400725 -29.619643297737973 309.10123895663804 -29.619643297737973 309.13968757226525 -26.934856738758633
T01735 313.5483870967742 -28.285714285714285 315.0538608148316 -26.934856738758633 315.0923094304588 -29.619643297737973 312.0044647630896 -29.619643297737973 312.04291337871683 -26.934856738758633
T01736 316.4516129032258 -28.285714285714285 317.95708662128317 -26.934856738758633 317.9955352369104 -29.619643297737973 314.9076905695412 -29.619643297737973 314.9461391851684 -26.934856738758633
T01737 319.3548387096774 -28.285714285714285 320.8603124277348 -26.934856738758633 320.898761043362 -29.619643297737973 317.8109163759928 -29.619643297737973 317.84936499162 -26.934856738758633
T01738 322.258064516129 -28.285714285714285 323.76353823418646 -26.934856738758633 323.80198684981366 -29.619643297737973 320.71414218244445 -29.619643297737966 320.75259079807165 -26.934856738758633
T01739 325.16129032258067 -28.285714285714285 326.6667640406381 -26.934856738758633 326.7052126562653 -29.619643297737973 323.6173679888961 -29.619643297737973 323.6558166045233 -26.934856738758633
T01740 328.06451612903226 -28.285714285714285 329.56998984708963 -26.934856738758633 329.60843846271683 -29.619643297737973 326.5205937953476 -29.619643297737966 326.5590424109749 -26.934856738758633
T01741 330.96774193548384 -28.285714285714285 332.4732156535412 -26.934856738758633 332.5116642691685 -29.619643297737973 329.42381960179927 -29.619643297737966 329.46226821742647 -26.93485673875863
T01742 333.8709677419355 -28.285714285714285 335.37644145999286 -26.934856738758633 335.4148900756201 -29.619643297737973 332.3270454082509 -29.619643297737966 332.3654940238781 -26.93485673875863
T01743 336.7741935483871 -28.285714285714285 338.2796672664445 -26.934856738758633 338.3181158820717 -29.619643297737973 335.2302712147025 -29.619643297737973 335.2687198303297 -26.934856738758633
T01744 339.6774193548387 -28.285714285714285 341.18289307289615 -26.93485673875863 341.22134168852335 -29.619643297737973 338.13349702115414 -29.619643297737973 338.17194563678135 -26.93485673875863
T01745 342.5806451612903 -28.285714285714285 344.0861188793477 -26.93485673875863 344.1245674949749 -29.619643297737966 341.0367228276057 -29.619643297737966 341.07517144323293 -26.93485673875863
T01746 345.48387096774195 -28.285714285714285 346.9893446857993 -26.934856738758633 347.0277933014265 -29.619643297737966 343.9399486340573 -29.619643297737973 343.9783972496846 -26.934856738758633
T01747 348.38709677419354 -28.285714285714285 349.8925704922509 -26.934856738758633 349.93101910787817 -29.619643297737973 346.84317444050896 -29.619643297737973 346.88162305613616 -26.934856738758633
T01748 351.2903225806451 -28.285714285714285 352.79579629870256 -26.93485673875863 352.83424491432976 -29.619643297737973 349.74640024696055 -29.619643297737966 349.78484886258775 -26.93485673875863
T01749 354.19354838709677 -28.285714285714285 355.6990221051542 -26.934856738758633 355.7374707207814 -29.619643297737973 352.6496260534122 -29.619643297737973 352.6880746690394 -26.934856738758633
T01750 357.0967741935484 -28.285714285714285 358.6022479116058 -26.934856738758633 358.640696527233 -29.619643297737973 355.5528518598638 -29.619643297737966 355.591300475491 -26.934856738758633
T01751 0.0 -25.714285714285715 1.4733739514325928 -24.36429655810026 1.5070041541993244 -27.049125620102114 358.4929958458007 -27.049125620102117 358.52662604856744 -24.36429655810026
T01752 2.857142857142857 -25.714285714285715 4.330516808575451 -24.364296558100264 4.364147011342182 -27.049125620102117 1.3501387029435639 -27.049125620102117 1.3837689057102946 -24.364296558100264
T01753 5.714285714285714 -25.714285714285715 7.187659665718308 -24.364296558100264 7.22128986848504 -27.049125620102117 4.207281560086422 -27.049125620102117 4.240911762853152 -24.364296558100264
T01754 8.571428571428571 -25.714285714285715 10.044802522861165 -24.364296558100264 10.078432725627895 -27.049125620102117 7.064424417229278 -27.049125620102117 7.098054619996009 -24.36429655810026
T01755 11.428571428571429 -25.714285714285715 12.901945380004022 -24.36429655810026 12.935575582770753 -27.049125620102114 9.921567274372137 -27.049125620102117 9.955197477138867 -24.364296558100264
T01756 14.285714285714286 -25.714285714285715 15.75908823714688 -24.36429655810026 15.792718439913608 -27.049125620102117 12.778710131514991 -27.049125620102117 12.812340334281725 -24.364296558100264
T01757 17.142857142857142 -25.714285714285715 18.616231094289734 -24.36429655810026 18.649861297056468 -27.049125620102114 15.635852988657845 -27.049125620102114 15.669483191424577 -24.36429655810026
T01758 20.000000000000004 -25.714285714285715 21.473373951432595 -24.36429655810026 21.507004154199322 -27.049125620102114 18.492995845800703 -27.049125620102114 18.526626048567433 -24.36429655810026
T01759 22.857142857142858 -25.714285714285715 24.33051680857545 -24.36429655810026 24.364147011342187 -27.049125620102117 21.350138702943568 -27.049125620102117 21.383768905710294 -24.36429655810026
T01760 25.714285714285715 -25.714285714285715 27.187659665718304 -24.36429655810026 27.221289868485037 -27.049125620102114 24.20728156008642 -27.049125620102114 24.24091176285315 -24.36429655810026
T01761 28.571428571428573 -25.714285714285715 30.04480252286117 -24.364296558100264 30.0784327256279 -27.049125620102117 27.06442441722928 -27.049125620102117 27.098054619996017 -24.364296558100264
T01762 31.42857142857143 -25.714285714285715 32.90194538000402 -24.36429655810026 32.93557558277076 -27.049125620102117 29.921567274372144 -27.049125620102117 29.95519747713887 -24.36429655810026
T01763 34.285714285714285 -25.714285714285715 35.759088237146884 -24.36429655810026 35.79271843991361 -27.049125620102117 32.778710131515 -27.049125620102117 32.81234033428173 -24.36429655810026
T01764 37.142857142857146 -25.714285714285715 38.616231094289745 -24.36429655810026 38.64986129705647 -27.049125620102117 35.635852988657845 -27.049125620102117 35.66948319142458 -24.36429655810026
T01765 40.00000000000001 -25.714285714285715 41.4733739514326 -24.36429655810026 41.507004154199336 -27.04912562010211 38.492995845800706 -27.049125620102114 38.52662604856744 -24.36429655810026
T01766 42.85714285714286 -25.714285714285715 44.33051680857546 -24.36429655810026 44.3641470113422 -27.04912562010211 41.350138702943575 -27.04912562010211 41.383768905710305 -24.36429655810026
T01767 45.714285714285715 -25.714285714285715 47.18765966571829 -24.36429655810026 47.22128986848503 -27.049125620102114 44.20728156008642 -27.049125620102114 44.240911762853145 -24.36429655810026
T01768 48.57142857142857 -25.714285714285715 50.04480252286116 -24.36429655810026 50.07843272562789 -27.04912562010211 47.06442441722927 -27.04912562010211 47.098054619996 -24.36429655810026
T01769 51.42857142857143 -25.714285714285715 52.901945380004015 -24.36429655810026 52.93557558277075 -27.049125620102114 49.92156727437214 -27.049125620102117 49.95519747713886 -24.364296558100264
T01770 54.28571428571429 -25.714285714285715 55.75908823714689 -24.36429655810026 55.79271843991362 -27.049125620102117 52.778710131515 -27.049125620102117 52.81234033428173 -24.36429655810026
T01771 57.142857142857146 -25.714285714285715 58.61623109428973 -24.36429655810026 58.64986129705647 -27.049125620102114 55.63585298865786 -27.049125620102114 55.66948319142458 -24.36429655810026
T01772 60.00000000000001 -25.714285714285715 61.4733739514326 -24.36429655810026 61.507004154199336 -27.049125620102114 58.492995845800706 -27.049125620102114 58.526626048567444 -24.36429655810026
T01773 62.85714285714286 -25.714285714285715 64.33051680857545 -24.36429655810026 64.3641470113422 -27.049125620102117 61.350138702943575 -27.049125620102114 61.38376890571031 -24.36429655810026
T01774 65.71428571428572 -25.714285714285715 67.18765966571831 -24.36429655810026 67.22128986848504 -27.049125620102114 64.20728156008643 -27.049125620102114 64.24091176285316 -24.364296558100264
T01775 68.57142857142857 -25.714285714285715 70.04480252286116 -24.364296558100264 70.0784327256279 -27.049125620102117 67.06442441722928 -27.04912562010212 67.098054619996 -24.364296558100264
T01776 71.42857142857143 -25.714285714285715 72.90194538000402 -24.36429655810026 72.93557558277075 -27.049125620102117 69.92156727437212 -27.049125620102117 69.95519747713887 -24.36429655810026
T01777 74.28571428571429 -25.714285714285715 75.75908823714688 -24.364296558100264 75.79271843991361 -27.049125620102117 72.778710131515 -27.049125620102117 72.81234033428171 -24.364296558100264
T01778 77.14285714285714 -25.714285714285715 78.61623109428973 -24.36429655810026 78.64986129705647 -27.049125620102117 75.63585298865786 -27.049125620102117 75.66948319142459 -24.36429655810026
T01779 80.00000000000001 -25.714285714285715 81.4733739514326 -24.36429655810026 81.50700415419934 -27.049125620102114 78.49299584580072 -27.049125620102117 78.52662604856745 -24.364296558100264
T01780 82.85714285714286 -25.714285714285715 84.33051680857545 -24.36429655810026 84.3641470113422 -27.049125620102114 81.35013870294358 -27.049125620102114 81.3837689057103 -24.36429655810026
T01781 85.71428571428572 -25.714285714285715 87.18765966571831 -24.36429655810026 87.22128986848504 -27.049125620102117 84.20728156008643 -27.049125620102117 84.24091176285316 -24.36429655810026
T01782 88.57142857142858 -25.714285714285715 90.04480252286119 -24.36429655810026 90.07843272562792 -27.049125620102114 87.0644244172293 -27.049125620102117 87.09805461999602 -24.36429655810026
T01783 91.42857142857143 -25.714285714285715 92.90194538000402 -24.36429655810026 92.93557558277077 -27.049125620102114 89.92156727437215 -27.049125620102114 89.95519747713887 -24.36429655810026
T01784 94.28571428571429 -25.714285714285715 95.75908823714688 -24.36429655810026 95.79271843991361 -27.049125620102117 92.778710131515 -27.049125620102117 92.81234033428173 -24.36429655810026
T01785 97.14285714285714 -25.714285714285715 98.61623109428973 -24.36429655810026 98.64986129705647 -27.049125620102117 95.63585298865786 -27.049125620102117 95.66948319142458 -24.36429655810026
T01786 100.0 -25.714285714285715 101.47337395143259 -24.364296558100264 101.50700415419932 -27.049125620102114 98.4929958458007 -27.049125620102117 98.52662604856744 -24.364296558100264
T01787 102.85714285714286 -25.714285714285715 104.33051680857545 -24.36429655810026 104.36414701134218 -27.049125620102114 101.35013870294357 -27.049125620102117 101.38376890571028 -24.36429655810026
T01788 105.71428571428572 -25.714285714285715 107.18765966571831 -24.364296558100264 107.22128986848506 -27.049125620102117 104.20728156008644 -27.049125620102117 104.24091176285316 -24.364296558100264
T01789 108.57142857142858 -25.714285714285715 110.04480252286118 -24.364296558100264 110.0784327256279 -27.049125620102117 107.06442441722929 -27.049125620102117 107.09805461999602 -24.364296558100264
T01790 111.42857142857143 -25.714285714285715 112.90194538000402 -24.36429655810026 112.93557558277077 -27.049125620102117 109.92156727437215 -27.049125620102117 109.95519747713887 -24.36429655810026
T01791 114.28571428571429 -25.714285714285715 115.7590882371469 -24.36429655810026 115.79271843991361 -27.049125620102114 112.77871013151498 -27.049125620102114 112.81234033428173 -24.36429655810026
T01792 117.14285714285715 -25.714285714285715 118.61623109428974 -24.36429655810026 118.64986129705646 -27.049125620102117 115.63585298865786 -27.049125620102117 115.66948319142458 -24.364296558100264
T01793 120.00000000000001 -25.714285714285715 121.4733739514326 -24.36429655810026 121.50700415419934 -27.049125620102114 118.49299584580072 -27.049125620102114 118.52662604856745 -24.36429655810026
T01794 122.85714285714286 -25.714285714285715 124.33051680857545 -24.36429655810026 124.36414701134217 -27.049125620102114 121.35013870294357 -27.049125620102114 121.3837689057103 -24.36429655810026
T01795 125.71428571428572 -25.714285714285715 127.18765966571831 -24.36429655810026 127.22128986848504 -27.049125620102114 124.20728156008644 -27.049125620102114 124.24091176285316 -24.36429655810026
T01796 128.57142857142858 -25.714285714285715 130.04480252286118 -24.36429655810026 130.07843272562792 -27.049125620102117 127.0644244172293 -27.049125620102117 127.09805461999603 -24.36429655810026
T01797 131.42857142857144 -25.714285714285715 132.90194538000404 -24.36429655810026 132.93557558277075 -27.04912562010211 129.92156727437214 -27.04912562010211 129.95519747713888 -24.36429655810026
T01798 134.28571428571428 -25.714285714285715 135.75908823714687 -24.36429655810026 135.79271843991359 -27.049125620102114 132.778710131515 -27.049125620102117 132.8123403342817 -24.36429655810026
T01799 137.14285714285714 -25.714285714285715 138.61623109428973 -24.36429655810026 138.64986129705647 -27.049125620102114 135.63585298865786 -27.049125620102114 135.66948319142458 -24.36429655810026
T01800 140.00000000000003 -25.714285714285715 141.47337395143262 -24.36429655810026 141.50700415419934 -27.049125620102114 138.49299584580072 -27.049125620102114 138.52662604856746 -24.36429655810026
T01801 142.85714285714286 -25.714285714285715 144.33051680857545 -24.36429655810026 144.36414701134217 -27.049125620102117 141.35013870294358 -27.04912562010212 141.3837689057103 -24.364296558100264
T01802 145.71428571428572 -25.714285714285715 147.18765966571831 -24.36429655810026 147.22128986848506 -27.049125620102114 144.20728156008644 -27.049125620102114 144.24091176285316 -24.36429655810026
T01803 148.57142857142858 -25.714285714285715 150.04480252286118 -24.36429655810026 150.07843272562792 -27.049125620102117 147.06442441722928 -27.049125620102117 147.09805461999602 -24.36429655810026
T01804 151.42857142857144 -25.714285714285715 152.90194538000404 -24.36429655810026 152.93557558277075 -27.049125620102117 149.92156727437217 -27.049125620102117 149.95519747713888 -24.364296558100264
T01805 154.28571428571428 -25.714285714285715 155.75908823714687 -24.36429655810026 155.7927184399136 -27.049125620102117 152.778710131515 -27.049125620102117 152.8123403342817 -24.36429655810026
T01806 157.14285714285717 -25.714285714285715 158.61623109428976 -24.36429655810026 158.6498612970565 -27.049125620102117 155.6358529886579 -27.049125620102117 155.6694831914246 -24.36429655810026
T01807 160.00000000000003 -25.714285714285715 161.47337395143262 -24.364296558100264 161.50700415419934 -27.049125620102117 158.49299584580072 -27.049125620102117 158.52662604856746 -24.364296558100268
T01808 162.85714285714286 -25.714285714285715 164.33051680857545 -24.36429655810026 164.3641470113422 -27.04912562010211 161.35013870294358 -27.049125620102114 161.3837689057103 -24.36429655810026
T01809 165.71428571428572 -25.714285714285715 167.18765966571831 -24.364296558100264 167.22128986848506 -27.049125620102117 164.20728156008644 -27.049125620102117 164.24091176285316 -24.364296558100264
T01810 168.57142857142858 -25.714285714285715 170.04480252286118 -24.36429655810026 170.0784327256279 -27.049125620102117 167.06442441722928 -27.049125620102114 167.09805461999602 -24.36429655810026
T01811 171.42857142857144 -25.714285714285715 172.90194538000404 -24.364296558100264 172.93557558277075 -27.049125620102117 169.92156727437217 -27.049125620102117 169.95519747713888 -24.364296558100264
T01812 174.28571428571428 -25.714285714285715 175.75908823714687 -24.364296558100264 175.7927184399136 -27.049125620102114 172.778710131515 -27.049125620102114 172.8123403342817 -24.364296558100264
T01813 177.14285714285717 -25.714285714285715 178.6162310942898 -24.36429655810026 178.6498612970565 -27.049125620102114 175.6358529886579 -27.049125620102117 175.6694831914246 -24.36429655810026
T01814 180.0 -25.714285714285715 181.47337395143256 -24.36429655810026 181.5070041541993 -27.049125620102114 178.49299584580072 -27.049125620102117 178.52662604856744 -24.36429655810026
T01815 182.85714285714286 -25.714285714285715 184.33051680857545 -24.364296558100264 184.36414701134217 -27.049125620102117 181.35013870294355 -27.049125620102117 181.3837689057103 -24.364296558100264
T01816 185.71428571428572 -25.714285714285715 187.18765966571831 -24.364296558100264 187.22128986848506 -27.049125620102117 184.20728156008641 -27.049125620102117 184.24091176285316 -24.364296558100264
T01817 188.57142857142858 -25.714285714285715 190.04480252286118 -24.364296558100264 190.0784327256279 -27.049125620102117 187.06442441722928 -27.049125620102117 187.09805461999602 -24.36429655810026
T01818 191.42857142857144 -25.714285714285715 192.901945380004 -24.36429655810026 192.93557558277075 -27.049125620102114 189.92156727437214 -27.049125620102117 189.95519747713888 -24.36429655810026
T01819 194.28571428571428 -25.714285714285715 195.75908823714687 -24.36429655810026 195.7927184399136 -27.049125620102117 192.77871013151497 -27.049125620102117 192.8123403342817 -24.364296558100264
T01820 197.14285714285717 -25.714285714285715 198.61623109428973 -24.36429655810026 198.64986129705647 -27.049125620102117 195.63585298865783 -27.049125620102117 195.6694831914246 -24.36429655810026
T01821 200.0 -25.714285714285715 201.4733739514326 -24.36429655810026 201.5070041541993 -27.049125620102114 198.4929958458007 -27.049125620102114 198.52662604856744 -24.364296558100264
T01822 202.85714285714286 -25.714285714285715 204.33051680857542 -24.36429655810026 204.3641470113422 -27.049125620102117 201.35013870294355 -27.049125620102117 201.3837689057103 -24.36429655810026
T01823 205.71428571428572 -25.714285714285715 207.1876596657183 -24.36429655810026 207.22128986848503 -27.049125620102117 204.2072815600864 -27.049125620102117 204.24091176285313 -24.36429655810026
T01824 208.57142857142858 -25.714285714285715 210.04480252286118 -24.36429655810026 210.0784327256279 -27.049125620102114 207.06442441722928 -27.049125620102117 207.09805461999602 -24.36429655810026
T01825 211.42857142857144 -25.714285714285715 212.90194538000404 -24.36429655810026 212.93557558277075 -27.049125620102117 209.92156727437214 -27.049125620102117 209.95519747713888 -24.36429655810026
T01826 214.2857142857143 -25.714285714285715 215.7590882371469 -24.36429655810026 215.79271843991364 -27.049125620102117 212.77871013151503 -27.049125620102117 212.81234033428174 -24.364296558100264
T01827 217.14285714285717 -25.714285714285715 218.61623109428976 -24.364296558100264 218.64986129705647 -27.04912562010212 215.63585298865786 -27.049125620102117 215.6694831914246 -24.364296558100264
T01828 220.0 -25.714285714285715 221.47337395143256 -24.36429655810026 221.5070041541993 -27.04912562010211 218.4929958458007 -27.049125620102114 218.5266260485674 -24.36429655810026
T01829 222.85714285714286 -25.714285714285715 224.33051680857545 -24.36429655810026 224.3641470113422 -27.04912562010211 221.35013870294355 -27.04912562010211 221.3837689057103 -24.36429655810026
T01830 225.71428571428572 -25.714285714285715 227.1876596657183 -24.36429655810026 227.22128986848503 -27.049125620102114 224.20728156008641 -27.049125620102114 224.24091176285316 -24.36429655810026
T01831 228.57142857142858 -25.714285714285715 230.04480252286115 -24.36429655810026 230.07843272562786 -27.04912562010211 227.06442441722928 -27.04912562010211 227.098054619996 -24.36429655810026
T01832 231.42857142857142 -25.714285714285715 232.901945380004 -24.36429655810026 232.93557558277075 -27.049125620102114 229.9215672743721 -27.049125620102114 229.95519747713882 -24.36429655810026
T01833 234.2857142857143 -25.714285714285715 235.7590882371469 -24.36429655810026 235.7927184399136 -27.049125620102117 232.77871013151497 -27.049125620102117 232.8123403342817 -24.36429655810026
T01834 237.14285714285717 -25.714285714285715 238.61623109428976 -24.36429655810026 238.64986129705647 -27.049125620102114 235.63585298865786 -27.049125620102117 235.66948319142458 -24.36429655810026
T01835 240.00000000000003 -25.714285714285715 241.47337395143262 -24.364296558100264 241.50700415419934 -27.049125620102117 238.49299584580072 -27.049125620102117 238.52662604856744 -24.364296558100264
T01836 242.85714285714286 -25.714285714285715 244.33051680857545 -24.36429655810026 244.36414701134217 -27.049125620102117 241.35013870294353 -27.049125620102114 241.3837689057103 -24.36429655810026
T01837 245.71428571428572 -25.714285714285715 247.18765966571831 -24.36429655810026 247.22128986848503 -27.049125620102114 244.20728156008641 -27.049125620102114 244.2409117628532 -24.364296558100264
T01838 248.57142857142858 -25.714285714285715 250.04480252286118 -24.364296558100264 250.0784327256279 -27.049125620102117 247.06442441722928 -27.04912562010212 247.098054619996 -24.364296558100264
T01839 251.42857142857144 -25.714285714285715 252.90194538000404 -24.364296558100264 252.93557558277078 -27.049125620102117 249.92156727437214 -27.049125620102117 249.95519747713885 -24.364296558100264
T01840 254.28571428571433 -25.714285714285715 255.75908823714693 -24.364296558100264 255.79271843991364 -27.049125620102117 252.778710131515 -27.049125620102117 252.81234033428174 -24.36429655810026
T01841 257.14285714285717 -25.714285714285715 258.6162310942898 -24.36429655810026 258.64986129705653 -27.049125620102117 255.6358529886579 -27.049125620102117 255.6694831914246 -24.36429655810026
T01842 260.0 -25.714285714285715 261.4733739514326 -24.36429655810026 261.5070041541993 -27.049125620102114 258.4929958458007 -27.049125620102114 258.52662604856744 -24.364296558100264
T01843 262.8571428571429 -25.714285714285715 264.33051680857545 -24.36429655810026 264.3641470113422 -27.049125620102114 261.3501387029436 -27.049125620102114 261.38376890571027 -24.36429655810026
T01844 265.7142857142857 -25.714285714285715 267.18765966571834 -24.36429655810026 267.2212898684851 -27.049125620102117 264.2072815600864 -27.049125620102117 264.24091176285316 -24.36429655810026
T01845 268.57142857142856 -25.714285714285715 270.0448025228612 -24.36429655810026 270.07843272562786 -27.049125620102114 267.06442441722925 -27.049125620102114 267.098054619996 -24.36429655810026
T01846 271.42857142857144 -25.714285714285715 272.901945380004 -24.36429655810026 272.93557558277075 -27.049125620102114 269.92156727437214 -27.049125620102114 269.9551974771388 -24.36429655810026
T01847 274.2857142857143 -25.714285714285715 275.7590882371469 -24.36429655810026 275.79271843991364 -27.049125620102117 272.77871013151497 -27.049125620102117 272.8123403342817 -24.36429655810026
T01848 277.14285714285717 -25.714285714285715 278.6162310942898 -24.36429655810026 278.6498612970565 -27.049125620102114 275.63585298865786 -27.049125620102114 275.6694831914246 -24.36429655810026
T01849 280.00000000000006 -25.714285714285715 281.4733739514326 -24.36429655810026 281.50700415419936 -27.04912562010211 278.49299584580075 -27.049125620102114 278.52662604856744 -24.36429655810026
T01850 282.85714285714283 -25.714285714285715 284.33051680857545 -24.36429655810026 284.3641470113422 -27.049125620102117 281.3501387029435 -27.049125620102117 281.38376890571027 -24.36429655810026
T01851 285.7142857142857 -25.714285714285715 287.18765966571834 -24.364296558100268 287.22128986848503 -27.04912562010212 284.2072815600864 -27.049125620102117 284.24091176285316 -24.364296558100268
T01852 288.5714285714286 -25.714285714285715 290.0448025228612 -24.364296558100264 290.0784327256279 -27.049125620102114 287.0644244172293 -27.049125620102117 287.098054619996 -24.364296558100264
T01853 291.42857142857144 -25.714285714285715 292.90194538000407 -24.364296558100264 292.93557558277075 -27.049125620102117 289.92156727437214 -27.049125620102117 289.9551974771389 -24.36429655810026
T01854 294.2857142857143 -25.714285714285715 295.7590882371469 -24.364296558100264 295.7927184399136 -27.049125620102117 292.77871013151497 -27.049125620102117 292.8123403342817 -24.364296558100264
T01855 297.14285714285717 -25.714285714285715 298.61623109428973 -24.36429655810026 298.6498612970565 -27.049125620102114 295.63585298865786 -27.049125620102114 295.66948319142455 -24.364296558100264
T01856 300.0 -25.714285714285715 301.4733739514326 -24.364296558100264 301.5070041541993 -27.049125620102117 298.4929958458007 -27.049125620102117 298.52662604856744 -24.364296558100264
T01857 302.8571428571429 -25.714285714285715 304.33051680857545 -24.364296558100264 304.3641470113422 -27.049125620102117 301.3501387029436 -27.049125620102114 301.38376890571027 -24.364296558100264
T01858 305.7142857142858 -25.714285714285715 307.1876596657184 -24.364296558100264 307.22128986848514 -27.049125620102117 304.20728156008647 -27.049125620102117 304.2409117628532 -24.364296558100264
T01859 308.57142857142856 -25.714285714285715 310.0448025228612 -24.36429655810026 310.07843272562786 -27.049125620102117 307.06442441722925 -27.049125620102114 307.098054619996 -24.36429655810026
T01860 311.42857142857144 -25.714285714285715 312.901945380004 -24.36429655810026 312.93557558277075 -27.049125620102114 309.92156727437214 -27.049125620102114 309.9551974771388 -24.36429655810026
T01861 314.28571428571433 -25.714285714285715 315.75908823714695 -24.36429655810026 315.7927184399137 -27.04912562010211 312.778710131515 -27.049125620102114 312.81234033428177 -24.36429655810026
T01862 317.14285714285717 -25.714285714285715 318.6162310942898 -24.36429655810026 318.6498612970565 -27.049125620102114 315.63585298865786 -27.049125620102114 315.6694831914246 -24.36429655810026
T01863 320.00000000000006 -25.714285714285715 321.4733739514326 -24.364296558100264 321.50700415419936 -27.049125620102117 318.49299584580075 -27.049125620102117 318.52662604856744 -24.364296558100264
T01864 322.8571428571429 -25.714285714285715 324.3305168085755 -24.36429655810026 324.36414701134225 -27.049125620102117 321.3501387029436 -27.049125620102117 321.3837689057103 -24.364296558100264
T01865 325.7142857142857 -25.714285714285715 327.18765966571834 -24.36429655810026 327.22128986848503 -27.049125620102114 324.2072815600864 -27.049125620102114 324.24091176285316 -24.36429655810026
T01866 328.5714285714286 -25.714285714285715 330.0448025228612 -24.36429655810026 330.0784327256279 -27.049125620102114 327.0644244172293 -27.049125620102117 327.09805461999605 -24.36429655810026
T01867 331.42857142857144 -25.714285714285715 332.90194538000407 -24.364296558100264 332.9355755827708 -27.049125620102117 329.92156727437214 -27.049125620102117 329.9551974771389 -24.36429655810026
T01868 334.2857142857143 -25.714285714285715 335.7590882371469 -24.36429655810026 335.7927184399136 -27.049125620102117 332.77871013151497 -27.049125620102117 332.8123403342817 -24.36429655810026
T01869 337.14285714285717 -25.714285714285715 338.61623109428973 -24.36429655810026 338.6498612970565 -27.049125620102117 335.63585298865786 -27.049125620102117 335.66948319142455 -24.36429655810026
T01870 340.0 -25.714285714285715 341.4733739514326 -24.364296558100264 341.5070041541993 -27.049125620102117 338.4929958458007 -27.049125620102117 338.52662604856744 -24.364296558100264
T01871 342.8571428571429 -25.714285714285715 344.3305168085755 -24.36429655810026 344.3641470113422 -27.049125620102117 341.3501387029436 -27.049125620102114 341.38376890571027 -24.36429655810026
T01872 345.7142857142858 -25.714285714285715 347.1876596657184 -24.36429655810026 347.22128986848514 -27.049125620102114 344.20728156008647 -27.049125620102117 344.2409117628532 -24.364296558100264
T01873 348.57142857142856 -25.714285714285715 350.0448025228612 -24.36429655810026 350.07843272562786 -27.049125620102114 347.06442441722925 -27.049125620102114 347.098054619996 -24.36429655810026
T01874 351.42857142857144 -25.714285714285715 352.901945380004 -24.36429655810026 352.93557558277075 -27.049125620102114 349.92156727437214 -27.049125620102117 349.9551974771388 -24.36429655810026
T01875 354.28571428571433 -25.714285714285715 355.75908823714695 -24.36429655810026 355.7927184399137 -27.049125620102117 352.778710131515 -27.049125620102117 352.81234033428177 -24.364296558100264
T01876 357.14285714285717 -25.714285714285715 358.6162310942898 -24.36429655810026 358.6498612970565 -27.049125620102114 355.63585298865786 -27.049125620102117 355.6694831914246 -24.36429655810026
T01877 0.0 -23.142857142857142 1.4454631550027297 -21.793701763873017 1.4747091361947904 -24.478567109883254 358.52529086380525 -24.478567109883254 358.5545368449973 -21.79370176387302
T01878 2.7906976744186047 -23.142857142857142 4.236160829421335 -21.793701763873017 4.2654068106133955 -24.478567109883258 1.3159885382238448 -24.478567109883258 1.345234519415905 -21.793701763873017
T01879 5.5813953488372094 -23.142857142857142 7.026858503839939 -21.793701763873017 7.056104485032001 -24.478567109883254 4.10668621264245 -24.478567109883254 4.135932193834511 -21.793701763873017
T01880 8.372093023255813 -23.142857142857142 9.81755617825854 -21.793701763873017 9.8468021594506 -24.478567109883254 6.897383887061051 -24.478567109883254 6.926629868253111 -21.793701763873013
T01881 11.162790697674419 -23.142857142857142 12.608253852677151 -21.793701763873017 12.63749983386921 -24.478567109883254 9.68808156147966 -24.478567109883254 9.717327542671722 -21.793701763873017
T01882 13.953488372093023 -23.142857142857142 15.398951527095754 -21.79370176387302 15.428197508287814 -24.478567109883254 12.478779235898264 -24.478567109883258 12.508025217090324 -21.79370176387302
T01883 16.744186046511626 -23.142857142857142 18.189649201514356 -21.793701763873017 18.218895182706415 -24.478567109883258 15.269476910316866 -24.478567109883254 15.298722891508927 -21.793701763873017
T01884 19.53488372093023 -23.142857142857142 20.980346875932963 -21.793701763873017 21.009592857125018 -24.478567109883254 18.060174584735467 -24.478567109883254 18.089420565927533 -21.793701763873017
T01885 22.325581395348838 -23.142857142857142 23.771044550351572 -21.793701763873017 23.800290531543634 -24.478567109883258 20.85087225915408 -24.478567109883254 20.880118240346142 -21.793701763873017
T01886 25.11627906976744 -23.142857142857142 26.56174222477017 -21.793701763873013 26.590988205962233 -24.478567109883254 23.641569933572683 -24.478567109883254 23.67081591476474 -21.793701763873013
T01887 27.906976744186046 -23.142857142857142 29.352439899188774 -21.793701763873017 29.38168588038084 -24.478567109883254 26.432267607991285 -24.478567109883254 26.461513589183348 -21.793701763873017
T01888 30.697674418604652 -23.142857142857142 32.143137573607376 -21.793701763873013 32.172383554799445 -24.478567109883254 29.222965282409895 -24.478567109883254 29.25221126360195 -21.793701763873013
T01889 33.48837209302325 -23.142857142857142 34.933835248025986 -21.793701763873017 34.96308122921804 -24.478567109883254 32.01366295682849 -24.478567109883254 32.04290893802055 -21.793701763873017
T01890 36.279069767441854 -23.142857142857142 37.72453292244459 -21.793701763873013 37.75377890363664 -24.478567109883254 34.8043606312471 -24.478567109883254 34.83360661243916 -21.793701763873013
T01891 39.06976744186046 -23.142857142857142 40.5152305968632 -21.793701763873017 40.54447657805526 -24.478567109883254 37.59505830566571 -24.478567109883254 37.624304286857765 -21.793701763873017
T01892 41.860465116279066 -23.142857142857142 43.30592827128179 -21.79370176387302 43.335174252473855 -24.478567109883254 40.385755980084305 -24.478567109883254 40.415001961276374 -21.79370176387302
T01893 44.651162790697676 -23.142857142857142 46.09662594570041 -21.793701763873017 46.12587192689247 -24.478567109883254 43.176453654502915 -24.478567109883254 43.205699635694984 -21.793701763873017
T01894 47.44186046511628 -23.142857142857142 48.887323620119005 -21.793701763873013 48.91656960131107 -24.478567109883254 45.96715132892152 -24.478567109883254 45.99639731011358 -21.793701763873017
T01895 50.23255813953488 -23.142857142857142 51.67802129453761 -21.793701763873017 51.70726727572966 -24.478567109883254 48.75784900334011 -24.478567109883254 48.787094984532175 -21.793701763873017
T01896 53.02325581395349 -23.142857142857142 54.468718968956225 -21.79370176387302 54.49796495014828 -24.478567109883258 51.54854667775873 -24.478567109883258 51.57779265895079 -21.79370176387302
T01897 55.81395348837209 -23.142857142857142 57.25941664337482 -21.793701763873013 57.288662624566875 -24.478567109883254 54.339244352177325 -24.478567109883254 54.368490333369394 -21.793701763873013
T01898 58.6046511627907 -23.142857142857142 60.05011431779343 -21.793701763873017 60.07936029898549 -24.478567109883254 57.129942026595934 -24.478567109883254 57.159188007787996 -21.793701763873017
T01899 61.395348837209305 -23.142857142857142 62.84081199221203 -21.793701763873013 62.870057973404094 -24.478567109883254 59.92063970101454 -24.478567109883258 59.949885682206606 -21.793701763873017
T01900 64.18604651162791 -23.142857142857142 65.63150966663063 -21.79370176387302 65.6607556478227 -24.478567109883254 62.711337375433146 -24.478567109883254 62.74058335662521 -21.793701763873017
T01901 66.9767441860465 -23.142857142857142 68.42220734104923 -21.793701763873017 68.45145332224129 -24.478567109883254 65.50203504985174 -24.478567109883254 65.5312810310438 -21.79370176387302
T01902 69.76744186046511 -23.142857142857142 71.21290501546784 -21.793701763873013 71.2421509966599 -24.478567109883254 68.29273272427035 -24.47856710988325 68.3219787054624 -21.793701763873013
T01903 72.55813953488371 -23.142857142857142 74.00360268988643 -21.793701763873017 74.0328486710785 -24.478567109883254 71.08343039868895 -24.478567109883254 71.11267637988101 -21.793701763873017
T01904 75.34883720930232 -23.142857142857142 76.79430036430504 -21.793701763873017 76.8235463454971 -24.478567109883254 73.87412807310757 -24.478567109883254 73.90337405429962 -21.793701763873017
T01905 78.13953488372093 -23.142857142857142 79.58499803872365 -21.79370176387302 79.61424401991572 -24.478567109883254 76.66482574752615 -24.478567109883254 76.69407172871823 -21.79370176387302
T01906 80.93023255813952 -23.142857142857142 82.37569571314225 -21.793701763873013 82.40494169433433 -24.478567109883254 79.45552342194476 -24.478567109883254 79.48476940313682 -21.793701763873017
T01907 83.72093023255813 -23.142857142857142 85.16639338756086 -21.79370176387302 85.19563936875292 -24.478567109883254 82.24622109636337 -24.478567109883254 82.27546707755543 -21.79370176387302
T01908 86.51162790697674 -23.142857142857142 87.95709106197947 -21.79370176387302 87.98633704317153 -24.478567109883258 85.03691877078198 -24.478567109883254 85.06616475197404 -21.79370176387302
T01909 89.30232558139535 -23.142857142857142 90.74778873639808 -21.793701763873017 90.77703471759015 -24.478567109883258 87.82761644520059 -24.478567109883254 87.85686242639265 -21.793701763873017
T01910 92.09302325581395 -23.142857142857142 93.53848641081667 -21.793701763873017 93.56773239200874 -24.478567109883258 90.61831411961919 -24.478567109883254 90.64756010081125 -21.793701763873017
T01911 94.88372093023256 -23.142857142857142 96.32918408523528 -21.793701763873017 96.35843006642735 -24.478567109883254 93.4090117940378 -24.478567109883254 93.43825777522986 -21.79370176387302
T01912 97.67441860465117 -23.142857142857142 99.11988175965391 -21.793701763873017 99.14912774084597 -24.47856710988325 96.1997094684564 -24.478567109883254 96.22895544964847 -21.793701763873013
T01913 100.46511627906976 -23.142857142857142 101.91057943407249 -21.793701763873017 101.93982541526455 -24.478567109883254 98.99040714287501 -24.478567109883254 99.01965312406706 -21.793701763873017
T01914 103.25581395348837 -23.142857142857142 104.7012771084911 -21.79370176387302 104.73052308968316 -24.478567109883258 101.78110481729361 -24.478567109883258 101.81035079848567 -21.79370176387302
T01915 106.04651162790698 -23.142857142857142 107.49197478290972 -21.793701763873017 107.52122076410177 -24.478567109883254 104.5718024917122 -24.478567109883254 104.60104847290428 -21.793701763873013
T01916 108.83720930232558 -23.142857142857142 110.2826724573283 -21.793701763873017 110.31191843852038 -24.478567109883254 107.36250016613081 -24.478567109883254 107.39174614732288 -21.793701763873017
T01917 111.62790697674419 -23.142857142857142 113.07337013174691 -21.793701763873017 113.10261611293897 -24.478567109883254 110.15319784054944 -24.478567109883254 110.18244382174149 -21.79370176387302
T01918 114.41860465116278 -23.142857142857142 115.86406780616552 -21.793701763873013 115.89331378735757 -24.478567109883254 112.94389551496802 -24.478567109883254 112.97314149616008 -21.793701763873013
T01919 117.2093023255814 -23.142857142857142 118.65476548058413 -21.793701763873013 118.6840114617762 -24.478567109883254 115.73459318938663 -24.478567109883254 115.7638391705787 -21.793701763873013
T01920 119.99999999999999 -23.142857142857142 121.4454631550027 -21.793701763873017 121.47470913619478 -24.478567109883254 118.52529086380522 -24.478567109883254 118.55453684499727 -21.793701763873017
T01921 122.79069767441861 -23.142857142857142 124.23616082942135 -21.79370176387302 124.2654068106134 -24.478567109883254 121.31598853822385 -24.478567109883254 121.34523451941592 -21.79370176387302
T01922 125.5813953488372 -23.142857142857142 127.02685850383995 -21.793701763873017 127.056104485032 -24.478567109883254 124.10668621264243 -24.478567109883254 124.1359321938345 -21.793701763873017
T01923 128.37209302325581 -23.142857142857142 129.81755617825857 -21.79370176387302 129.84680215945062 -24.478567109883254 126.89738388706105 -24.478567109883258 126.9266298682531 -21.79370176387302
T01924 131.1627906976744 -23.142857142857142 132.60825385267717 -21.79370176387302 132.6374998338692 -24.478567109883258 129.68808156147963 -24.478567109883258 129.7173275426717 -21.79370176387302
T01925 133.953488372093 -23.142857142857142 135.39895152709573 -21.793701763873017 135.4281975082878 -24.478567109883258 132.47877923589823 -24.478567109883258 132.50802521709028 -21.793701763873017
T01926 136.74418604651163 -23.142857142857142 138.18964920151436 -21.793701763873017 138.2188951827064 -24.478567109883254 135.26947691031685 -24.478567109883254 135.29872289150893 -21.793701763873013
T01927 139.53488372093022 -23.142857142857142 140.98034687593295 -21.79370176387302 141.009592857125 -24.478567109883258 138.06017458473545 -24.478567109883258 138.08942056592753 -21.793701763873017
T01928 142.32558139534882 -23.142857142857142 143.77104455035158 -21.793701763873017 143.80029053154362 -24.478567109883254 140.85087225915407 -24.478567109883254 140.88011824034612 -21.793701763873017
T01929 145.11627906976742 -23.142857142857142 146.56174222477017 -21.79370176387302 146.59098820596222 -24.478567109883258 143.64156993357267 -24.478567109883258 143.67081591476475 -21.79370176387302
T01930 147.90697674418604 -23.142857142857142 149.3524398991888 -21.79370176387302 149.38168588038084 -24.478567109883258 146.4322676079913 -24.478567109883254 146.46151358918337 -21.79370176387302
T01931 150.69767441860463 -23.142857142857142 152.1431375736074 -21.793701763873017 152.17238355479944 -24.478567109883254 149.22296528240986 -24.478567109883254 149.25221126360194 -21.793701763873017
T01932 153.48837209302326 -23.142857142857142 154.93383524802599 -21.793701763873013 154.96308122921803 -24.478567109883254 152.01366295682848 -24.478567109883254 152.04290893802053 -21.793701763873017
T01933 156.27906976744185 -23.142857142857142 157.72453292244458 -21.793701763873017 157.75377890363663 -24.478567109883254 154.80436063124708 -24.478567109883254 154.83360661243916 -21.793701763873017
T01934 159.06976744186048 -23.142857142857142 160.5152305968632 -21.793701763873013 160.54447657805528 -24.478567109883254 157.59505830566573 -24.478567109883254 157.62430428685778 -21.793701763873017
T01935 161.86046511627904 -23.142857142857142 163.3059282712818 -21.793701763873017 163.33517425247385 -24.478567109883258 160.3857559800843 -24.478567109883258 160.41500196127637 -21.793701763873017
T01936 164.65116279069767 -23.142857142857142 166.09662594570042 -21.793701763873017 166.12587192689247 -24.478567109883254 163.17645365450292 -24.478567109883254 163.205699635695 -21.793701763873017
T01937 167.44186046511626 -23.142857142857142 168.88732362011902 -21.793701763873017 168.91656960131107 -24.478567109883254 165.96715132892152 -24.478567109883254 165.9963973101136 -21.793701763873017
T01938 170.2325581395349 -23.142857142857142 171.67802129453761 -21.793701763873013 171.7072672757297 -24.478567109883254 168.7578490033401 -24.478567109883254 168.7870949845322 -21.793701763873013
T01939 173.02325581395348 -23.142857142857142 174.4687189689562 -21.793701763873017 174.49796495014826 -24.478567109883254 171.5485466777587 -24.478567109883254 171.57779265895078 -21.793701763873013
T01940 175.8139534883721 -23.142857142857142 177.25941664337483 -21.793701763873017 177.28866262456688 -24.478567109883254 174.33924435217733 -24.478567109883254 174.3684903333694 -21.793701763873017
T01941 178.6046511627907 -23.142857142857142 180.05011431779343 -21.793701763873017 180.07936029898548 -24.478567109883254 177.12994202659596 -24.478567109883254 177.15918800778803 -21.793701763873017
T01942 181.39534883720927 -23.142857142857142 182.840811992212 -21.793701763873017 182.87005797340404 -24.478567109883254 179.92063970101452 -24.478567109883254 179.9498856822066 -21.793701763873017
T01943 184.1860465116279 -23.142857142857142 185.63150966663062 -21.793701763873017 185.66075564782267 -24.478567109883254 182.71133737543315 -24.478567109883254 182.7405833566252 -21.793701763873017
T01944 186.9767441860465 -23.142857142857142 188.42220734104922 -21.793701763873017 188.45145332224126 -24.478567109883254 185.50203504985174 -24.478567109883254 185.5312810310438 -21.793701763873017
T01945 189.7674418604651 -23.142857142857142 191.21290501546784 -21.793701763873013 191.2421509966599 -24.478567109883254 188.29273272427034 -24.478567109883254 188.32197870546239 -21.793701763873017
T01946 192.5581395348837 -23.142857142857142 194.0036026898864 -21.793701763873017 194.03284867107848 -24.478567109883254 191.08343039868893 -24.478567109883254 191.11267637988098 -21.793701763873017
T01947 195.34883720930233 -23.142857142857142 196.79430036430506 -21.793701763873013 196.8235463454971 -24.478567109883254 193.87412807310758 -24.478567109883254 193.90337405429963 -21.793701763873017
T01948 198.13953488372093 -23.142857142857142 199.58499803872365 -21.793701763873013 199.61424401991573 -24.478567109883254 196.66482574752618 -24.478567109883254 196.69407172871823 -21.793701763873013
T01949 200.93023255813952 -23.142857142857142 202.37569571314225 -21.793701763873017 202.40494169433433 -24.478567109883258 199.45552342194478 -24.478567109883254 199.48476940313682 -21.793701763873017
T01950 203.72093023255812 -23.142857142857142 205.16639338756084 -21.793701763873017 205.1956393687529 -24.478567109883254 202.24622109636337 -24.478567109883254 202.27546707755542 -21.793701763873017
T01951 206.51162790697674 -23.142857142857142 207.95709106197947 -21.793701763873017 207.98633704317155 -24.478567109883254 205.03691877078197 -24.478567109883254 205.06616475197404 -21.793701763873013
T01952 209.30232558139534 -23.142857142857142 210.74778873639806 -21.79370176387302 210.77703471759014 -24.478567109883254 207.82761644520056 -24.478567109883254 207.8568624263926 -21.793701763873017
T01953 212.09302325581396 -23.142857142857142 213.53848641081666 -21.793701763873013 213.5677323920087 -24.478567109883254 210.61831411961919 -24.478567109883254 210.64756010081123 -21.793701763873013
T01954 214.88372093023256 -23.142857142857142 216.32918408523528 -21.793701763873017 216.35843006642733 -24.478567109883254 213.4090117940378 -24.478567109883254 213.43825777522986 -21.793701763873017
T01955 217.67441860465115 -23.142857142857142 219.11988175965388 -21.793701763873017 219.14912774084593 -24.478567109883254 216.1997094684564 -24.478567109883254 216.22895544964845 -21.793701763873017
T01956 220.46511627906975 -23.142857142857142 221.91057943407247 -21.793701763873013 221.93982541526455 -24.478567109883254 218.990407142875 -24.478567109883254 219.01965312406705 -21.793701763873017
T01957 223.25581395348837 -23.142857142857142 224.7012771084911 -21.793701763873013 224.73052308968317 -24.478567109883254 221.78110481729362 -24.478567109883254 221.81035079848567 -21.793701763873017
T01958 226.04651162790697 -23.142857142857142 227.4919747829097 -21.793701763873017 227.52122076410174 -24.478567109883254 224.5718024917122 -24.478567109883254 224.60104847290427 -21.793701763873017
T01959 228.83720930232556 -23.142857142857142 230.28267245732826 -21.79370176387302 230.3119184385203 -24.478567109883254 227.3625001661308 -24.478567109883254 227.39174614732283 -21.79370176387302
T01960 231.62790697674419 -23.142857142857142 233.07337013174686 -21.793701763873017 233.10261611293893 -24.478567109883254 230.15319784054944 -24.478567109883254 230.1824438217415 -21.793701763873017
T01961 234.4186046511628 -23.142857142857142 235.86406780616548 -21.79370176387302 235.89331378735753 -24.478567109883254 232.943895514968 -24.478567109883254 232.9731414961601 -21.793701763873017
T01962 237.20930232558138 -23.142857142857142 238.6547654805841 -21.793701763873017 238.68401146177615 -24.478567109883254 235.73459318938657 -24.478567109883254 235.76383917057862 -21.79370176387302
T01963 239.99999999999997 -23.142857142857142 241.44546315500273 -21.79370176387302 241.47470913619478 -24.478567109883254 238.5252908638052 -24.478567109883254 238.55453684499724 -21.79370176387302
T01964 242.7906976744186 -23.142857142857142 244.23616082942135 -21.793701763873013 244.2654068106134 -24.478567109883254 241.31598853822382 -24.478567109883254 241.34523451941587 -21.793701763873013
T01965 245.58139534883722 -23.142857142857142 247.02685850383995 -21.793701763873013 247.05610448503202 -24.478567109883254 244.10668621264242 -24.478567109883254 244.1359321938345 -21.793701763873013
T01966 248.3720930232558 -23.142857142857142 249.81755617825849 -21.79370176387302 249.8468021594506 -24.478567109883254 246.89738388706098 -24.478567109883254 246.9266298682531 -21.79370176387302
T01967 251.1627906976744 -23.142857142857142 252.60825385267708 -21.79370176387302 252.63749983386919 -24.478567109883254 249.6880815614796 -24.478567109883254 249.7173275426717 -21.79370176387302
T01968 253.95348837209303 -23.142857142857142 255.3989515270957 -21.793701763873017 255.4281975082878 -24.478567109883254 252.4787792358983 -24.478567109883254 252.50802521709033 -21.79370176387302
T01969 256.74418604651163 -23.142857142857142 258.1896492015143 -21.793701763873017 258.21889518270643 -24.478567109883254 255.26947691031685 -24.478567109883254 255.29872289150896 -21.79370176387302
T01970 259.5348837209302 -23.142857142857142 260.9803468759329 -21.79370176387302 261.00959285712497 -24.478567109883258 258.0601745847354 -24.478567109883258 258.08942056592747 -21.79370176387302
T01971 262.3255813953488 -23.142857142857142 263.7710445503516 -21.793701763873017 263.8002905315436 -24.478567109883254 260.850872259154 -24.478567109883254 260.88011824034606 -21.793701763873017
T01972 265.1162790697674 -23.142857142857142 266.56174222477017 -21.793701763873017 266.5909882059622 -24.478567109883254 263.64156993357267 -24.478567109883254 263.6708159147647 -21.793701763873017
T01973 267.906976744186 -23.142857142857142 269.3524398991887 -21.793701763873017 269.3816858803808 -24.478567109883254 266.4322676079912 -24.478567109883258 266.4615135891833 -21.793701763873017
T01974 270.6976744186046 -23.142857142857142 272.1431375736073 -21.793701763873017 272.1723835547994 -24.478567109883254 269.22296528240986 -24.478567109883258 269.25221126360196 -21.793701763873017
T01975 273.48837209302326 -23.142857142857142 274.93383524802596 -21.793701763873017 274.96308122921806 -24.478567109883254 272.01366295682845 -24.478567109883254 272.04290893802056 -21.793701763873017
T01976 276.27906976744185 -23.142857142857142 277.72453292244455 -21.793701763873017 277.75377890363666 -24.478567109883254 274.80436063124705 -24.478567109883254 274.83360661243916 -21.793701763873017
T01977 279.06976744186045 -23.142857142857142 280.51523059686315 -21.793701763873017 280.5444765780552 -24.478567109883254 277.59505830566565 -24.478567109883254 277.6243042868577 -21.793701763873013
T01978 281.86046511627904 -23.142857142857142 283.3059282712818 -21.793701763873017 283.33517425247385 -24.478567109883254 280.38575598008424 -24.478567109883258 280.4150019612763 -21.793701763873017
T01979 284.65116279069764 -23.142857142857142 286.0966259457004 -21.793701763873017 286.12587192689244 -24.478567109883254 283.1764536545029 -24.478567109883254 283.20569963569494 -21.793701763873017
T01980 287.4418604651163 -23.142857142857142 288.88732362011905 -21.793701763873017 288.9165696013111 -24.478567109883254 285.9671513289215 -24.478567109883254 285.99639731011354 -21.793701763873017
T01981 290.23255813953483 -23.142857142857142 291.67802129453753 -21.793701763873017 291.70726727572963 -24.478567109883254 288.7578490033401 -24.478567109883254 288.7870949845322 -21.793701763873017
T01982 293.0232558139535 -23.142857142857142 294.4687189689562 -21.793701763873013 294.4979649501483 -24.478567109883254 291.5485466777587 -24.478567109883254 291.5777926589508 -21.793701763873017
T01983 295.8139534883721 -23.142857142857142 297.2594166433748 -21.793701763873017 297.2886626245669 -24.478567109883254 294.3392443521773 -24.478567109883254 294.3684903333694 -21.79370176387302
T01984 298.60465116279073 -23.142857142857142 300.0501143177935 -21.793701763873013 300.07936029898553 -24.478567109883254 297.129942026596 -24.478567109883254 297.15918800778803 -21.793701763873013
T01985 301.39534883720927 -23.142857142857142 302.840811992212 -21.793701763873017 302.8700579734041 -24.478567109883254 299.92063970101447 -24.478567109883254 299.9498856822065 -21.793701763873017
T01986 304.18604651162786 -23.142857142857142 305.63150966663056 -21.793701763873017 305.66075564782267 -24.478567109883254 302.7113373754331 -24.478567109883254 302.74058335662517 -21.793701763873013
T01987 306.9767441860465 -23.142857142857142 308.4222073410492 -21.793701763873017 308.4514533222413 -24.478567109883254 305.5020350498517 -24.478567109883254 305.53128103104376 -21.793701763873017
T01988 309.7674418604651 -23.142857142857142 311.2129050154678 -21.793701763873017 311.2421509966599 -24.478567109883254 308.29273272427037 -24.478567109883254 308.3219787054624 -21.793701763873017
T01989 312.5581395348837 -23.142857142857142 314.00360268988646 -21.793701763873017 314.0328486710785 -24.478567109883254 311.0834303986889 -24.478567109883254 311.112676379881 -21.793701763873017
T01990 315.3488372093023 -23.142857142857142 316.794300364305 -21.793701763873017 316.8235463454971 -24.478567109883254 313.8741280731075 -24.478567109883254 313.90337405429955 -21.793701763873017
T01991 318.13953488372096 -23.142857142857142 319.5849980387237 -21.79370176387302 319.61424401991576 -24.478567109883254 316.6648257475262 -24.478567109883254 316.69407172871826 -21.79370176387302
T01992 320.9302325581395 -23.142857142857142 322.37569571314225 -21.793701763873017 322.4049416943343 -24.478567109883254 319.4555234219447 -24.478567109883254 319.4847694031368 -21.793701763873017
T01993 323.7209302325581 -23.142857142857142 325.16639338756084 -21.793701763873017 325.1956393687529 -24.478567109883254 322.24622109636334 -24.478567109883254 322.27546707755545 -21.793701763873017
T01994 326.51162790697674 -23.142857142857142 327.9570910619795 -21.793701763873017 327.98633704317155 -24.478567109883254 325.03691877078194 -24.478567109883254 325.066164751974 -21.793701763873017
T01995 329.30232558139534 -23.142857142857142 330.7477887363981 -21.793701763873017 330.77703471759014 -24.478567109883254 327.8276164452006 -24.478567109883254 327.85686242639264 -21.793701763873017
T01996 332.09302325581393 -23.142857142857142 333.5384864108167 -21.793701763873017 333.56773239200874 -24.478567109883254 330.61831411961913 -24.478567109883254 330.64756010081123 -21.793701763873017
T01997 334.8837209302325 -23.142857142857142 336.3291840852353 -21.793701763873013 336.35843006642733 -24.478567109883254 333.4090117940377 -24.478567109883254 333.43825777522983 -21.793701763873013
T01998 337.6744186046512 -23.142857142857142 339.11988175965394 -21.793701763873017 339.149127740846 -24.478567109883254 336.19970946845643 -24.478567109883254 336.22895544964854 -21.79370176387302
T01999 340.4651162790698 -23.142857142857142 341.9105794340725 -21.793701763873017 341.9398254152646 -24.478567109883254 338.990407142875 -24.478567109883254 339.0196531240671 -21.793701763873017
T02000 343.2558139534883 -23.142857142857142 344.70127710849107 -21.793701763873017 344.7305230896831 -24.478567109883254 341.78110481729357 -24.478567109883254 341.8103507984857 -21.793701763873013
T02001 346.04651162790697 -23.142857142857142 347.49197478290967 -21.79370176387302 347.52122076410177 -24.478567109883258 344.57180249171216 -24.478567109883254 344.6010484729042 -21.793701763873017
T02002 348.83720930232556 -23.142857142857142 350.2826724573283 -21.79370176387302 350.31191843852037 -24.478567109883254 347.36250016613076 -24.478567109883254 347.39174614732286 -21.79370176387302
T02003 351.6279069767442 -23.142857142857142 353.0733701317469 -21.793701763873017 353.10261611293896 -24.478567109883254 350.1531978405494 -24.478567109883254 350.1824438217415 -21.793701763873017
T02004 354.41860465116275 -23.142857142857142 355.86406780616545 -21.793701763873017 355.89331378735756 -24.478567109883254 352.94389551496795 -24.478567109883254 352.97314149616005 -21.793701763873017
T02005 357.2093023255814 -23.142857142857142 358.65476548058416 -21.793701763873017 358.6840114617762 -24.478567109883254 355.73459318938666 -24.478567109883254 355.76383917057876 -21.793701763873013
T02006 0.0 -20.571428571428573 1.4213980584740151 -19.223077558193822 1.4466198950091325 -21.90797373899533 358.5533801049909 -21.90797373899533 358.578601941526 -19.223077558193822
T02007 2.7480916030534353 -20.571428571428573 4.169489661527451 -19.223077558193822 4.194711498062568 -21.90797373899533 1.301471708044332 -21.90797373899533 1.326693544579449 -19.223077558193822
T02008 5.4961832061068705 -20.571428571428573 6.917581264580884 -19.223077558193822 6.942803101116002 -21.90797373899533 4.049563311097768 -21.90797373899533 4.074785147632883 -19.223077558193822
T02009 8.244274809160306 -20.571428571428573 9.665672867634319 -19.223077558193822 9.69089470416944 -21.90797373899533 6.797654914151201 -21.90797373899533 6.8228767506863175 -19.223077558193822
T02010 10.992366412213741 -20.571428571428573 12.413764470687756 -19.223077558193822 12.438986307222873 -21.907973738995327 9.545746517204636 -21.907973738995324 9.570968353739755 -19.223077558193822
T02011 13.740458015267176 -20.571428571428573 15.161856073741195 -19.223077558193822 15.187077910276308 -21.90797373899533 12.293838120258071 -21.90797373899533 12.31905995679319 -19.223077558193822
T02012 16.48854961832061 -20.571428571428573 17.909947676794626 -19.223077558193822 17.935169513329743 -21.907973738995327 15.041929723311505 -21.907973738995327 15.067151559846625 -19.223077558193822
T02013 19.236641221374047 -20.571428571428573 20.658039279848065 -19.223077558193822 20.683261116383182 -21.90797373899533 17.79002132636495 -21.907973738995334 17.815243162900064 -19.223077558193822
T02014 21.984732824427482 -20.571428571428573 23.40613088290149 -19.223077558193822 23.431352719436614 -21.90797373899533 20.538112929418382 -21.90797373899533 20.563334765953492 -19.223077558193822
T02015 24.732824427480917 -20.571428571428573 26.154222485954932 -19.223077558193822 26.17944432249005 -21.907973738995327 23.286204532471814 -21.907973738995327 23.31142636900693 -19.223077558193822
T02016 27.480916030534353 -20.571428571428573 28.902314089008367 -19.223077558193822 28.927535925543484 -21.907973738995334 26.03429613552525 -21.90797373899533 26.059517972060366 -19.223077558193822
T02017 30.22900763358779 -20.571428571428573 31.6504056920618 -19.223077558193822 31.675627528596923 -21.90797373899533 28.782387738578684 -21.90797373899533 28.8076095751138 -19.223077558193822
T02018 32.97709923664122 -20.571428571428573 34.398497295115234 -19.223077558193822 34.423719131650344 -21.90797373899533 31.530479341632116 -21.90797373899533 31.555701178167233 -19.223077558193822
T02019 35.72519083969466 -20.571428571428573 37.14658889816868 -19.223077558193822 37.1718107347038 -21.90797373899533 34.27857094468556 -21.90797373899533 34.30379278122068 -19.223077558193822
T02020 38.47328244274809 -20.571428571428573 39.894680501222105 -19.223077558193822 39.91990233775722 -21.907973738995327 37.02666254773898 -21.907973738995327 37.0518843842741 -19.223077558193822
T02021 41.221374045801525 -20.571428571428573 42.642772104275544 -19.223077558193822 42.66799394081066 -21.90797373899533 39.77475415079242 -21.907973738995327 39.799975987327535 -19.223077558193822
T02022 43.969465648854964 -20.571428571428573 45.39086370732898 -19.223077558193822 45.4160855438641 -21.907973738995324 42.52284575384586 -21.907973738995327 42.54806759038098 -19.223077558193822
T02023 46.7175572519084 -20.571428571428573 48.13895531038241 -19.223077558193822 48.16417714691753 -21.907973738995334 45.270937356899296 -21.907973738995334 45.29615919343441 -19.223077558193825
T02024 49.465648854961835 -20.571428571428573 50.887046913435846 -19.223077558193822 50.91226874997097 -21.907973738995327 48.019028959952735 -21.907973738995327 48.04425079648785 -19.223077558193822
T02025 52.213740458015266 -20.571428571428573 53.63513851648928 -19.223077558193822 53.6603603530244 -21.90797373899533 50.76712056300616 -21.90797373899533 50.792342399541276 -19.223077558193822
T02026 54.961832061068705 -20.571428571428573 56.383230119542716 -19.223077558193822 56.40845195607783 -21.90797373899533 53.5152121660596 -21.907973738995327 53.54043400259471 -19.223077558193822
T02027 57.709923664122144 -20.571428571428573 59.131321722596155 -19.223077558193822 59.15654355913128 -21.907973738995324 56.26330376911304 -21.907973738995324 56.288525605648154 -19.223077558193822
T02028 60.45801526717558 -20.571428571428573 61.87941332564959 -19.223077558193822 61.90463516218471 -21.90797373899533 59.011395372166476 -21.907973738995327 59.036617208701585 -19.223077558193822
T02029 63.20610687022901 -20.571428571428573 64.62750492870303 -19.223077558193822 64.65272676523814 -21.907973738995324 61.7594869752199 -21.907973738995327 61.784708811755024 -19.223077558193822
T02030 65.95419847328245 -20.571428571428573 67.37559653175646 -19.223077558193822 67.40081836829158 -21.90797373899533 64.50757857827334 -21.907973738995327 64.53280041480846 -19.223077558193822
T02031 68.70229007633588 -20.571428571428573 70.12368813480988 -19.223077558193825 70.148909971345 -21.907973738995334 67.25567018132678 -21.907973738995334 67.2808920178619 -19.223077558193825
T02032 71.45038167938932 -20.571428571428573 72.87177973786333 -19.223077558193822 72.89700157439846 -21.90797373899533 70.00376178438022 -21.90797373899533 70.02898362091534 -19.223077558193822
T02033 74.19847328244275 -20.571428571428573 75.61987134091676 -19.223077558193822 75.64509317745188 -21.907973738995327 72.75185338743364 -21.907973738995327 72.77707522396877 -19.223077558193822
T02034 76.94656488549619 -20.571428571428573 78.3679629439702 -19.223077558193825 78.39318478050532 -21.907973738995334 75.49994499048708 -21.90797373899533 75.5251668270222 -19.223077558193822
T02035 79.69465648854961 -20.571428571428573 81.11605454702364 -19.223077558193822 81.14127638355875 -21.90797373899533 78.2480365935405 -21.90797373899533 78.27325843007563 -19.223077558193822
T02036 82.44274809160305 -20.571428571428573 83.86414615007708 -19.223077558193822 83.88936798661219 -21.907973738995324 80.99612819659394 -21.907973738995327 81.02135003312907 -19.223077558193822
T02037 85.19083969465649 -20.571428571428573 86.61223775313051 -19.223077558193822 86.63745958966562 -21.907973738995327 83.74421979964738 -21.90797373899533 83.7694416361825 -19.223077558193822
T02038 87.93893129770993 -20.571428571428573 89.36032935618394 -19.223077558193822 89.38555119271906 -21.907973738995334 86.49231140270082 -21.907973738995334 86.51753323923595 -19.223077558193822
T02039 90.68702290076337 -20.571428571428573 92.10842095923739 -19.223077558193825 92.1336427957725 -21.907973738995334 89.24040300575426 -21.90797373899533 89.26562484228938 -19.223077558193825
T02040 93.4351145038168 -20.571428571428573 94.85651256229082 -19.223077558193822 94.88173439882594 -21.907973738995324 91.9884946088077 -21.907973738995327 92.01371644534282 -19.223077558193822
T02041 96.18320610687024 -20.571428571428573 97.60460416534426 -19.223077558193822 97.62982600187937 -21.90797373899533 94.73658621186114 -21.90797373899533 94.76180804839626 -19.223077558193825
T02042 98.93129770992367 -20.571428571428573 100.3526957683977 -19.223077558193822 100.3779176049328 -21.90797373899533 97.48467781491458 -21.90797373899533 97.5098996514497 -19.223077558193822
T02043 101.67938931297711 -20.571428571428573 103.10078737145112 -19.223077558193822 103.12600920798624 -21.907973738995327 100.232769417968 -21.90797373899533 100.25799125450312 -19.223077558193822
T02044 104.42748091603053 -20.571428571428573 105.84887897450454 -19.223077558193822 105.87410081103967 -21.90797373899533 102.98086102102143 -21.90797373899533 103.00608285755655 -19.223077558193822
T02045 107.17557251908397 -20.571428571428573 108.59697057755798 -19.223077558193822 108.6221924140931 -21.90797373899533 105.72895262407486 -21.90797373899533 105.75417446060997 -19.223077558193822
T02046 109.92366412213741 -20.571428571428573 111.34506218061142 -19.223077558193822 111.37028401714655 -21.90797373899533 108.4770442271283 -21.90797373899533 108.50226606366343 -19.223077558193822
T02047 112.67175572519085 -20.571428571428573 114.09315378366486 -19.223077558193822 114.11837562019998 -21.90797373899533 111.22513583018176 -21.907973738995334 111.25035766671687 -19.223077558193822
T02048 115.41984732824429 -20.571428571428573 116.8412453867183 -19.223077558193822 116.86646722325342 -21.90797373899533 113.97322743323518 -21.907973738995327 113.9984492697703 -19.223077558193822
T02049 118.16793893129773 -20.571428571428573 119.58933698977174 -19.223077558193822 119.61455882630686 -21.90797373899533 116.72131903628862 -21.907973738995327 116.74654087282374 -19.223077558193822
T02050 120.91603053435117 -20.571428571428573 122.33742859282518 -19.223077558193822 122.3626504293603 -21.90797373899533 119.46941063934206 -21.90797373899533 119.49463247587718 -19.223077558193822
T02051 123.66412213740458 -20.571428571428573 125.08552019587859 -19.223077558193822 125.11074203241371 -21.90797373899533 122.21750224239547 -21.90797373899533 122.24272407893059 -19.223077558193822
T02052 126.41221374045801 -20.571428571428573 127.83361179893204 -19.223077558193822 127.85883363546716 -21.907973738995334 124.96559384544894 -21.90797373899533 124.99081568198403 -19.223077558193822
T02053 129.16030534351145 -20.571428571428573 130.58170340198546 -19.223077558193822 130.60692523852057 -21.90797373899533 127.71368544850235 -21.907973738995327 127.73890728503747 -19.223077558193822
T02054 131.9083969465649 -20.571428571428573 133.3297950050389 -19.223077558193822 133.355016841574 -21.907973738995327 130.46177705155577 -21.907973738995327 130.4869988880909 -19.223077558193822
T02055 134.65648854961833 -20.571428571428573 136.07788660809234 -19.223077558193822 136.10310844462745 -21.90797373899533 133.2098686546092 -21.90797373899533 133.23509049114435 -19.223077558193822
T02056 137.40458015267177 -20.571428571428573 138.82597821114578 -19.223077558193822 138.8512000476809 -21.90797373899533 135.95796025766265 -21.90797373899533 135.9831820941978 -19.223077558193822
T02057 140.1526717557252 -20.571428571428573 141.57406981419922 -19.223077558193822 141.59929165073436 -21.907973738995324 138.70605186071612 -21.907973738995324 138.73127369725123 -19.223077558193822
T02058 142.90076335877865 -20.571428571428573 144.32216141725266 -19.223077558193822 144.3473832537878 -21.90797373899533 141.45414346376955 -21.90797373899533 141.47936530030466 -19.223077558193822
T02059 145.6488549618321 -20.571428571428573 147.07025302030613 -19.223077558193822 147.09547485684124 -21.90797373899533 144.202235066823 -21.90797373899533 144.2274569033581 -19.223077558193825
T02060 148.3969465648855 -20.571428571428573 149.8183446233595 -19.223077558193822 149.84356645989465 -21.907973738995324 146.9503266698764 -21.907973738995327 146.9755485064115 -19.223077558193822
T02061 151.14503816793894 -20.571428571428573 152.56643622641295 -19.223077558193822 152.59165806294808 -21.90797373899533 149.69841827292984 -21.907973738995334 149.72364010946495 -19.223077558193822
T02062 153.89312977099237 -20.571428571428573 155.31452782946639 -19.223077558193822 155.33974966600152 -21.90797373899533 152.44650987598328 -21.90797373899533 152.4717317125184 -19.223077558193822
T02063 156.6412213740458 -20.571428571428573 158.06261943251982 -19.223077558193825 158.08784126905496 -21.90797373899533 155.19460147903672 -21.90797373899533 155.21982331557183 -19.223077558193825
T02064 159.38931297709922 -20.571428571428573 160.81071103557323 -19.223077558193822 160.83593287210837 -21.907973738995327 157.94269308209013 -21.90797373899533 157.96791491862524 -19.223077558193822
T02065 162.13740458015266 -20.571428571428573 163.55880263862667 -19.223077558193822 163.5840244751618 -21.90797373899533 160.69078468514357 -21.90797373899533 160.71600652167868 -19.223077558193825
T02066 164.8854961832061 -20.571428571428573 166.3068942416801 -19.223077558193822 166.33211607821525 -21.907973738995327 163.438876288197 -21.907973738995327 163.46409812473212 -19.223077558193822
T02067 167.63358778625954 -20.571428571428573 169.05498584473355 -19.223077558193822 169.0802076812687 -21.90797373899533 166.18696789125045 -21.90797373899533 166.21218972778556 -19.223077558193822
T02068 170.38167938931298 -20.571428571428573 171.803077447787 -19.223077558193822 171.8282992843221 -21.90797373899533 168.93505949430389 -21.907973738995327 168.960281330839 -19.223077558193822
T02069 173.12977099236642 -20.571428571428573 174.55116905084043 -19.223077558193822 174.57639088737554 -21.90797373899533 171.68315109735732 -21.907973738995324 171.70837293389243 -19.223077558193822
T02070 175.87786259541986 -20.571428571428573 177.29926065389387 -19.223077558193825 177.32448249042898 -21.90797373899533 174.43124270041076 -21.90797373899533 174.45646453694587 -19.223077558193825
T02071 178.6259541984733 -20.571428571428573 180.0473522569473 -19.223077558193822 180.0725740934824 -21.90797373899533 177.17933430346417 -21.90797373899533 177.2045561399993 -19.223077558193822
T02072 181.37404580152673 -20.571428571428573 182.79544386000074 -19.223077558193822 182.82066569653583 -21.90797373899533 179.9274259065176 -21.90797373899533 179.95264774305275 -19.223077558193822
T02073 184.12213740458017 -20.571428571428573 185.54353546305418 -19.223077558193822 185.56875729958927 -21.90797373899533 182.67551750957105 -21.90797373899533 182.70073934610616 -19.223077558193822
T02074 186.8702290076336 -20.571428571428573 188.29162706610762 -19.223077558193822 188.3168489026427 -21.907973738995327 185.4236091126245 -21.907973738995327 185.4488309491596 -19.223077558193822
T02075 189.61832061068705 -20.571428571428573 191.03971866916106 -19.223077558193822 191.06494050569614 -21.90797373899533 188.17170071567793 -21.907973738995334 188.19692255221304 -19.223077558193822
T02076 192.3664122137405 -20.571428571428573 193.7878102722145 -19.223077558193822 193.8130321087496 -21.90797373899533 190.91979231873137 -21.907973738995334 190.94501415526648 -19.223077558193825
T02077 195.1145038167939 -20.571428571428573 196.5359018752679 -19.223077558193822 196.56112371180302 -21.907973738995324 193.66788392178478 -21.90797373899533 193.6931057583199 -19.223077558193822
T02078 197.86259541984734 -20.571428571428573 199.28399347832135 -19.223077558193822 199.30921531485646 -21.907973738995327 196.41597552483825 -21.907973738995327 196.44119736137336 -19.223077558193822
T02079 200.61068702290078 -20.571428571428573 202.0320850813748 -19.223077558193822 202.05730691790993 -21.90797373899533 199.16406712789168 -21.907973738995327 199.1892889644268 -19.223077558193822
T02080 203.35877862595422 -20.571428571428573 204.78017668442823 -19.223077558193822 204.80539852096334 -21.907973738995327 201.9121587309451 -21.90797373899533 201.93738056748023 -19.223077558193822
T02081 206.10687022900765 -20.571428571428573 207.52826828748167 -19.223077558193822 207.5534901240168 -21.90797373899533 204.66025033399856 -21.90797373899533 204.68547217053364 -19.223077558193822
T02082 208.85496183206106 -20.571428571428573 210.27635989053508 -19.223077558193822 210.30158172707021 -21.907973738995327 207.40834193705197 -21.907973738995327 207.43356377358708 -19.223077558193822
T02083 211.6030534351145 -20.571428571428573 213.02445149358851 -19.223077558193822 213.04967333012365 -21.907973738995327 210.1564335401054 -21.90797373899533 210.18165537664052 -19.223077558193822
T02084 214.35114503816794 -20.571428571428573 215.77254309664195 -19.223077558193822 215.79776493317706 -21.907973738995327 212.90452514315885 -21.90797373899533 212.92974697969393 -19.223077558193822
T02085 217.09923664122138 -20.571428571428573 218.5206346996954 -19.223077558193822 218.5458565362305 -21.90797373899533 215.6526167462123 -21.907973738995327 215.6778385827474 -19.223077558193822
T02086 219.84732824427482 -20.571428571428573 221.26872630274883 -19.223077558193822 221.29394813928397 -21.907973738995324 218.40070834926573 -21.907973738995324 218.4259301858008 -19.223077558193822
T02087 222.59541984732826 -20.571428571428573 224.01681790580227 -19.223077558193825 224.0420397423374 -21.907973738995334 221.14879995231914 -21.907973738995334 221.17402178885425 -19.223077558193825
T02088 225.3435114503817 -20.571428571428573 226.7649095088557 -19.223077558193822 226.79013134539082 -21.907973738995327 223.89689155537258 -21.90797373899533 223.9221133919077 -19.223077558193822
T02089 228.09160305343514 -20.571428571428573 229.51300111190912 -19.223077558193822 229.53822294844426 -21.907973738995324 226.64498315842602 -21.907973738995324 226.67020499496113 -19.223077558193822
T02090 230.83969465648858 -20.571428571428573 232.2610927149626 -19.223077558193822 232.28631455149767 -21.907973738995324 229.39307476147948 -21.907973738995327 229.41829659801456 -19.223077558193822
T02091 233.58778625954199 -20.571428571428573 235.009184318016 -19.223077558193822 235.0344061545511 -21.907973738995327 232.1411663645329 -21.90797373899533 232.16638820106797 -19.223077558193822
T02092 236.33587786259545 -20.571428571428573 237.75727592106946 -19.223077558193822 237.78249775760455 -21.90797373899533 234.88925796758633 -21.90797373899533 234.91447980412144 -19.223077558193822
T02093 239.08396946564886 -20.571428571428573 240.50536752412287 -19.223077558193822 240.53058936065796 -21.90797373899533 237.6373495706397 -21.90797373899533 237.66257140717485 -19.223077558193822
T02094 241.83206106870233 -20.571428571428573 243.25345912717634 -19.223077558193825 243.27868096371142 -21.90797373899533 240.3854411736932 -21.90797373899533 240.41066301022832 -19.223077558193822
T02095 244.58015267175574 -20.571428571428573 246.00155073022975 -19.223077558193822 246.02677256676483 -21.907973738995324 243.13353277674662 -21.907973738995327 243.15875461328173 -19.223077558193822
T02096 247.32824427480915 -20.571428571428573 248.74964233328316 -19.223077558193822 248.77486416981824 -21.90797373899533 245.88162437980003 -21.90797373899533 245.90684621633514 -19.223077558193822
T02097 250.07633587786262 -20.571428571428573 251.49773393633663 -19.223077558193822 251.5229557728717 -21.90797373899533 248.6297159828535 -21.90797373899533 248.6549378193886 -19.223077558193822
T02098 252.82442748091603 -20.571428571428573 254.24582553939004 -19.223077558193822 254.27104737592512 -21.907973738995327 251.3778075859069 -21.907973738995327 251.40302942244202 -19.223077558193822
T02099 255.5725190839695 -20.571428571428573 256.9939171424435 -19.223077558193822 257.0191389789786 -21.90797373899533 254.12589918896037 -21.90797373899533 254.15112102549548 -19.223077558193822
T02100 258.3206106870229 -20.571428571428573 259.7420087454969 -19.223077558193822 259.767230582032 -21.907973738995334 256.8739907920138 -21.90797373899533 256.89921262854887 -19.223077558193822
T02101 261.0687022900764 -20.571428571428573 262.49010034855036 -19.223077558193822 262.51532218508544 -21.90797373899533 259.62208239506725 -21.90797373899533 259.64730423160233 -19.223077558193822
T02102 263.8167938931298 -20.571428571428573 265.23819195160377 -19.223077558193825 265.2634137881389 -21.90797373899533 262.37017399812066 -21.90797373899533 262.39539583465574 -19.223077558193822
T02103 266.56488549618325 -20.571428571428573 267.98628355465723 -19.223077558193822 268.0115053911923 -21.907973738995324 265.11826560117413 -21.907973738995324 265.1434874377092 -19.223077558193822
T02104 269.31297709923666 -20.571428571428573 270.73437515771064 -19.223077558193825 270.7595969942457 -21.90797373899533 267.86635720422754 -21.907973738995334 267.8915790407626 -19.22307755819383
T02105 272.06106870229013 -20.571428571428573 273.4824667607641 -19.223077558193822 273.5076885972992 -21.907973738995334 270.614448807281 -21.907973738995334 270.6396706438161 -19.223077558193822
T02106 274.80916030534354 -20.571428571428573 276.2305583638175 -19.223077558193822 276.2557802003526 -21.90797373899533 273.3625404103344 -21.90797373899533 273.3877622468695 -19.223077558193822
T02107 277.557251908397 -20.571428571428573 278.97864996687105 -19.223077558193822 279.0038718034061 -21.907973738995324 276.11063201338794 -21.907973738995327 276.135853849923 -19.223077558193822
T02108 280.3053435114504 -20.571428571428573 281.72674156992446 -19.223077558193822 281.75196340645954 -21.90797373899533 278.85872361644135 -21.907973738995327 278.88394545297643 -19.223077558193822
T02109 283.0534351145038 -20.571428571428573 284.47483317297787 -19.223077558193822 284.50005500951295 -21.90797373899533 281.60681521949476 -21.907973738995334 281.63203705602984 -19.223077558193822
T02110 285.8015267175573 -20.571428571428573 287.22292477603133 -19.223077558193822 287.2481466125664 -21.907973738995324 284.35490682254823 -21.907973738995327 284.3801286590833 -19.223077558193822
T02111 288.5496183206107 -20.571428571428573 289.97101637908474 -19.223077558193822 289.9962382156198 -21.907973738995327 287.10299842560164 -21.907973738995327 287.1282202621367 -19.223077558193822
T02112 291.2977099236642 -20.571428571428573 292.7191079821382 -19.223077558193822 292.7443298186733 -21.90797373899533 289.8510900286551 -21.907973738995327 289.8763118651902 -19.223077558193822
T02113 294.0458015267176 -20.571428571428573 295.4671995851916 -19.223077558193822 295.4924214217267 -21.907973738995324 292.5991816317085 -21.907973738995324 292.6244034682436 -19.223077558193822
T02114 296.793893129771 -20.571428571428573 298.21529118824503 -19.223077558193822 298.2405130247801 -21.90797373899533 295.34727323476193 -21.907973738995327 295.372495071297 -19.223077558193822
T02115 299.5419847328244 -20.571428571428573 300.96338279129844 -19.223077558193822 300.9886046278335 -21.907973738995327 298.09536483781534 -21.907973738995327 298.1205866743504 -19.223077558193822
T02116 302.29007633587787 -20.571428571428573 303.7114743943519 -19.223077558193822 303.736696230887 -21.907973738995327 300.8434564408688 -21.907973738995327 300.8686782774039 -19.223077558193822
T02117 305.0381679389313 -20.571428571428573 306.4595659974053 -19.223077558193822 306.4847878339404 -21.90797373899533 303.5915480439222 -21.90797373899533 303.6167698804573 -19.223077558193825
T02118 307.78625954198475 -20.571428571428573 309.2076576004588 -19.223077558193822 309.23287943699387 -21.90797373899533 306.3396396469757 -21.90797373899533 306.36486148351077 -19.223077558193822
T02119 310.53435114503816 -20.571428571428573 311.9557492035122 -19.223077558193822 311.9809710400473 -21.907973738995324 309.0877312500291 -21.907973738995324 309.1129530865642 -19.223077558193822
T02120 313.2824427480916 -20.571428571428573 314.70384080656567 -19.223077558193822 314.72906264310075 -21.907973738995334 311.83582285308256 -21.90797373899533 311.86104468961764 -19.223077558193822
T02121 316.03053435114504 -20.571428571428573 317.4519324096191 -19.223077558193822 317.47715424615416 -21.907973738995324 314.583914456136 -21.907973738995324 314.60913629267105 -19.223077558193822
T02122 318.77862595419845 -20.571428571428573 320.2000240126725 -19.223077558193822 320.22524584920757 -21.907973738995327 317.3320060591894 -21.90797373899533 317.35722789572446 -19.223077558193822
T02123 321.5267175572519 -20.571428571428573 322.94811561572595 -19.223077558193822 322.97333745226103 -21.907973738995327 320.08009766224285 -21.907973738995327 320.10531949877793 -19.223077558193822
T02124 324.2748091603053 -20.571428571428573 325.69620721877936 -19.223077558193822 325.72142905531445 -21.907973738995324 322.82818926529626 -21.907973738995324 322.85341110183134 -19.223077558193822
T02125 327.0229007633588 -20.571428571428573 328.44429882183283 -19.223077558193822 328.4695206583679 -21.907973738995327 325.57628086834967 -21.907973738995327 325.6015027048848 -19.223077558193822
T02126 329.7709923664122 -20.571428571428573 331.19239042488624 -19.223077558193822 331.2176122614213 -21.90797373899533 328.3243724714031 -21.90797373899533 328.3495943079382 -19.223077558193822
T02127 332.51908396946567 -20.571428571428573 333.9404820279397 -19.223077558193822 333.9657038644748 -21.90797373899533 331.07246407445655 -21.90797373899533 331.0976859109917 -19.223077558193822
T02128 335.2671755725191 -20.571428571428573 336.6885736309931 -19.223077558193822 336.7137954675282 -21.907973738995327 333.82055567750996 -21.907973738995324 333.8457775140451 -19.223077558193822
T02129 338.01526717557255 -20.571428571428573 339.4366652340466 -19.223077558193822 339.46188707058167 -21.90797373899533 336.5686472805634 -21.907973738995334 336.59386911709856 -19.223077558193822
T02130 340.76335877862596 -20.571428571428573 342.1847568371 -19.223077558193822 342.2099786736351 -21.907973738995334 339.31673888361684 -21.907973738995334 339.341960720152 -19.223077558193822
T02131 343.5114503816794 -20.571428571428573 344.9328484401534 -19.223077558193822 344.95807027668855 -21.907973738995324 342.0648304866703 -21.90797373899533 342.09005232320544 -19.223077558193822
T02132 346.25954198473283 -20.571428571428573 347.6809400432069 -19.223077558193822 347.70616187974196 -21.90797373899533 344.8129220897237 -21.90797373899533 344.83814392625885 -19.223077558193822
T02133 349.0076335877863 -20.571428571428573 350.4290316462603 -19.223077558193822 350.4542534827954 -21.90797373899533 347.5610136927772 -21.90797373899533 347.5862355293123 -19.223077558193822
T02134 351.7557251908397 -20.571428571428573 353.1771232493137 -19.223077558193822 353.20234508584883 -21.907973738995327 350.3091052958306 -21.90797373899533 350.33432713236573 -19.223077558193822
T02135 354.5038167938931 -20.571428571428573 355.9252148523671 -19.223077558193822 355.95043668890224 -21.90797373899533 353.057196898884 -21.90797373899533 353.08241873541914 -19.223077558193822
T02136 357.2519083969466 -20.571428571428573 358.6733064554206 -19.223077558193822 358.6985282919557 -21.907973738995327 355.80528850193747 -21.907973738995327 355.83051033847255 -19.223077558193822
T02137 0.0 -18.0 1.4008948829601113 -16.65242855258158 1.4223902768074708 -19.33735073889503 358.57760972319255 -19.337350738895033 358.5991051170399 -16.65242855258158
T02138 2.706766917293233 -18.0 4.107661800253346 -16.65242855258158 4.129157194100704 -19.337350738895033 1.2843766404857915 -19.337350738895033 1.3058720343331502 -16.65242855258158
T02139 5.413533834586466 -18.0 6.814428717546579 -16.65242855258158 6.835924111393938 -19.33735073889503 3.9911435577790253 -19.33735073889503 4.012638951626384 -16.65242855258158
T02140 8.120300751879698 -18.0 9.521195634839811 -16.652428552581583 9.542691028687171 -19.337350738895033 6.697910475072258 -19.337350738895033 6.719405868919618 -16.652428552581583
T02141 10.827067669172932 -18.0 12.227962552133043 -16.65242855258158 12.249457945980403 -19.337350738895033 9.404677392365489 -19.337350738895033 9.426172786212849 -16.65242855258158
T02142 13.533834586466167 -18.0 14.93472946942628 -16.65242855258158 14.956224863273636 -19.33735073889503 12.111444309658726 -19.337350738895033 12.132939703506086 -16.652428552581583
T02143 16.240601503759397 -18.0 17.64149638671951 -16.65242855258158 17.662991780566866 -19.337350738895033 14.818211226951952 -19.337350738895033 14.839706620799312 -16.65242855258158
T02144 18.94736842105263 -18.0 20.348263304012743 -16.65242855258158 20.369758697860103 -19.337350738895033 17.52497814424519 -19.337350738895033 17.54647353809255 -16.65242855258158
T02145 21.654135338345863 -18.0 23.055030221305977 -16.65242855258158 23.076525615153333 -19.337350738895026 20.23174506153842 -19.337350738895026 20.253240455385782 -16.65242855258158
T02146 24.3609022556391 -18.0 25.76179713859921 -16.65242855258158 25.783292532446573 -19.33735073889503 22.93851197883166 -19.337350738895033 22.96000737267902 -16.65242855258158
T02147 27.067669172932334 -18.0 28.468564055892443 -16.65242855258158 28.49005944973981 -19.33735073889503 25.645278896124896 -19.337350738895033 25.666774289972253 -16.65242855258158
T02148 29.774436090225564 -18.0 31.175330973185677 -16.65242855258158 31.196826367033033 -19.33735073889503 28.352045813418123 -19.33735073889503 28.373541207265482 -16.65242855258158
T02149 32.48120300751879 -18.0 33.8820978904789 -16.65242855258158 33.90359328432626 -19.337350738895033 31.05881273071135 -19.337350738895033 31.080308124558712 -16.652428552581583
T02150 35.18796992481203 -18.0 36.58886480777214 -16.65242855258158 36.61036020161949 -19.337350738895033 33.76557964800458 -19.337350738895033 33.78707504185194 -16.652428552581583
T02151 37.89473684210526 -18.0 39.29563172506538 -16.65242855258158 39.317127118912744 -19.33735073889503 36.47234656529783 -19.33735073889503 36.493841959145186 -16.65242855258158
T02152 40.6015037593985 -18.0 42.0023986423586 -16.65242855258158 42.02389403620596 -19.337350738895026 39.17911348259105 -19.33735073889503 39.20060887643841 -16.65242855258158
T02153 43.30827067669173 -18.0 44.709165559651844 -16.65242855258158 44.7306609534992 -19.33735073889503 41.885880399884286 -19.33735073889503 41.907375793731646 -16.65242855258158
T02154 46.015037593984964 -18.0 47.41593247694507 -16.652428552581583 47.43742787079243 -19.337350738895033 44.59264731717752 -19.337350738895033 44.614142711024876 -16.65242855258158
T02155 48.7218045112782 -18.0 50.12269939423832 -16.65242855258158 50.14419478808567 -19.33735073889503 47.29941423447075 -19.337350738895033 47.32090962831812 -16.652428552581583
T02156 51.42857142857143 -18.0 52.82946631153153 -16.65242855258158 52.8509617053789 -19.337350738895026 50.00618115176398 -19.33735073889503 50.02767654561134 -16.652428552581583
T02157 54.13533834586467 -18.0 55.53623322882477 -16.65242855258158 55.55772862267213 -19.33735073889503 52.71294806905721 -19.33735073889503 52.73444346290457 -16.65242855258158
T02158 56.8421052631579 -18.0 58.243000146118 -16.65242855258158 58.26449553996537 -19.33735073889503 55.41971498635045 -19.337350738895033 55.44121038019781 -16.652428552581583
T02159 59.54887218045113 -18.0 60.94976706341124 -16.65242855258158 60.97126245725859 -19.337350738895033 58.12648190364368 -19.337350738895033 58.147977297491046 -16.652428552581583
T02160 62.255639097744364 -18.0 63.656533980704474 -16.65242855258158 63.67802937455184 -19.33735073889503 60.83324882093692 -19.33735073889503 60.85474421478428 -16.65242855258158
T02161 64.96240601503759 -18.0 66.3633008979977 -16.65242855258158 66.38479629184505 -19.337350738895033 63.54001573823015 -19.33735073889503 63.561511132077506 -16.65242855258158
T02162 67.66917293233082 -18.0 69.07006781529094 -16.65242855258158 69.09156320913829 -19.33735073889503 66.24678265552339 -19.337350738895033 66.26827804937075 -16.652428552581583
T02163 70.37593984962406 -18.0 71.77683473258418 -16.652428552581583 71.79833012643154 -19.337350738895033 68.95354957281663 -19.337350738895033 68.97504496666399 -16.652428552581583
T02164 73.0827067669173 -18.0 74.48360164987741 -16.65242855258158 74.50509704372477 -19.33735073889503 71.66031649010986 -19.337350738895033 71.68181188395722 -16.65242855258158
T02165 75.78947368421052 -18.0 77.19036856717064 -16.652428552581583 77.21186396101798 -19.337350738895033 74.36708340740309 -19.33735073889503 74.38857880125045 -16.65242855258158
T02166 78.49624060150376 -18.0 79.89713548446387 -16.65242855258158 79.91863087831123 -19.337350738895033 77.07385032469632 -19.33735073889503 77.09534571854368 -16.65242855258158
T02167 81.203007518797 -18.0 82.60390240175711 -16.65242855258158 82.62539779560447 -19.337350738895026 79.78061724198956 -19.337350738895026 79.80211263583692 -16.65242855258158
T02168 83.90977443609022 -18.0 85.31066931905033 -16.65242855258158 85.3321647128977 -19.337350738895033 82.48738415928278 -19.337350738895033 82.50887955313014 -16.65242855258158
T02169 86.61654135338345 -18.0 88.01743623634357 -16.65242855258158 88.03893163019093 -19.33735073889503 85.19415107657602 -19.33735073889503 85.21564647042338 -16.65242855258158
T02170 89.32330827067669 -18.0 90.72420315363681 -16.65242855258158 90.74569854748417 -19.33735073889503 87.90091799386926 -19.337350738895026 87.92241338771662 -16.65242855258158
T02171 92.03007518796993 -18.0 93.43097007093004 -16.65242855258158 93.4524654647774 -19.337350738895033 90.6076849111625 -19.337350738895033 90.62918030500985 -16.65242855258158
T02172 94.73684210526316 -18.0 96.13773698822328 -16.652428552581583 96.15923238207064 -19.337350738895033 93.31445182845573 -19.337350738895033 93.33594722230309 -16.652428552581583
T02173 97.4436090225564 -18.0 98.84450390551652 -16.65242855258158 98.86599929936388 -19.33735073889503 96.02121874574897 -19.33735073889503 96.04271413959633 -16.65242855258158
T02174 100.15037593984962 -18.0 101.55127082280974 -16.65242855258158 101.57276621665712 -19.337350738895033 98.72798566304219 -19.337350738895033 98.74948105688955 -16.65242855258158
T02175 102.85714285714286 -18.0 104.25803774010296 -16.65242855258158 104.27953313395034 -19.33735073889503 101.43475258033541 -19.337350738895033 101.45624797418277 -16.65242855258158
T02176 105.5639097744361 -18.0 106.9648046573962 -16.65242855258158 106.98630005124357 -19.337350738895033 104.14151949762865 -19.33735073889503 104.16301489147601 -16.65242855258158
T02177 108.27067669172934 -18.0 109.67157157468944 -16.65242855258158 109.69306696853681 -19.33735073889503 106.84828641492189 -19.337350738895033 106.86978180876925 -16.652428552581583
T02178 110.97744360902256 -18.0 112.37833849198266 -16.65242855258158 112.39983388583002 -19.33735073889503 109.55505333221511 -19.33735073889503 109.57654872606247 -16.65242855258158
T02179 113.6842105263158 -18.0 115.08510540927591 -16.65242855258158 115.10660080312327 -19.337350738895033 112.26182024950836 -19.337350738895033 112.2833156433557 -16.65242855258158
T02180 116.39097744360902 -18.0 117.79187232656912 -16.65242855258158 117.81336772041648 -19.33735073889503 114.96858716680158 -19.337350738895033 114.99008256064893 -16.65242855258158
T02181 119.09774436090225 -18.0 120.49863924386236 -16.65242855258158 120.52013463770972 -19.337350738895033 117.67535408409482 -19.337350738895033 117.69684947794217 -16.65242855258158
T02182 121.80451127819549 -18.0 123.2054061611556 -16.652428552581583 123.22690155500295 -19.337350738895033 120.38212100138806 -19.337350738895033 120.4036163952354 -16.652428552581583
T02183 124.51127819548873 -18.0 125.91217307844883 -16.65242855258158 125.93366847229619 -19.33735073889503 123.0888879186813 -19.337350738895033 123.11038331252864 -16.65242855258158
T02184 127.21804511278197 -18.0 128.61893999574207 -16.65242855258158 128.64043538958944 -19.33735073889503 125.79565483597453 -19.33735073889503 125.81715022982188 -16.65242855258158
T02185 129.92481203007517 -18.0 131.32570691303528 -16.65242855258158 131.34720230688265 -19.33735073889503 128.50242175326773 -19.337350738895033 128.5239171471151 -16.65242855258158
T02186 132.6315789473684 -18.0 134.0324738303285 -16.652428552581583 134.0539692241759 -19.337350738895033 131.20918867056096 -19.337350738895033 131.23068406440834 -16.652428552581583
T02187 135.33834586466165 -18.0 136.73924074762175 -16.65242855258158 136.76073614146912 -19.337350738895026 133.9159555878542 -19.337350738895026 133.93745098170157 -16.65242855258158
T02188 138.04511278195488 -18.0 139.446007664915 -16.65242855258158 139.46750305876236 -19.337350738895033 136.62272250514744 -19.33735073889503 136.6442178989948 -16.65242855258158
T02189 140.75187969924812 -18.0 142.15277458220822 -16.65242855258158 142.1742699760556 -19.337350738895026 139.32948942244067 -19.337350738895026 139.35098481628805 -16.65242855258158
T02190 143.45864661654136 -18.0 144.85954149950146 -16.65242855258158 144.88103689334883 -19.337350738895033 142.0362563397339 -19.337350738895033 142.05775173358128 -16.65242855258158
T02191 146.1654135338346 -18.0 147.5663084167947 -16.65242855258158 147.5878038106421 -19.33735073889503 144.74302325702718 -19.33735073889503 144.76451865087452 -16.65242855258158
T02192 148.8721804511278 -18.0 150.2730753340879 -16.65242855258158 150.29457072793528 -19.337350738895026 147.44979017432038 -19.337350738895026 147.47128556816773 -16.65242855258158
T02193 151.57894736842104 -18.0 152.97984225138114 -16.65242855258158 153.00133764522852 -19.337350738895033 150.15655709161362 -19.337350738895033 150.17805248546097 -16.65242855258158
T02194 154.28571428571428 -18.0 155.68660916867438 -16.65242855258158 155.70810456252175 -19.337350738895033 152.86332400890686 -19.337350738895033 152.8848194027542 -16.65242855258158
T02195 156.99248120300751 -18.0 158.39337608596762 -16.652428552581583 158.414871479815 -19.33735073889503 155.5700909262001 -19.337350738895033 155.59158632004744 -16.652428552581583
T02196 159.69924812030075 -18.0 161.10014300326085 -16.65242855258158 161.12163839710823 -19.337350738895033 158.27685784349333 -19.33735073889503 158.29835323734068 -16.65242855258158
T02197 162.406015037594 -18.0 163.8069099205541 -16.65242855258158 163.82840531440146 -19.33735073889503 160.98362476078657 -19.33735073889503 161.00512015463391 -16.65242855258158
T02198 165.1127819548872 -18.0 166.51367683784733 -16.65242855258158 166.53517223169467 -19.33735073889503 163.69039167807978 -19.33735073889503 163.71188707192712 -16.65242855258158
T02199 167.81954887218043 -18.0 169.22044375514056 -16.65242855258158 169.2419391489879 -19.337350738895033 166.397158595373 -19.337350738895033 166.41865398922036 -16.65242855258158
T02200 170.52631578947367 -18.0 171.9272106724338 -16.65242855258158 171.94870606628115 -19.337350738895033 169.10392551266625 -19.337350738895033 169.1254209065136 -16.652428552581583
T02201 173.2330827067669 -18.0 174.63397758972704 -16.65242855258158 174.65547298357438 -19.33735073889503 171.8106924299595 -19.337350738895033 171.83218782380683 -16.65242855258158
T02202 175.93984962406014 -18.0 177.34074450702028 -16.65242855258158 177.36223990086762 -19.337350738895033 174.51745934725272 -19.337350738895033 174.53895474110007 -16.65242855258158
T02203 178.64661654135338 -18.0 180.0475114243135 -16.65242855258158 180.06900681816086 -19.33735073889503 177.22422626454596 -19.337350738895033 177.2457216583933 -16.652428552581583
T02204 181.35338345864662 -18.0 182.75427834160675 -16.65242855258158 182.7757737354541 -19.337350738895033 179.9309931818392 -19.33735073889503 179.95248857568654 -16.65242855258158
T02205 184.06015037593986 -18.0 185.4610452589 -16.65242855258158 185.48254065274733 -19.337350738895033 182.6377600991324 -19.337350738895033 182.65925549297975 -16.652428552581583
T02206 186.7669172932331 -18.0 188.16781217619322 -16.65242855258158 188.18930757004057 -19.337350738895033 185.34452701642564 -19.337350738895033 185.366022410273 -16.65242855258158
T02207 189.47368421052633 -18.0 190.87457909348646 -16.65242855258158 190.8960744873338 -19.337350738895033 188.05129393371888 -19.337350738895033 188.07278932756623 -16.652428552581583
T02208 192.18045112781957 -18.0 193.5813460107797 -16.65242855258158 193.60284140462704 -19.33735073889503 190.75806085101212 -19.33735073889503 190.77955624485946 -16.65242855258158
T02209 194.8872180451128 -18.0 196.28811292807293 -16.65242855258158 196.30960832192028 -19.337350738895033 193.46482776830535 -19.33735073889503 193.4863231621527 -16.65242855258158
T02210 197.59398496240604 -18.0 198.99487984536617 -16.65242855258158 199.01637523921352 -19.33735073889503 196.1715946855986 -19.337350738895033 196.19309007944597 -16.65242855258158
T02211 200.30075187969925 -18.0 201.70164676265938 -16.652428552581583 201.72314215650673 -19.337350738895033 198.8783616028918 -19.337350738895033 198.89985699673917 -16.652428552581583
T02212 203.00751879699249 -18.0 204.40841367995262 -16.65242855258158 204.42990907379996 -19.33735073889503 201.58512852018504 -19.33735073889503 201.60662391403238 -16.652428552581583
T02213 205.71428571428572 -18.0 207.11518059724582 -16.652428552581583 207.13667599109317 -19.337350738895033 204.29189543747827 -19.337350738895033 204.31339083132562 -16.652428552581583
T02214 208.42105263157896 -18.0 209.82194751453906 -16.65242855258158 209.8434429083864 -19.337350738895033 206.99866235477148 -19.337350738895033 207.02015774861883 -16.65242855258158
T02215 211.1278195488722 -18.0 212.5287144318323 -16.65242855258158 212.55020982567964 -19.337350738895026 209.70542927206472 -19.33735073889503 209.7269246659121 -16.65242855258158
T02216 213.83458646616543 -18.0 215.23548134912554 -16.65242855258158 215.25697674297288 -19.33735073889503 212.41219618935796 -19.337350738895033 212.4336915832053 -16.65242855258158
T02217 216.54135338345867 -18.0 217.94224826641877 -16.65242855258158 217.96374366026612 -19.337350738895033 215.11896310665122 -19.337350738895033 215.14045850049857 -16.65242855258158
T02218 219.24812030075188 -18.0 220.64901518371198 -16.652428552581576 220.67051057755933 -19.337350738895026 217.8257300239444 -19.337350738895026 217.8472254177918 -16.652428552581576
T02219 221.95488721804512 -18.0 223.35578210100522 -16.65242855258158 223.37727749485256 -19.33735073889503 220.53249694123764 -19.337350738895033 220.55399233508504 -16.65242855258158
T02220 224.66165413533835 -18.0 226.06254901829845 -16.65242855258158 226.0840444121458 -19.33735073889503 223.2392638585309 -19.33735073889503 223.26075925237828 -16.65242855258158
T02221 227.3684210526316 -18.0 228.7693159355917 -16.65242855258158 228.79081132943904 -19.33735073889503 225.9460307758241 -19.33735073889503 225.9675261696715 -16.65242855258158
T02222 230.07518796992483 -18.0 231.4760828528849 -16.65242855258158 231.49757824673225 -19.337350738895033 228.65279769311735 -19.337350738895033 228.67429308696472 -16.65242855258158
T02223 232.78195488721803 -18.0 234.1828497701781 -16.65242855258158 234.20434516402548 -19.33735073889503 231.3595646104106 -19.33735073889503 231.38106000425796 -16.65242855258158
T02224 235.4887218045113 -18.0 236.88961668747143 -16.65242855258158 236.91111208131878 -19.337350738895033 234.0663315277038 -19.337350738895033 234.08782692155117 -16.652428552581583
T02225 238.1954887218045 -18.0 239.59638360476458 -16.65242855258158 239.61787899861196 -19.33735073889503 236.77309844499703 -19.33735073889503 236.79459383884438 -16.65242855258158
T02226 240.90225563909777 -18.0 242.30315052205785 -16.65242855258158 242.32464591590522 -19.337350738895033 239.47986536229033 -19.337350738895033 239.5013607561377 -16.65242855258158
T02227 243.60902255639098 -18.0 245.00991743935106 -16.65242855258158 245.03141283319843 -19.337350738895033 242.18663227958353 -19.337350738895033 242.2081276734309 -16.65242855258158
T02228 246.3157894736842 -18.0 247.71668435664427 -16.65242855258158 247.73817975049164 -19.33735073889503 244.89339919687674 -19.337350738895033 244.91489459072412 -16.65242855258158
T02229 249.02255639097746 -18.0 250.4234512739376 -16.65242855258158 250.44494666778493 -19.33735073889503 247.60016611417 -19.33735073889503 247.62166150801738 -16.65242855258158
T02230 251.72932330827066 -18.0 253.13021819123074 -16.65242855258158 253.15171358507817 -19.33735073889503 250.30693303146322 -19.33735073889503 250.3284284253106 -16.65242855258158
T02231 254.43609022556393 -18.0 255.836985108524 -16.65242855258158 255.85848050237138 -19.337350738895033 253.01369994875648 -19.337350738895033 253.03519534260386 -16.652428552581583
T02232 257.14285714285717 -18.0 258.5437520258173 -16.65242855258158 258.5652474196646 -19.337350738895033 255.7204668660497 -19.337350738895033 255.74196225989712 -16.65242855258158
T02233 259.84962406015035 -18.0 261.2505189431104 -16.65242855258158 261.2720143369578 -19.337350738895033 258.4272337833429 -19.337350738895033 258.4487291771903 -16.65242855258158
T02234 262.55639097744364 -18.0 263.9572858604038 -16.65242855258158 263.9787812542511 -19.337350738895033 261.13400070063625 -19.33735073889503 261.15549609448357 -16.65242855258158
T02235 265.2631578947368 -18.0 266.6640527776969 -16.65242855258158 266.68554817154427 -19.33735073889503 263.8407676179294 -19.33735073889503 263.86226301177675 -16.65242855258158
T02236 267.9699248120301 -18.0 269.37081969499025 -16.65242855258158 269.39231508883756 -19.33735073889503 266.5475345352227 -19.33735073889503 266.56902992907004 -16.65242855258158
T02237 270.6766917293233 -18.0 272.07758661228337 -16.65242855258158 272.09908200613074 -19.337350738895026 269.25430145251585 -19.33735073889503 269.2757968463632 -16.65242855258158
T02238 273.3834586466166 -18.0 274.7843535295767 -16.65242855258158 274.80584892342404 -19.33735073889503 271.9610683698092 -19.33735073889503 271.9825637636565 -16.65242855258158
T02239 276.09022556390977 -18.0 277.49112044686984 -16.652428552581583 277.5126158407173 -19.337350738895033 274.6678352871023 -19.337350738895033 274.6893306809497 -16.652428552581583
T02240 278.796992481203 -18.0 280.1978873641631 -16.65242855258158 280.2193827580104 -19.33735073889503 277.37460220439556 -19.33735073889503 277.39609759824293 -16.65242855258158
T02241 281.50375939849624 -18.0 282.9046542814563 -16.65242855258158 282.9261496753037 -19.337350738895033 280.0813691216888 -19.337350738895033 280.10286451553617 -16.652428552581583
T02242 284.2105263157895 -18.0 285.61142119874955 -16.65242855258158 285.6329165925969 -19.33735073889503 282.78813603898203 -19.337350738895033 282.8096314328294 -16.652428552581583
T02243 286.9172932330827 -18.0 288.3181881160428 -16.65242855258158 288.3396835098902 -19.337350738895033 285.4949029562752 -19.33735073889503 285.51639835012264 -16.65242855258158
T02244 289.62406015037595 -18.0 291.024955033336 -16.65242855258158 291.0464504271834 -19.33735073889503 288.2016698735685 -19.33735073889503 288.2231652674159 -16.65242855258158
T02245 292.3308270676692 -18.0 293.73172195062926 -16.65242855258158 293.75321734447664 -19.33735073889503 290.90843679086174 -19.33735073889503 290.9299321847091 -16.65242855258158
T02246 295.0375939849624 -18.0 296.4384888679225 -16.65242855258158 296.4599842617699 -19.33735073889503 293.615203708155 -19.33735073889503 293.63669910200235 -16.65242855258158
T02247 297.7443609022556 -18.0 299.1452557852157 -16.65242855258158 299.16675117906306 -19.33735073889503 296.32197062544816 -19.337350738895033 296.34346601929553 -16.65242855258158
T02248 300.4511278195489 -18.0 301.852022702509 -16.65242855258158 301.87351809635635 -19.33735073889503 299.0287375427414 -19.33735073889503 299.0502329365888 -16.65242855258158
T02249 303.1578947368421 -18.0 304.55878961980216 -16.65242855258158 304.58028501364953 -19.337350738895033 301.73550446003463 -19.337350738895033 301.756999853882 -16.65242855258158
T02250 305.8646616541354 -18.0 307.26555653709545 -16.65242855258158 307.2870519309428 -19.33735073889503 304.4422713773279 -19.33735073889503 304.4637667711753 -16.65242855258158
T02251 308.57142857142856 -18.0 309.97232345438863 -16.65242855258158 309.993818848236 -19.33735073889503 307.1490382946211 -19.33735073889503 307.1705336884685 -16.65242855258158
T02252 311.27819548872185 -18.0 312.6790903716819 -16.65242855258158 312.7005857655293 -19.337350738895033 309.85580521191434 -19.33735073889503 309.8773006057617 -16.65242855258158
T02253 313.98496240601503 -18.0 315.3858572889751 -16.65242855258158 315.4073526828225 -19.337350738895033 312.5625721292076 -19.337350738895033 312.58406752305496 -16.652428552581583
T02254 316.69172932330827 -18.0 318.09262420626834 -16.65242855258158 318.11411960011577 -19.337350738895033 315.2693390465008 -19.337350738895033 315.2908344403482 -16.65242855258158
T02255 319.3984962406015 -18.0 320.7993911235616 -16.65242855258158 320.82088651740895 -19.33735073889503 317.97610596379405 -19.33735073889503 317.99760135764143 -16.65242855258158
T02256 322.10526315789474 -18.0 323.5061580408548 -16.65242855258158 323.5276534347022 -19.337350738895033 320.6828728810873 -19.337350738895033 320.70436827493467 -16.65242855258158
T02257 324.812030075188 -18.0 326.21292495814805 -16.65242855258158 326.2344203519955 -19.33735073889503 323.38963979838053 -19.33735073889503 323.4111351922279 -16.65242855258158
T02258 327.5187969924812 -18.0 328.9196918754413 -16.65242855258158 328.94118726928866 -19.33735073889503 326.09640671567377 -19.33735073889503 326.11790210952114 -16.65242855258158
T02259 330.2255639097744 -18.0 331.6264587927345 -16.652428552581583 331.64795418658184 -19.337350738895033 328.803173632967 -19.33735073889503 328.8246690268143 -16.65242855258158
T02260 332.9323308270677 -18.0 334.33322571002776 -16.65242855258158 334.35472110387514 -19.337350738895033 331.50994055026024 -19.337350738895033 331.5314359441076 -16.65242855258158
T02261 335.63909774436087 -18.0 337.039992627321 -16.65242855258158 337.0614880211683 -19.33735073889503 334.2167074675535 -19.337350738895033 334.2382028614008 -16.65242855258158
T02262 338.34586466165416 -18.0 339.74675954461424 -16.65242855258158 339.7682549384616 -19.33735073889503 336.9234743848467 -19.337350738895033 336.9449697786941 -16.65242855258158
T02263 341.05263157894734 -18.0 342.4535264619075 -16.65242855258158 342.4750218557548 -19.337350738895033 339.63024130213995 -19.337350738895033 339.65173669598727 -16.65242855258158
T02264 343.75939849624064 -18.0 345.1602933792007 -16.65242855258158 345.1817887730481 -19.33735073889503 342.3370082194332 -19.337350738895033 342.35850361328056 -16.65242855258158
T02265 346.4661654135338 -18.0 347.86706029649395 -16.65242855258158 347.88855569034126 -19.33735073889503 345.0437751367264 -19.33735073889503 345.06527053057374 -16.652428552581583
T02266 349.17293233082705 -18.0 350.5738272137871 -16.65242855258158 350.5953226076345 -19.337350738895033 347.7505420540196 -19.337350738895033 347.772037447867 -16.65242855258158
T02267 351.8796992481203 -18.0 353.2805941310804 -16.652428552581583 353.30208952492774 -19.337350738895033 350.4573089713129 -19.337350738895033 350.4788043651602 -16.652428552581583
T02268 354.5864661654135 -18.0 355.9873610483736 -16.652428552581583 356.008856442221 -19.337350738895033 353.1640758886061 -19.337350738895033 353.18557128245345 -16.652428552581583
T02269 357.29323308270676 -18.0 358.6941279656669 -16.65242855258158 358.7156233595142 -19.33735073889503 355.8708428058994 -19.33735073889503 355.8923381997467 -16.65242855258158
T02270 0.0 -15.428571428571429 1.3837206101406505 -14.081758883782792 1.4017340594636454 -16.76670274472248 358.5982659405364 -16.76670274472248 358.61627938985936 -14.081758883782793
T02271 2.6865671641791047 -15.428571428571429 4.070287774319755 -14.081758883782793 4.088301223642751 -16.766702744722476 1.2848331047154884 -16.766702744722476 1.3028465540384828 -14.081758883782793
T02272 5.373134328358209 -15.428571428571429 6.756854938498861 -14.081758883782792 6.774868387821855 -16.766702744722476 3.971400268894593 -16.766702744722476 3.9894137182175884 -14.081758883782793
T02273 8.059701492537313 -15.428571428571429 9.443422102677964 -14.081758883782793 9.461435552000959 -16.76670274472248 6.657967433073695 -16.76670274472248 6.67598088239669 -14.081758883782793
T02274 10.746268656716419 -15.428571428571429 12.12998926685707 -14.081758883782793 12.148002716180065 -16.766702744722476 9.344534597252803 -16.76670274472248 9.362548046575798 -14.081758883782793
T02275 13.432835820895523 -15.428571428571429 14.81655643103618 -14.081758883782793 14.834569880359172 -16.76670274472248 12.03110176143191 -16.766702744722476 12.049115210754906 -14.081758883782793
T02276 16.119402985074625 -15.428571428571429 17.50312359521528 -14.081758883782793 17.521137044538275 -16.76670274472248 14.71766892561101 -16.766702744722476 14.735682374934004 -14.081758883782793
T02277 18.80597014925373 -15.428571428571429 20.189690759394377 -14.081758883782792 20.207704208717377 -16.766702744722476 17.40423608979011 -16.766702744722476 17.422249539113107 -14.081758883782792
T02278 21.492537313432837 -15.428571428571429 22.876257923573494 -14.081758883782793 22.894271372896483 -16.766702744722476 20.09080325396922 -16.766702744722476 20.108816703292216 -14.081758883782792
T02279 24.17910447761194 -15.428571428571429 25.562825087752593 -14.081758883782793 25.580838537075586 -16.76670274472248 22.777370418148326 -16.766702744722476 22.79538386747132 -14.081758883782793
T02280 26.865671641791046 -15.428571428571429 28.249392251931695 -14.081758883782792 28.26740570125469 -16.76670274472248 25.46393758232743 -16.766702744722476 25.481951031650418 -14.081758883782792
T02281 29.552238805970152 -15.428571428571429 30.9359594161108 -14.081758883782792 30.953972865433798 -16.766702744722476 28.15050474650653 -16.766702744722476 28.168518195829527 -14.081758883782792
T02282 32.23880597014925 -15.428571428571429 33.62252658028991 -14.081758883782793 33.64054002961289 -16.766702744722476 30.83707191068563 -16.766702744722476 30.855085360008626 -14.081758883782792
T02283 34.92537313432835 -15.428571428571429 36.30909374446901 -14.081758883782793 36.32710719379202 -16.766702744722476 33.52363907486475 -16.766702744722476 33.54165252418775 -14.081758883782793
T02284 37.61194029850746 -15.428571428571429 38.99566090864811 -14.081758883782792 39.01367435797111 -16.766702744722476 36.210206239043856 -16.766702744722476 36.22821968836684 -14.081758883782792
T02285 40.298507462686565 -15.428571428571429 41.68222807282722 -14.081758883782793 41.70024152215022 -16.76670274472248 38.89677340322295 -16.76670274472248 38.91478685254595 -14.081758883782793
T02286 42.985074626865675 -15.428571428571429 44.36879523700633 -14.081758883782792 44.38680868632932 -16.766702744722476 41.583340567402054 -16.766702744722476 41.601354016725054 -14.081758883782792
T02287 45.67164179104478 -15.428571428571429 47.05536240118543 -14.081758883782792 47.07337585050842 -16.766702744722476 44.269907731581156 -16.766702744722476 44.287921180904156 -14.081758883782793
T02288 48.35820895522388 -15.428571428571429 49.74192956536453 -14.081758883782793 49.75994301468753 -16.766702744722476 46.956474895760266 -16.766702744722476 46.97448834508326 -14.081758883782793
T02289 51.04477611940299 -15.428571428571429 52.42849672954363 -14.081758883782793 52.446510178866625 -16.766702744722476 49.64304205993936 -16.766702744722476 49.661055509262354 -14.081758883782793
T02290 53.73134328358209 -15.428571428571429 55.11506389372274 -14.081758883782792 55.133077343045734 -16.766702744722476 52.32960922411847 -16.766702744722476 52.34762267344147 -14.081758883782792
T02291 56.417910447761194 -15.428571428571429 57.80163105790184 -14.081758883782793 57.81964450722483 -16.76670274472248 55.016176388297566 -16.76670274472248 55.03418983762056 -14.081758883782793
T02292 59.104477611940304 -15.428571428571429 60.488198222080946 -14.081758883782793 60.506211671403946 -16.76670274472248 57.702743552476676 -16.766702744722476 57.720757001799676 -14.081758883782793
T02293 61.791044776119406 -15.428571428571429 63.17476538626006 -14.081758883782792 63.192778835583056 -16.766702744722476 60.38931071665579 -16.766702744722476 60.407324165978785 -14.081758883782792
T02294 64.4776119402985 -15.428571428571429 65.86133255043916 -14.081758883782793 65.87934599976215 -16.766702744722476 63.07587788083489 -16.766702744722476 63.09389133015788 -14.081758883782792
T02295 67.16417910447761 -15.428571428571429 68.54789971461827 -14.081758883782792 68.56591316394126 -16.76670274472248 65.762445045014 -16.76670274472248 65.780458494337 -14.081758883782792
T02296 69.8507462686567 -15.428571428571429 71.23446687879736 -14.081758883782793 71.25248032812036 -16.76670274472248 68.44901220919309 -16.76670274472248 68.46702565851609 -14.081758883782793
T02297 72.53731343283583 -15.428571428571429 73.92103404297649 -14.081758883782793 73.93904749229948 -16.766702744722476 71.13557937337222 -16.766702744722476 71.15359282269522 -14.081758883782793
T02298 75.22388059701493 -15.428571428571429 76.60760120715557 -14.081758883782793 76.62561465647856 -16.766702744722476 73.8221465375513 -16.766702744722476 73.84015998687431 -14.081758883782793
T02299 77.91044776119404 -15.428571428571429 79.29416837133468 -14.081758883782792 79.31218182065767 -16.766702744722476 76.50871370173043 -16.76670274472248 76.52672715105342 -14.081758883782793
T02300 80.59701492537313 -15.428571428571429 81.98073553551379 -14.081758883782793 81.99874898483678 -16.76670274472248 79.19528086590952 -16.76670274472248 79.21329431523252 -14.081758883782793
T02301 83.28358208955224 -15.428571428571429 84.6673026996929 -14.081758883782793 84.6853161490159 -16.766702744722476 81.88184803008863 -16.766702744722476 81.89986147941163 -14.081758883782792
T02302 85.97014925373135 -15.428571428571429 87.35386986387202 -14.081758883782793 87.37188331319501 -16.766702744722476 84.56841519426774 -16.76670274472248 84.58642864359074 -14.081758883782793
T02303 88.65671641791045 -15.428571428571429 90.0404370280511 -14.081758883782792 90.0584504773741 -16.766702744722476 87.25498235844682 -16.766702744722476 87.27299580776983 -14.081758883782793
T02304 91.34328358208955 -15.428571428571429 92.72700419223021 -14.081758883782793 92.7450176415532 -16.766702744722476 89.94154952262595 -16.766702744722476 89.95956297194894 -14.081758883782792
T02305 94.02985074626865 -15.428571428571429 95.4135713564093 -14.081758883782793 95.4315848057323 -16.766702744722476 92.62811668680504 -16.766702744722476 92.64613013612804 -14.081758883782793
T02306 96.71641791044776 -15.428571428571429 98.10013852058842 -14.081758883782792 98.11815196991142 -16.766702744722476 95.31468385098415 -16.766702744722476 95.33269730030715 -14.081758883782792
T02307 99.40298507462687 -15.428571428571429 100.78670568476753 -14.081758883782793 100.80471913409052 -16.76670274472248 98.00125101516325 -16.76670274472248 98.01926446448624 -14.081758883782793
T02308 102.08955223880598 -15.428571428571429 103.47327284894664 -14.081758883782793 103.49128629826963 -16.76670274472248 100.68781817934236 -16.766702744722476 100.70583162866536 -14.081758883782793
T02309 104.77611940298507 -15.428571428571429 106.15984001312573 -14.081758883782793 106.17785346244872 -16.766702744722476 103.37438534352147 -16.766702744722476 103.39239879284446 -14.081758883782793
T02310 107.46268656716418 -15.428571428571429 108.84640717730483 -14.081758883782793 108.86442062662782 -16.766702744722476 106.06095250770058 -16.766702744722476 106.07896595702357 -14.081758883782793
T02311 110.1492537313433 -15.428571428571429 111.53297434148395 -14.081758883782793 111.55098779080696 -16.76670274472248 108.74751967187969 -16.76670274472248 108.76553312120268 -14.081758883782793
T02312 112.83582089552239 -15.428571428571429 114.21954150566303 -14.081758883782792 114.23755495498604 -16.766702744722476 111.43408683605877 -16.766702744722476 111.45210028538176 -14.081758883782792
T02313 115.5223880597015 -15.428571428571429 116.90610866984215 -14.081758883782793 116.92412211916515 -16.766702744722476 114.12065400023788 -16.76670274472248 114.13866744956088 -14.081758883782793
T02314 118.20895522388061 -15.428571428571429 119.59267583402126 -14.081758883782792 119.61068928334426 -16.766702744722476 116.80722116441699 -16.76670274472248 116.82523461373998 -14.081758883782792
T02315 120.89552238805969 -15.428571428571429 122.27924299820035 -14.081758883782793 122.29725644752335 -16.766702744722476 119.4937883285961 -16.76670274472248 119.51180177791909 -14.081758883782793
T02316 123.58208955223881 -15.428571428571429 124.96581016237947 -14.081758883782792 124.98382361170246 -16.766702744722476 122.18035549277518 -16.766702744722476 122.19836894209817 -14.081758883782792
T02317 126.26865671641792 -15.428571428571429 127.65237732655858 -14.081758883782792 127.67039077588157 -16.766702744722476 124.86692265695429 -16.766702744722476 124.88493610627728 -14.081758883782792
T02318 128.955223880597 -15.428571428571429 130.33894449073767 -14.081758883782792 130.35695794006065 -16.766702744722476 127.55348982113338 -16.766702744722476 127.57150327045638 -14.081758883782793
T02319 131.6417910447761 -15.428571428571429 133.02551165491678 -14.081758883782792 133.04352510423976 -16.766702744722476 130.2400569853125 -16.766702744722476 130.2580704346355 -14.081758883782793
T02320 134.32835820895522 -15.428571428571429 135.71207881909586 -14.081758883782792 135.73009226841887 -16.766702744722476 132.9266241494916 -16.766702744722476 132.9446375988146 -14.081758883782792
T02321 137.01492537313433 -15.428571428571429 138.398645983275 -14.081758883782792 138.41665943259798 -16.766702744722476 135.6131913136707 -16.766702744722476 135.63120476299372 -14.081758883782792
T02322 139.7014925373134 -15.428571428571429 141.08521314745408 -14.081758883782793 141.1032265967771 -16.76670274472248 138.2997584778498 -16.76670274472248 138.3177719271728 -14.081758883782793
T02323 142.38805970149255 -15.428571428571429 143.77178031163322 -14.081758883782792 143.7897937609562 -16.766702744722476 140.98632564202893 -16.766702744722476 141.00433909135197 -14.081758883782793
T02324 145.07462686567166 -15.428571428571429 146.45834747581233 -14.081758883782793 146.47636092513534 -16.76670274472248 143.67289280620804 -16.766702744722476 143.69090625553105 -14.081758883782793
T02325 147.76119402985077 -15.428571428571429 149.1449146399914 -14.081758883782792 149.16292808931442 -16.766702744722476 146.35945997038715 -16.766702744722476 146.37747341971013 -14.081758883782792
T02326 150.44776119402985 -15.428571428571429 151.8314818041705 -14.081758883782792 151.8494952534935 -16.766702744722476 149.04602713456623 -16.766702744722476 149.0640405838892 -14.081758883782793
T02327 153.13432835820896 -15.428571428571429 154.5180489683496 -14.081758883782792 154.5360624176726 -16.766702744722476 151.73259429874534 -16.76670274472248 151.75060774806832 -14.081758883782792
T02328 155.82089552238807 -15.428571428571429 157.2046161325287 -14.081758883782792 157.22262958185172 -16.766702744722476 154.41916146292448 -16.766702744722476 154.43717491224743 -14.081758883782793
T02329 158.50746268656715 -15.428571428571429 159.89118329670782 -14.081758883782793 159.9091967460308 -16.766702744722476 157.10572862710353 -16.76670274472248 157.12374207642654 -14.081758883782793
T02330 161.19402985074626 -15.428571428571429 162.57775046088693 -14.081758883782792 162.5957639102099 -16.766702744722476 159.79229579128264 -16.766702744722476 159.81030924060565 -14.081758883782792
T02331 163.88059701492537 -15.428571428571429 165.26431762506604 -14.081758883782793 165.28233107438902 -16.766702744722476 162.47886295546175 -16.76670274472248 162.49687640478476 -14.081758883782793
T02332 166.56716417910448 -15.428571428571429 167.95088478924515 -14.081758883782793 167.96889823856813 -16.766702744722476 165.16543011964086 -16.766702744722476 165.18344356896387 -14.081758883782793
T02333 169.2537313432836 -15.428571428571429 170.63745195342426 -14.081758883782792 170.65546540274727 -16.766702744722476 167.85199728381997 -16.766702744722476 167.87001073314298 -14.081758883782792
T02334 171.9402985074627 -15.428571428571429 173.32401911760337 -14.081758883782793 173.34203256692638 -16.766702744722476 170.53856444799908 -16.766702744722476 170.5565778973221 -14.081758883782793
T02335 174.6268656716418 -15.428571428571429 176.01058628178245 -14.081758883782793 176.02859973110546 -16.76670274472248 173.2251316121782 -16.766702744722476 173.24314506150117 -14.081758883782793
T02336 177.3134328358209 -15.428571428571429 178.69715344596153 -14.081758883782793 178.71516689528454 -16.766702744722476 175.91169877635727 -16.766702744722476 175.92971222568025 -14.081758883782793
T02337 180.0 -15.428571428571429 181.38372061014064 -14.081758883782792 181.40173405946362 -16.76670274472248 178.59826594053638 -16.76670274472248 178.61627938985936 -14.081758883782793
T02338 182.6865671641791 -15.428571428571429 184.07028777431975 -14.081758883782793 184.08830122364273 -16.766702744722476 181.2848331047155 -16.766702744722476 181.30284655403847 -14.081758883782793
T02339 185.37313432835822 -15.428571428571429 186.75685493849886 -14.081758883782793 186.77486838782184 -16.766702744722476 183.9714002688946 -16.766702744722476 183.9894137182176 -14.081758883782793
T02340 188.0597014925373 -15.428571428571429 189.44342210267794 -14.081758883782793 189.46143555200092 -16.76670274472248 186.65796743307368 -16.76670274472248 186.6759808823967 -14.081758883782793
T02341 190.7462686567164 -15.428571428571429 192.12998926685705 -14.081758883782792 192.14800271618006 -16.766702744722476 189.3445345972528 -16.766702744722476 189.3625480465758 -14.081758883782792
T02342 193.43283582089552 -15.428571428571429 194.81655643103616 -14.081758883782793 194.83456988035917 -16.76670274472248 192.0311017614319 -16.766702744722476 192.0491152107549 -14.081758883782793
T02343 196.11940298507463 -15.428571428571429 197.50312359521527 -14.081758883782792 197.52113704453828 -16.766702744722476 194.717668925611 -16.766702744722476 194.73568237493402 -14.081758883782792
T02344 198.80597014925374 -15.428571428571429 200.18969075939435 -14.081758883782792 200.20770420871736 -16.766702744722476 197.40423608979012 -16.766702744722476 197.4222495391131 -14.081758883782792
T02345 201.49253731343285 -15.428571428571429 202.87625792357346 -14.081758883782793 202.89427137289647 -16.766702744722476 200.09080325396923 -16.766702744722476 200.1088167032922 -14.081758883782793
T02346 204.17910447761196 -15.428571428571429 205.56282508775257 -14.081758883782793 205.58083853707558 -16.766702744722476 202.77737041814834 -16.766702744722476 202.79538386747132 -14.081758883782792
T02347 206.86567164179104 -15.428571428571429 208.24939225193168 -14.081758883782792 208.26740570125466 -16.76670274472248 205.46393758232742 -16.766702744722476 205.4819510316504 -14.081758883782792
T02348 209.55223880597015 -15.428571428571429 210.9359594161108 -14.081758883782793 210.95397286543377 -16.766702744722476 208.15050474650653 -16.766702744722476 208.1685181958295 -14.081758883782792
T02349 212.23880597014926 -15.428571428571429 213.6225265802899 -14.081758883782792 213.64054002961288 -16.766702744722476 210.83707191068564 -16.766702744722476 210.85508536000864 -14.081758883782792
T02350 214.92537313432837 -15.428571428571429 216.309093744469 -14.081758883782793 216.32710719379202 -16.766702744722476 213.52363907486475 -16.766702744722476 213.54165252418775 -14.081758883782793
T02351 217.61194029850745 -15.428571428571429 218.9956609086481 -14.081758883782792 219.0136743579711 -16.766702744722476 216.21020623904383 -16.766702744722476 216.22821968836683 -14.081758883782792
T02352 220.2985074626866 -15.428571428571429 221.68222807282723 -14.081758883782792 221.70024152215024 -16.76670274472248 218.89677340322297 -16.76670274472248 218.91478685254597 -14.081758883782792
T02353 222.9850746268657 -15.428571428571429 224.36879523700637 -14.081758883782793 224.38680868632935 -16.766702744722476 221.58334056740208 -16.76670274472248 221.60135401672508 -14.081758883782793
T02354 225.67164179104478 -15.428571428571429 227.0553624011854 -14.081758883782792 227.0733758505084 -16.766702744722476 224.26990773158116 -16.766702744722476 224.28792118090414 -14.081758883782792
T02355 228.3582089552239 -15.428571428571429 229.74192956536453 -14.081758883782792 229.7599430146875 -16.766702744722476 226.95647489576027 -16.766702744722476 226.97448834508324 -14.081758883782792
T02356 231.044776119403 -15.428571428571429 232.42849672954364 -14.081758883782793 232.4465101788666 -16.766702744722476 229.64304205993935 -16.766702744722476 229.66105550926235 -14.081758883782793
T02357 233.73134328358208 -15.428571428571429 235.11506389372272 -14.081758883782792 235.13307734304567 -16.766702744722476 232.32960922411849 -16.766702744722476 232.34762267344144 -14.081758883782792
T02358 236.41791044776122 -15.428571428571429 237.80163105790186 -14.081758883782793 237.81964450722487 -16.766702744722476 235.01617638829757 -16.766702744722476 235.03418983762054 -14.081758883782793
T02359 239.1044776119403 -15.428571428571429 240.48819822208094 -14.081758883782793 240.50621167140395 -16.76670274472248 237.70274355247665 -16.766702744722476 237.72075700179968 -14.081758883782793
T02360 241.79104477611938 -15.428571428571429 243.17476538626002 -14.081758883782792 243.19277883558303 -16.766702744722476 240.38931071665573 -16.76670274472248 240.40732416597876 -14.081758883782792
T02361 244.47761194029852 -15.428571428571429 245.86133255043916 -14.081758883782793 245.87934599976217 -16.766702744722476 243.07587788083492 -16.766702744722476 243.0938913301579 -14.081758883782793
T02362 247.16417910447763 -15.428571428571429 248.54789971461824 -14.081758883782792 248.56591316394127 -16.766702744722476 245.762445045014 -16.766702744722476 245.78045849433698 -14.081758883782792
T02363 249.8507462686567 -15.428571428571429 251.23446687879732 -14.081758883782793 251.25248032812036 -16.76670274472248 248.44901220919309 -16.76670274472248 248.46702565851606 -14.081758883782793
T02364 252.53731343283584 -15.428571428571429 253.92103404297646 -14.081758883782793 253.9390474922995 -16.766702744722476 251.1355793733722 -16.766702744722476 251.1535928226952 -14.081758883782793
T02365 255.22388059701493 -15.428571428571429 256.60760120715554 -14.081758883782793 256.62561465647855 -16.766702744722476 253.82214653755128 -16.766702744722476 253.84015998687428 -14.081758883782793
T02366 257.910447761194 -15.428571428571429 259.29416837133465 -14.081758883782793 259.31218182065766 -16.76670274472248 256.50871370173036 -16.76670274472248 256.52672715105336 -14.081758883782793
T02367 260.5970149253732 -15.428571428571429 261.9807355355138 -14.081758883782793 261.9987489848368 -16.76670274472248 259.1952808659095 -16.76670274472248 259.2132943152326 -14.081758883782793
T02368 263.2835820895522 -15.428571428571429 264.66730269969287 -14.081758883782793 264.6853161490158 -16.76670274472248 261.88184803008863 -16.76670274472248 261.8998614794116 -14.081758883782793
T02369 265.9701492537314 -15.428571428571429 267.35386986387203 -14.081758883782792 267.37188331319504 -16.766702744722476 264.5684151942678 -16.76670274472248 264.5864286435908 -14.081758883782793
T02370 268.65671641791045 -15.428571428571429 270.0404370280511 -14.081758883782792 270.0584504773741 -16.766702744722476 267.2549823584468 -16.76670274472248 267.2729958077698 -14.081758883782793
T02371 271.34328358208955 -15.428571428571429 272.7270041922302 -14.081758883782793 272.7450176415532 -16.766702744722476 269.9415495226259 -16.766702744722476 269.9595629719489 -14.081758883782792
T02372 274.02985074626866 -15.428571428571429 275.4135713564093 -14.081758883782792 275.43158480573226 -16.766702744722476 272.6281166868051 -16.766702744722476 272.646130136128 -14.081758883782793
T02373 276.7164179104478 -15.428571428571429 278.1001385205884 -14.081758883782793 278.11815196991137 -16.766702744722476 275.3146838509842 -16.76670274472248 275.33269730030713 -14.081758883782793
T02374 279.4029850746268 -15.428571428571429 280.78670568476747 -14.081758883782793 280.8047191340905 -16.76670274472248 278.00125101516323 -16.76670274472248 278.01926446448624 -14.081758883782793
T02375 282.089552238806 -15.428571428571429 283.47327284894664 -14.081758883782793 283.49128629826964 -16.76670274472248 280.68781817934234 -16.766702744722476 280.70583162866535 -14.081758883782792
T02376 284.7761194029851 -15.428571428571429 286.15984001312574 -14.081758883782793 286.17785346244875 -16.76670274472248 283.3743853435215 -16.76670274472248 283.3923987928445 -14.081758883782793
T02377 287.46268656716416 -15.428571428571429 288.8464071773048 -14.081758883782793 288.8644206266278 -16.766702744722476 286.0609525077005 -16.766702744722476 286.0789659570235 -14.081758883782793
T02378 290.1492537313433 -15.428571428571429 291.53297434148396 -14.081758883782792 291.550987790807 -16.766702744722476 288.7475196718797 -16.766702744722476 288.76553312120274 -14.081758883782792
T02379 292.8358208955224 -15.428571428571429 294.219541505663 -14.081758883782792 294.237554954986 -16.766702744722476 291.4340868360588 -16.76670274472248 291.45210028538173 -14.081758883782792
T02380 295.52238805970154 -15.428571428571429 296.9061086698421 -14.081758883782793 296.9241221191652 -16.766702744722476 294.1206540002379 -16.766702744722476 294.1386674495609 -14.081758883782793
T02381 298.2089552238806 -15.428571428571429 299.59267583402124 -14.081758883782792 299.61068928334424 -16.766702744722476 296.80722116441694 -16.766702744722476 296.82523461373995 -14.081758883782792
T02382 300.8955223880597 -15.428571428571429 302.27924299820035 -14.081758883782793 302.29725644752335 -16.766702744722476 299.49378832859605 -16.766702744722476 299.51180177791906 -14.081758883782793
T02383 303.5820895522388 -15.428571428571429 304.96581016237946 -14.081758883782792 304.98382361170246 -16.766702744722476 302.1803554927752 -16.766702744722476 302.1983689420982 -14.081758883782792
T02384 306.2686567164179 -15.428571428571429 307.65237732655856 -14.081758883782792 307.6703907758816 -16.766702744722476 304.8669226569543 -16.766702744722476 304.8849361062773 -14.081758883782792
T02385 308.95522388059703 -15.428571428571429 310.3389444907377 -14.081758883782792 310.3569579400607 -16.766702744722476 307.5534898211334 -16.766702744722476 307.57150327045645 -14.081758883782793
T02386 311.64179104477614 -15.428571428571429 313.0255116549168 -14.081758883782792 313.0435251042398 -16.766702744722476 310.2400569853125 -16.766702744722476 310.2580704346355 -14.081758883782792
T02387 314.32835820895525 -15.428571428571429 315.7120788190959 -14.081758883782793 315.7300922684189 -16.76670274472248 312.9266241494916 -16.76670274472248 312.94463759881467 -14.081758883782793
T02388 317.0149253731343 -15.428571428571429 318.39864598327495 -14.081758883782792 318.41665943259795 -16.766702744722476 315.61319131367065 -16.766702744722476 315.63120476299366 -14.081758883782792
T02389 319.70149253731347 -15.428571428571429 321.08521314745406 -14.081758883782792 321.10322659677706 -16.76670274472248 318.2997584778498 -16.76670274472248 318.3177719271728 -14.081758883782793
T02390 322.3880597014925 -15.428571428571429 323.77178031163317 -14.081758883782792 323.7897937609562 -16.766702744722476 320.9863256420289 -16.766702744722476 321.0043390913519 -14.081758883782792
T02391 325.07462686567163 -15.428571428571429 326.4583474758123 -14.081758883782792 326.4763609251352 -16.766702744722476 323.672892806208 -16.766702744722476 323.690906255531 -14.081758883782793
T02392 327.76119402985074 -15.428571428571429 329.1449146399914 -14.081758883782793 329.1629280893144 -16.766702744722476 326.3594599703871 -16.76670274472248 326.37747341971016 -14.081758883782793
T02393 330.44776119402985 -15.428571428571429 331.8314818041705 -14.081758883782792 331.8494952534935 -16.766702744722476 329.0460271345662 -16.766702744722476 329.0640405838892 -14.081758883782792
T02394 333.13432835820896 -15.428571428571429 334.5180489683496 -14.081758883782793 334.5360624176726 -16.76670274472248 331.7325942987453 -16.76670274472248 331.7506077480684 -14.081758883782792
T02395 335.82089552238807 -15.428571428571429 337.2046161325287 -14.081758883782793 337.2226295818517 -16.766702744722476 334.4191614629244 -16.76670274472248 334.43717491224743 -14.081758883782793
T02396 338.5074626865672 -15.428571428571429 339.8911832967078 -14.081758883782793 339.90919674603083 -16.766702744722476 337.10572862710353 -16.766702744722476 337.1237420764266 -14.081758883782793
T02397 341.1940298507463 -15.428571428571429 342.57775046088693 -14.081758883782792 342.59576391020994 -16.76670274472248 339.79229579128264 -16.766702744722476 339.81030924060565 -14.081758883782792
T02398 343.8805970149254 -15.428571428571429 345.26431762506604 -14.081758883782792 345.2823310743891 -16.766702744722476 342.4788629554618 -16.766702744722476 342.4968764047848 -14.081758883782792
T02399 346.56716417910445 -15.428571428571429 347.9508847892451 -14.081758883782793 347.9688982385681 -16.766702744722476 345.1654301196408 -16.76670274472248 345.1834435689638 -14.081758883782793
T02400 349.2537313432836 -15.428571428571429 350.63745195342426 -14.081758883782792 350.65546540274727 -16.766702744722476 347.85199728381997 -16.766702744722476 347.870010733143 -14.081758883782792
T02401 351.94029850746267 -15.428571428571429 353.3240191176033 -14.081758883782793 353.3420325669263 -16.766702744722476 350.538564447999 -16.766702744722476 350.5565778973221 -14.081758883782793
T02402 354.6268656716418 -15.428571428571429 356.0105862817824 -14.081758883782792 356.02859973110543 -16.766702744722476 353.22513161217813 -16.766702744722476 353.24314506150114 -14.081758883782792
T02403 357.3134328358209 -15.428571428571429 358.69715344596153 -14.081758883782792 358.71516689528454 -16.766702744722476 355.91169877635724 -16.766702744722476 355.9297122256803 -14.081758883782793
T02404 0.0 -12.857142857142858 1.3696861656846684 -11.511072309187258 1.3844161255287786 -14.196033912171764 358.61558387447127 -14.196033912171764 358.63031383431536 -11.511072309187258
T02405 2.6470588235294117 -12.857142857142858 4.0167449892140805 -11.511072309187256 4.03147494905819 -14.196033912171762 1.262642698000661 -14.196033912171762 1.2773726578447708 -11.511072309187256
T02406 5.294117647058823 -12.857142857142858 6.663803812743492 -11.511072309187258 6.678533772587602 -14.196033912171764 3.909701521530074 -14.196033912171764 3.9244314813741834 -11.51107230918726
T02407 7.9411764705882355 -12.857142857142858 9.310862636272907 -11.511072309187258 9.325592596117016 -14.196033912171764 6.556760345059486 -14.196033912171764 6.571490304903596 -11.511072309187258
T02408 10.588235294117647 -12.857142857142858 11.957921459802316 -11.511072309187258 11.972651419646427 -14.196033912171762 9.203819168588897 -14.196033912171762 9.218549128433008 -11.511072309187258
T02409 13.23529411764706 -12.857142857142858 14.604980283331729 -11.511072309187258 14.61971024317584 -14.196033912171762 11.85087799211831 -14.196033912171764 11.865607951962419 -11.511072309187258
T02410 15.882352941176471 -12.857142857142858 17.252039106861137 -11.511072309187258 17.266769066705244 -14.196033912171762 14.49793681564772 -14.196033912171764 14.512666775491828 -11.511072309187258
T02411 18.529411764705884 -12.857142857142858 19.89909793039055 -11.511072309187258 19.91382789023466 -14.196033912171764 17.144995639177136 -14.196033912171764 17.159725599021243 -11.511072309187258
T02412 21.176470588235293 -12.857142857142858 22.54615675391996 -11.511072309187258 22.56088671376407 -14.196033912171762 19.792054462706542 -14.196033912171762 19.806784422550653 -11.511072309187258
T02413 23.823529411764707 -12.857142857142858 25.19321557744938 -11.511072309187258 25.207945537293487 -14.196033912171766 22.43911328623596 -14.196033912171766 22.45384324608007 -11.511072309187258
T02414 26.47058823529412 -12.857142857142858 27.84027440097879 -11.511072309187258 27.855004360822903 -14.196033912171766 25.08617210976537 -14.196033912171764 25.10090206960948 -11.511072309187258
T02415 29.11764705882353 -12.857142857142858 30.4873332245082 -11.511072309187258 30.502063184352302 -14.19603391217176 27.73323093329477 -14.19603391217176 27.747960893138885 -11.511072309187258
T02416 31.764705882352942 -12.857142857142858 33.134392048037604 -11.511072309187258 33.14912200788172 -14.196033912171762 30.38028975682419 -14.196033912171764 30.395019716668298 -11.511072309187258
T02417 34.41176470588235 -12.857142857142858 35.78145087156702 -11.511072309187256 35.79618083141113 -14.196033912171762 33.0273485803536 -14.196033912171762 33.04207854019771 -11.511072309187256
T02418 37.05882352941177 -12.857142857142858 38.42850969509644 -11.511072309187258 38.44323965494055 -14.196033912171764 35.674407403883016 -14.196033912171764 35.68913736372713 -11.511072309187258
T02419 39.70588235294118 -12.857142857142858 41.07556851862586 -11.511072309187258 41.09029847846997 -14.196033912171764 38.32146622741244 -14.196033912171766 38.33619618725655 -11.511072309187258
T02420 42.35294117647059 -12.857142857142858 43.72262734215526 -11.511072309187258 43.73735730199937 -14.196033912171762 40.96852505094184 -14.196033912171762 40.98325501078596 -11.511072309187258
T02421 45.0 -12.857142857142858 46.36968616568467 -11.511072309187258 46.38441612552878 -14.196033912171764 43.61558387447125 -14.196033912171762 43.63031383431536 -11.511072309187258
T02422 47.64705882352941 -12.857142857142858 49.016744989214075 -11.511072309187258 49.03147494905819 -14.196033912171762 46.26264269800066 -14.196033912171762 46.277372657844765 -11.511072309187258
T02423 50.294117647058826 -12.857142857142858 51.66380381274349 -11.511072309187258 51.678533772587606 -14.196033912171764 48.909701521530074 -14.196033912171764 48.924431481374185 -11.511072309187258
T02424 52.94117647058824 -12.857142857142858 54.3108626362729 -11.511072309187258 54.32559259611701 -14.196033912171764 51.55676034505948 -14.196033912171762 51.57149030490359 -11.511072309187256
T02425 55.58823529411765 -12.857142857142858 56.95792145980232 -11.511072309187256 56.972651419646425 -14.19603391217176 54.20381916858889 -14.196033912171762 54.21854912843301 -11.511072309187258
T02426 58.23529411764706 -12.857142857142858 59.60498028333173 -11.511072309187258 59.61971024317584 -14.196033912171764 56.850877992118306 -14.196033912171764 56.86560795196242 -11.511072309187258
T02427 60.88235294117648 -12.857142857142858 62.25203910686115 -11.511072309187256 62.26676906670526 -14.19603391217176 59.49793681564772 -14.196033912171762 59.51266677549183 -11.511072309187258
T02428 63.529411764705884 -12.857142857142858 64.89909793039055 -11.511072309187258 64.91382789023466 -14.196033912171764 62.144995639177125 -14.196033912171764 62.159725599021236 -11.511072309187258
T02429 66.1764705882353 -12.857142857142858 67.54615675391997 -11.511072309187258 67.56088671376409 -14.196033912171764 64.79205446270656 -14.196033912171766 64.80678442255066 -11.511072309187258
T02430 68.8235294117647 -12.857142857142858 70.19321557744937 -11.511072309187256 70.20794553729348 -14.19603391217176 67.43911328623597 -14.196033912171762 67.45384324608007 -11.511072309187256
T02431 71.47058823529412 -12.857142857142858 72.84027440097879 -11.511072309187256 72.8550043608229 -14.196033912171762 70.08617210976536 -14.196033912171762 70.10090206960948 -11.511072309187258
T02432 74.11764705882354 -12.857142857142858 75.4873332245082 -11.511072309187258 75.50206318435231 -14.196033912171764 72.73323093329479 -14.196033912171764 72.7479608931389 -11.511072309187258
T02433 76.76470588235294 -12.857142857142858 78.13439204803761 -11.511072309187258 78.14912200788172 -14.196033912171764 75.38028975682418 -14.196033912171762 75.3950197166683 -11.511072309187258
T02434 79.41176470588236 -12.857142857142858 80.78145087156705 -11.511072309187258 80.79618083141115 -14.196033912171762 78.02734858035362 -14.196033912171762 78.04207854019772 -11.511072309187258
T02435 82.05882352941177 -12.857142857142858 83.42850969509644 -11.511072309187258 83.44323965494056 -14.196033912171764 80.67440740388302 -14.196033912171764 80.68913736372713 -11.511072309187258
T02436 84.70588235294117 -12.857142857142858 86.07556851862584 -11.51107230918726 86.09029847846996 -14.196033912171766 83.32146622741243 -14.196033912171764 83.33619618725653 -11.51107230918726
T02437 87.3529411764706 -12.857142857142858 88.72262734215526 -11.511072309187256 88.73735730199938 -14.196033912171762 85.96852505094184 -14.196033912171764 85.98325501078595 -11.511072309187258
T02438 90.0 -12.857142857142858 91.36968616568467 -11.511072309187258 91.38441612552877 -14.196033912171764 88.61558387447124 -14.196033912171764 88.63031383431536 -11.511072309187258
T02439 92.64705882352942 -12.857142857142858 94.01674498921409 -11.511072309187256 94.0314749490582 -14.196033912171762 91.26264269800066 -14.196033912171762 91.27737265784478 -11.511072309187256
T02440 95.29411764705883 -12.857142857142858 96.66380381274351 -11.51107230918726 96.67853377258761 -14.196033912171764 93.90970152153008 -14.196033912171764 93.92443148137419 -11.51107230918726
T02441 97.94117647058823 -12.857142857142858 99.3108626362729 -11.511072309187258 99.32559259611702 -14.196033912171764 96.55676034505949 -14.196033912171764 96.57149030490359 -11.511072309187258
T02442 100.58823529411765 -12.857142857142858 101.95792145980232 -11.511072309187258 101.97265141964644 -14.196033912171762 99.2038191685889 -14.19603391217176 99.21854912843301 -11.511072309187258
T02443 103.23529411764706 -12.857142857142858 104.60498028333173 -11.511072309187258 104.61971024317585 -14.196033912171764 101.8508779921183 -14.196033912171764 101.86560795196242 -11.511072309187258
T02444 105.88235294117648 -12.857142857142858 107.25203910686115 -11.511072309187258 107.26676906670525 -14.196033912171762 104.49793681564772 -14.196033912171764 104.51266677549184 -11.511072309187258
T02445 108.52941176470588 -12.857142857142858 109.89909793039055 -11.511072309187258 109.91382789023466 -14.196033912171764 107.14499563917713 -14.196033912171764 107.15972559902124 -11.511072309187258
T02446 111.1764705882353 -12.857142857142858 112.54615675391997 -11.511072309187258 112.56088671376409 -14.196033912171764 109.79205446270656 -14.196033912171764 109.80678442255066 -11.511072309187258
T02447 113.82352941176471 -12.857142857142858 115.19321557744937 -11.511072309187258 115.2079455372935 -14.196033912171766 112.43911328623597 -14.196033912171766 112.45384324608007 -11.511072309187258
T02448 116.47058823529412 -12.857142857142858 117.8402744009788 -11.511072309187258 117.8550043608229 -14.196033912171766 115.08617210976536 -14.196033912171764 115.10090206960949 -11.511072309187258
T02449 119.11764705882352 -12.857142857142858 120.48733322450818 -11.511072309187258 120.50206318435231 -14.196033912171762 117.73323093329476 -14.196033912171762 117.74796089313887 -11.511072309187258
T02450 121.76470588235296 -12.857142857142858 123.13439204803761 -11.511072309187258 123.14912200788173 -14.196033912171764 120.3802897568242 -14.196033912171764 120.39501971666832 -11.511072309187258
T02451 124.41176470588236 -12.857142857142858 125.78145087156702 -11.511072309187256 125.79618083141114 -14.196033912171762 123.0273485803536 -14.196033912171762 123.0420785401977 -11.511072309187256
T02452 127.05882352941177 -12.857142857142858 128.42850969509644 -11.511072309187258 128.44323965494056 -14.196033912171764 125.67440740388301 -14.196033912171764 125.68913736372713 -11.511072309187258
T02453 129.7058823529412 -12.857142857142858 131.0755685186259 -11.511072309187258 131.09029847846998 -14.196033912171764 128.32146622741243 -14.196033912171766 128.33619618725655 -11.511072309187258
T02454 132.3529411764706 -12.857142857142858 133.72262734215528 -11.511072309187256 133.7373573019994 -14.19603391217176 130.96852505094188 -14.196033912171762 130.983255010786 -11.511072309187258
T02455 135.0 -12.857142857142858 136.36968616568467 -11.511072309187258 136.3844161255288 -14.196033912171764 133.61558387447124 -14.196033912171762 133.63031383431536 -11.511072309187258
T02456 137.6470588235294 -12.857142857142858 139.01674498921406 -11.511072309187258 139.03147494905818 -14.196033912171762 136.26264269800066 -14.196033912171762 136.27737265784478 -11.511072309187258
T02457 140.29411764705884 -12.857142857142858 141.66380381274348 -11.511072309187258 141.67853377258763 -14.196033912171764 138.90970152153008 -14.196033912171764 138.92443148137417 -11.511072309187258
T02458 142.94117647058823 -12.857142857142858 144.3108626362729 -11.511072309187258 144.32559259611702 -14.196033912171764 141.55676034505947 -14.196033912171762 141.57149030490362 -11.511072309187256
T02459 145.58823529411765 -12.857142857142858 146.9579214598023 -11.511072309187258 146.9726514196464 -14.196033912171764 144.2038191685889 -14.196033912171764 144.218549128433 -11.511072309187258
T02460 148.23529411764707 -12.857142857142858 149.60498028333174 -11.511072309187258 149.61971024317586 -14.196033912171764 146.8508779921183 -14.196033912171764 146.86560795196243 -11.511072309187258
T02461 150.88235294117646 -12.857142857142858 152.25203910686116 -11.511072309187256 152.26676906670525 -14.19603391217176 149.49793681564773 -14.196033912171762 149.51266677549185 -11.511072309187258
T02462 153.52941176470588 -12.857142857142858 154.89909793039052 -11.511072309187258 154.91382789023467 -14.196033912171766 152.14499563917713 -14.196033912171766 152.15972559902124 -11.511072309187258
T02463 156.1764705882353 -12.857142857142858 157.54615675391997 -11.511072309187258 157.5608867137641 -14.196033912171764 154.79205446270655 -14.196033912171764 154.8067844225507 -11.511072309187258
T02464 158.82352941176472 -12.857142857142858 160.1932155774494 -11.511072309187258 160.2079455372935 -14.196033912171764 157.439113286236 -14.196033912171764 157.4538432460801 -11.511072309187258
T02465 161.47058823529412 -12.857142857142858 162.84027440097879 -11.511072309187256 162.8550043608229 -14.196033912171762 160.08617210976536 -14.196033912171762 160.10090206960948 -11.511072309187256
T02466 164.11764705882354 -12.857142857142858 165.48733322450823 -11.511072309187258 165.50206318435232 -14.196033912171762 162.7332309332948 -14.196033912171762 162.74796089313892 -11.511072309187258
T02467 166.76470588235296 -12.857142857142858 168.1343920480376 -11.511072309187258 168.14912200788174 -14.196033912171764 165.3802897568242 -14.196033912171764 165.39501971666832 -11.511072309187258
T02468 169.41176470588235 -12.857142857142858 170.78145087156702 -11.511072309187256 170.79618083141114 -14.19603391217176 168.0273485803536 -14.196033912171762 168.04207854019774 -11.511072309187258
T02469 172.05882352941177 -12.857142857142858 173.4285096950964 -11.511072309187258 173.44323965494056 -14.196033912171766 170.674407403883 -14.196033912171766 170.68913736372713 -11.511072309187258
T02470 174.7058823529412 -12.857142857142858 176.07556851862586 -11.511072309187258 176.09029847846998 -14.196033912171764 173.32146622741243 -14.196033912171762 173.33619618725655 -11.511072309187258
T02471 177.3529411764706 -12.857142857142858 178.72262734215528 -11.511072309187256 178.7373573019994 -14.196033912171764 175.96852505094188 -14.196033912171764 175.983255010786 -11.511072309187258
T02472 180.0 -12.857142857142858 181.36968616568467 -11.511072309187258 181.38441612552876 -14.196033912171764 178.61558387447124 -14.196033912171764 178.63031383431536 -11.511072309187258
T02473 182.6470588235294 -12.857142857142858 184.01674498921406 -11.511072309187256 184.03147494905815 -14.196033912171762 181.26264269800066 -14.196033912171762 181.27737265784475 -11.511072309187256
T02474 185.29411764705884 -12.857142857142858 186.66380381274348 -11.511072309187258 186.6785337725876 -14.196033912171762 183.90970152153008 -14.196033912171764 183.92443148137417 -11.51107230918726
T02475 187.94117647058823 -12.857142857142858 189.3108626362729 -11.511072309187258 189.325592596117 -14.196033912171764 186.55676034505947 -14.196033912171764 186.5714903049036 -11.511072309187258
T02476 190.58823529411765 -12.857142857142858 191.95792145980232 -11.511072309187258 191.9726514196464 -14.196033912171762 189.20381916858892 -14.19603391217176 189.218549128433 -11.511072309187256
T02477 193.23529411764707 -12.857142857142858 194.60498028333174 -11.511072309187258 194.61971024317583 -14.196033912171764 191.8508779921183 -14.196033912171766 191.8656079519624 -11.51107230918726
T02478 195.88235294117646 -12.857142857142858 197.25203910686113 -11.511072309187258 197.26676906670522 -14.196033912171762 194.49793681564773 -14.196033912171764 194.51266677549182 -11.511072309187258
T02479 198.52941176470588 -12.857142857142858 199.89909793039052 -11.511072309187258 199.91382789023464 -14.196033912171764 197.14499563917713 -14.196033912171764 197.15972559902121 -11.511072309187258
T02480 201.1764705882353 -12.857142857142858 202.54615675391997 -11.511072309187258 202.56088671376406 -14.196033912171764 199.79205446270655 -14.196033912171764 199.80678442255066 -11.511072309187258
T02481 203.82352941176472 -12.857142857142858 205.1932155774494 -11.511072309187258 205.20794553729348 -14.196033912171764 202.439113286236 -14.196033912171764 202.45384324608008 -11.511072309187258
T02482 206.47058823529412 -12.857142857142858 207.84027440097879 -11.511072309187258 207.8550043608229 -14.196033912171766 205.08617210976536 -14.196033912171764 205.10090206960948 -11.511072309187258
T02483 209.11764705882354 -12.857142857142858 210.4873332245082 -11.511072309187258 210.5020631843523 -14.196033912171762 207.73323093329478 -14.19603391217176 207.7479608931389 -11.511072309187256
T02484 211.76470588235296 -12.857142857142858 213.1343920480376 -11.511072309187258 213.14912200788174 -14.196033912171764 210.3802897568242 -14.196033912171764 210.3950197166683 -11.511072309187258
T02485 214.41176470588235 -12.857142857142858 215.78145087156702 -11.511072309187256 215.79618083141114 -14.196033912171762 213.0273485803536 -14.196033912171762 213.0420785401977 -11.511072309187256
T02486 217.05882352941177 -12.857142857142858 218.4285096950964 -11.511072309187258 218.44323965494053 -14.196033912171764 215.674407403883 -14.196033912171764 215.6891373637271 -11.511072309187258
T02487 219.7058823529412 -12.857142857142858 221.07556851862586 -11.511072309187258 221.09029847846995 -14.196033912171764 218.32146622741243 -14.196033912171766 218.33619618725655 -11.511072309187258
T02488 222.3529411764706 -12.857142857142858 223.72262734215528 -11.511072309187256 223.73735730199937 -14.19603391217176 220.96852505094188 -14.196033912171762 220.98325501078597 -11.511072309187258
T02489 225.0 -12.857142857142858 226.36968616568467 -11.511072309187258 226.38441612552876 -14.196033912171762 223.61558387447124 -14.196033912171762 223.63031383431533 -11.511072309187258
T02490 227.64705882352942 -12.857142857142858 229.01674498921406 -11.511072309187258 229.03147494905818 -14.196033912171762 226.26264269800066 -14.196033912171764 226.27737265784478 -11.511072309187258
T02491 230.2941176470588 -12.857142857142858 231.66380381274345 -11.511072309187258 231.6785337725876 -14.196033912171764 228.90970152153002 -14.196033912171764 228.92443148137414 -11.511072309187258
T02492 232.94117647058823 -12.857142857142858 234.3108626362729 -11.511072309187256 234.32559259611696 -14.196033912171764 231.55676034505944 -14.196033912171764 231.5714903049036 -11.511072309187258
T02493 235.58823529411768 -12.857142857142858 236.95792145980232 -11.511072309187258 236.97265141964644 -14.196033912171762 234.2038191685889 -14.196033912171764 234.218549128433 -11.511072309187258
T02494 238.23529411764704 -12.857142857142858 239.6049802833317 -11.511072309187256 239.61971024317583 -14.196033912171762 236.85087799211826 -14.196033912171762 236.8656079519624 -11.511072309187258
T02495 240.88235294117646 -12.857142857142858 242.25203910686113 -11.511072309187258 242.2667690667052 -14.19603391217176 239.49793681564773 -14.196033912171762 239.51266677549182 -11.511072309187258
T02496 243.5294117647059 -12.857142857142858 244.89909793039055 -11.511072309187258 244.91382789023467 -14.196033912171764 242.14499563917713 -14.196033912171764 242.15972559902124 -11.511072309187258
T02497 246.17647058823528 -12.857142857142858 247.54615675391995 -11.511072309187258 247.56088671376406 -14.196033912171766 244.79205446270652 -14.196033912171766 244.80678442255063 -11.511072309187258
T02498 248.82352941176472 -12.857142857142858 250.19321557744937 -11.511072309187256 250.20794553729348 -14.196033912171762 247.439113286236 -14.196033912171762 247.45384324608005 -11.511072309187256
T02499 251.47058823529414 -12.857142857142858 252.8402744009788 -11.511072309187256 252.85500436082293 -14.196033912171762 250.08617210976536 -14.196033912171762 250.10090206960948 -11.511072309187258
T02500 254.11764705882354 -12.857142857142858 255.48733322450818 -11.511072309187258 255.5020631843523 -14.196033912171762 252.73323093329475 -14.196033912171762 252.74796089313887 -11.511072309187258
T02501 256.7647058823529 -12.857142857142858 258.1343920480376 -11.511072309187258 258.1491220078817 -14.196033912171764 255.38028975682417 -14.196033912171764 255.3950197166683 -11.511072309187258
T02502 259.4117647058824 -12.857142857142858 260.781450871567 -11.511072309187256 260.79618083141116 -14.19603391217176 258.0273485803536 -14.196033912171762 258.04207854019774 -11.511072309187256
T02503 262.05882352941177 -12.857142857142858 263.4285096950964 -11.511072309187258 263.44323965494056 -14.196033912171766 260.674407403883 -14.196033912171766 260.6891373637271 -11.511072309187258
T02504 264.7058823529412 -12.857142857142858 266.0755685186259 -11.51107230918726 266.09029847847 -14.196033912171764 263.3214662274125 -14.196033912171764 263.3361961872566 -11.51107230918726
T02505 267.35294117647055 -12.857142857142858 268.72262734215525 -11.511072309187256 268.73735730199934 -14.196033912171762 265.96852505094176 -14.196033912171762 265.9832550107859 -11.511072309187256
T02506 270.0 -12.857142857142858 271.36968616568464 -11.511072309187258 271.3844161255288 -14.196033912171764 268.6155838744712 -14.196033912171764 268.63031383431536 -11.511072309187258
T02507 272.64705882352945 -12.857142857142858 274.0167449892141 -11.511072309187256 274.03147494905824 -14.196033912171762 271.26264269800066 -14.196033912171762 271.27737265784475 -11.511072309187256
T02508 275.2941176470588 -12.857142857142858 276.6638038127435 -11.511072309187258 276.67853377258757 -14.196033912171762 273.90970152153005 -14.196033912171764 273.92443148137414 -11.511072309187258
T02509 277.94117647058823 -12.857142857142858 279.3108626362729 -11.511072309187258 279.325592596117 -14.196033912171764 276.55676034505944 -14.196033912171764 276.5714903049036 -11.511072309187258
T02510 280.5882352941177 -12.857142857142858 281.9579214598023 -11.511072309187258 281.97265141964647 -14.196033912171762 279.2038191685889 -14.19603391217176 279.218549128433 -11.511072309187258
T02511 283.2352941176471 -12.857142857142858 284.60498028333177 -11.511072309187258 284.61971024317586 -14.196033912171764 281.85087799211834 -14.196033912171766 281.86560795196243 -11.511072309187258
T02512 285.88235294117646 -12.857142857142858 287.2520391068611 -11.511072309187258 287.26676906670525 -14.196033912171762 284.4979368156477 -14.196033912171764 284.5126667754918 -11.511072309187258
T02513 288.5294117647059 -12.857142857142858 289.89909793039055 -11.511072309187258 289.9138278902347 -14.196033912171764 287.1449956391771 -14.196033912171764 287.1597255990213 -11.511072309187258
T02514 291.1764705882353 -12.857142857142858 292.54615675391995 -11.511072309187256 292.5608867137641 -14.196033912171762 289.7920544627065 -14.196033912171762 289.8067844225506 -11.511072309187256
T02515 293.8235294117647 -12.857142857142858 295.1932155774494 -11.511072309187258 295.2079455372935 -14.196033912171764 292.4391132862359 -14.196033912171764 292.45384324608005 -11.511072309187258
T02516 296.47058823529414 -12.857142857142858 297.8402744009788 -11.511072309187258 297.85500436082293 -14.196033912171764 295.0861721097654 -14.196033912171764 295.1009020696095 -11.511072309187258
T02517 299.11764705882354 -12.857142857142858 300.4873332245082 -11.511072309187258 300.50206318435227 -14.196033912171762 297.73323093329475 -14.19603391217176 297.74796089313884 -11.511072309187258
T02518 301.7647058823529 -12.857142857142858 303.1343920480376 -11.511072309187258 303.1491220078817 -14.196033912171762 300.3802897568242 -14.196033912171764 300.3950197166683 -11.511072309187258
T02519 304.4117647058824 -12.857142857142858 305.781450871567 -11.511072309187258 305.79618083141116 -14.196033912171762 303.0273485803536 -14.196033912171762 303.04207854019774 -11.511072309187258
T02520 307.05882352941177 -12.857142857142858 308.4285096950964 -11.511072309187258 308.44323965494056 -14.196033912171764 305.674407403883 -14.196033912171764 305.6891373637271 -11.511072309187256
T02521 309.7058823529412 -12.857142857142858 311.0755685186259 -11.511072309187258 311.09029847847 -14.196033912171762 308.3214662274125 -14.196033912171766 308.3361961872566 -11.511072309187258
T02522 312.3529411764706 -12.857142857142858 313.72262734215525 -11.511072309187258 313.7373573019994 -14.196033912171762 310.9685250509418 -14.196033912171762 310.98325501078597 -11.511072309187258
T02523 315.0 -12.857142857142858 316.36968616568464 -11.511072309187258 316.3844161255288 -14.196033912171762 313.6155838744712 -14.196033912171762 313.63031383431536 -11.511072309187258
T02524 317.64705882352945 -12.857142857142858 319.01674498921415 -11.511072309187258 319.03147494905824 -14.196033912171762 316.2626426980007 -14.196033912171762 316.2773726578448 -11.511072309187258
T02525 320.2941176470588 -12.857142857142858 321.6638038127435 -11.511072309187258 321.67853377258757 -14.196033912171764 318.90970152153005 -14.196033912171764 318.92443148137414 -11.511072309187258
T02526 322.94117647058823 -12.857142857142858 324.3108626362729 -11.511072309187256 324.325592596117 -14.196033912171764 321.55676034505944 -14.196033912171764 321.5714903049036 -11.511072309187258
T02527 325.5882352941177 -12.857142857142858 326.9579214598023 -11.511072309187258 326.97265141964647 -14.196033912171762 324.2038191685889 -14.196033912171764 324.218549128433 -11.511072309187258
T02528 328.2352941176471 -12.857142857142858 329.60498028333177 -11.511072309187258 329.61971024317586 -14.196033912171764 326.85087799211834 -14.196033912171764 326.86560795196243 -11.511072309187258
T02529 330.88235294117646 -12.857142857142858 332.2520391068611 -11.511072309187258 332.26676906670525 -14.19603391217176 329.4979368156477 -14.196033912171762 329.5126667754918 -11.511072309187258
T02530 333.5294117647059 -12.857142857142858 334.89909793039055 -11.511072309187258 334.9138278902347 -14.196033912171764 332.1449956391771 -14.196033912171764 332.1597255990213 -11.511072309187258
T02531 336.1764705882353 -12.857142857142858 337.54615675392 -11.511072309187256 337.5608867137641 -14.196033912171764 334.7920544627066 -14.196033912171764 334.80678442255066 -11.511072309187258
T02532 338.8235294117647 -12.857142857142858 340.1932155774494 -11.511072309187256 340.2079455372935 -14.19603391217176 337.4391132862359 -14.196033912171762 337.45384324608005 -11.511072309187256
T02533 341.47058823529414 -12.857142857142858 342.8402744009788 -11.511072309187256 342.85500436082293 -14.196033912171762 340.08617210976536 -14.196033912171762 340.1009020696095 -11.511072309187256
T02534 344.11764705882354 -12.857142857142858 345.4873332245082 -11.511072309187258 345.5020631843523 -14.196033912171764 342.73323093329475 -14.196033912171764 342.74796089313884 -11.511072309187258
T02535 346.7647058823529 -12.857142857142858 348.1343920480376 -11.511072309187258 348.1491220078817 -14.196033912171764 345.3802897568242 -14.196033912171762 345.3950197166683 -11.511072309187258
T02536 349.4117647058824 -12.857142857142858 350.781450871567 -11.511072309187258 350.79618083141116 -14.196033912171762 348.0273485803536 -14.196033912171762 348.04207854019774 -11.511072309187258
T02537 352.05882352941177 -12.857142857142858 353.4285096950964 -11.511072309187258 353.44323965494056 -14.196033912171766 350.674407403883 -14.196033912171766 350.6891373637271 -11.511072309187258
T02538 354.7058823529412 -12.857142857142858 356.0755685186259 -11.51107230918726 356.09029847847 -14.196033912171764 353.3214662274125 -14.196033912171764 353.3361961872566 -11.51107230918726
T02539 357.3529411764706 -12.857142857142858 358.72262734215525 -11.511072309187256 358.7373573019994 -14.196033912171762 355.9685250509418 -14.196033912171764 355.98325501078597 -11.511072309187258
T02540 0.0 -10.285714285714286 1.3586411271954217 -8.94037228677409 1.3702455697199394 -11.625348013699176 358.62975443028006 -11.625348013699176 358.64135887280463 -8.94037228677409
T02541 2.627737226277372 -10.285714285714286 3.9863783534727943 -8.94037228677409 3.997982795997311 -11.625348013699174 1.257491656557461 -11.625348013699176 1.2690960990819784 -8.94037228677409
T02542 5.255474452554744 -10.285714285714286 6.614115579750166 -8.94037228677409 6.625720022274684 -11.625348013699176 3.885228882834834 -11.625348013699176 3.8968333253593515 -8.940372286774092
T02543 7.883211678832117 -10.285714285714286 9.24185280602754 -8.940372286774092 9.253457248552056 -11.625348013699178 6.512966109112206 -11.625348013699178 6.5245705516367245 -8.940372286774092
T02544 10.510948905109489 -10.285714285714286 11.86959003230491 -8.940372286774092 11.88119447482943 -11.625348013699178 9.140703335389576 -11.625348013699178 9.152307777914094 -8.940372286774092
T02545 13.13868613138686 -10.285714285714286 14.497327258582283 -8.940372286774092 14.5089317011068 -11.625348013699176 11.768440561666948 -11.625348013699176 11.780045004191466 -8.940372286774092
T02546 15.766423357664234 -10.285714285714286 17.125064484859656 -8.94037228677409 17.136668927384175 -11.625348013699176 14.396177787944325 -11.625348013699178 14.407782230468841 -8.94037228677409
T02547 18.394160583941606 -10.285714285714286 19.752801711137025 -8.94037228677409 19.764406153661543 -11.625348013699176 17.023915014221693 -11.625348013699178 17.035519456746208 -8.94037228677409
T02548 21.021897810218977 -10.285714285714286 22.3805389374144 -8.94037228677409 22.39214337993892 -11.625348013699176 19.651652240499068 -11.625348013699176 19.663256683023587 -8.94037228677409
T02549 23.649635036496353 -10.285714285714286 25.00827616369177 -8.94037228677409 25.019880606216287 -11.625348013699174 22.27938946677644 -11.625348013699174 22.290993909300955 -8.94037228677409
T02550 26.27737226277372 -10.285714285714286 27.636013389969143 -8.94037228677409 27.647617832493665 -11.625348013699176 24.907126693053815 -11.625348013699178 24.918731135578334 -8.940372286774092
T02551 28.905109489051096 -10.285714285714286 30.263750616246522 -8.940372286774092 30.275355058771037 -11.625348013699176 27.534863919331183 -11.625348013699176 27.546468361855705 -8.940372286774092
T02552 31.532846715328468 -10.285714285714286 32.89148784252389 -8.940372286774092 32.9030922850484 -11.625348013699174 30.16260114560855 -11.625348013699174 30.174205588133077 -8.94037228677409
T02553 34.16058394160584 -10.285714285714286 35.51922506880126 -8.94037228677409 35.53082951132578 -11.625348013699176 32.79033837188593 -11.625348013699178 32.80194281441045 -8.940372286774092
T02554 36.78832116788321 -10.285714285714286 38.14696229507864 -8.94037228677409 38.15856673760315 -11.625348013699176 35.41807559816329 -11.625348013699178 35.42968004068781 -8.94037228677409
T02555 39.416058394160586 -10.285714285714286 40.77469952135601 -8.940372286774092 40.786303963880535 -11.625348013699178 38.04581282444068 -11.625348013699178 38.0574172669652 -8.94037228677409
T02556 42.043795620437955 -10.285714285714286 43.40243674763338 -8.940372286774092 43.4140411901579 -11.625348013699178 40.67355005071805 -11.625348013699178 40.685154493242564 -8.940372286774092
T02557 44.67153284671533 -10.285714285714286 46.030173973910756 -8.94037228677409 46.04177841643527 -11.625348013699176 43.301287276995424 -11.625348013699178 43.312891719519946 -8.94037228677409
T02558 47.299270072992705 -10.285714285714286 48.65791120018812 -8.94037228677409 48.66951564271264 -11.625348013699178 45.929024503272785 -11.625348013699176 45.9406289457973 -8.94037228677409
T02559 49.92700729927007 -10.285714285714286 51.28564842646549 -8.940372286774092 51.29725286899 -11.625348013699174 48.55676172955015 -11.625348013699176 48.56836617207467 -8.940372286774092
T02560 52.55474452554744 -10.285714285714286 53.91338565274286 -8.94037228677409 53.924990095267376 -11.625348013699176 51.18449895582752 -11.625348013699176 51.19610339835204 -8.94037228677409
T02561 55.18248175182482 -10.285714285714286 56.541122879020236 -8.94037228677409 56.55272732154476 -11.625348013699174 53.81223618210491 -11.625348013699176 53.823840624629426 -8.94037228677409
T02562 57.81021897810219 -10.285714285714286 59.168860105297625 -8.94037228677409 59.18046454782213 -11.625348013699176 56.43997340838228 -11.625348013699176 56.4515778509068 -8.940372286774092
T02563 60.43795620437956 -10.285714285714286 61.79659733157498 -8.940372286774092 61.80820177409949 -11.625348013699178 59.06771063465964 -11.625348013699178 59.079315077184155 -8.94037228677409
T02564 63.065693430656935 -10.285714285714286 64.42433455785236 -8.94037228677409 64.43593900037688 -11.625348013699176 61.69544786093702 -11.625348013699178 61.707052303461545 -8.94037228677409
T02565 65.69343065693431 -10.285714285714286 67.05207178412972 -8.940372286774092 67.06367622665425 -11.625348013699178 64.32318508721438 -11.625348013699176 64.33478952973891 -8.940372286774092
T02566 68.32116788321169 -10.285714285714286 69.67980901040711 -8.94037228677409 69.69141345293163 -11.625348013699176 66.95092231349177 -11.625348013699178 66.96252675601629 -8.94037228677409
T02567 70.94890510948905 -10.285714285714286 72.30754623668449 -8.94037228677409 72.31915067920899 -11.625348013699174 69.57865953976915 -11.625348013699174 69.59026398229366 -8.94037228677409
T02568 73.57664233576642 -10.285714285714286 74.93528346296185 -8.94037228677409 74.94688790548636 -11.625348013699176 72.20639676604651 -11.625348013699176 72.21800120857102 -8.94037228677409
T02569 76.2043795620438 -10.285714285714286 77.56302068923922 -8.94037228677409 77.57462513176374 -11.625348013699178 74.8341339923239 -11.625348013699176 74.8457384348484 -8.94037228677409
T02570 78.83211678832117 -10.285714285714286 80.1907579155166 -8.940372286774092 80.20236235804113 -11.625348013699176 77.46187121860126 -11.625348013699176 77.47347566112579 -8.940372286774092
T02571 81.45985401459855 -10.285714285714286 82.81849514179396 -8.940372286774092 82.83009958431849 -11.625348013699176 80.08960844487864 -11.625348013699176 80.10121288740315 -8.940372286774092
T02572 84.08759124087591 -10.285714285714286 85.44623236807134 -8.94037228677409 85.45783681059585 -11.625348013699176 82.717345671156 -11.625348013699178 82.72895011368053 -8.94037228677409
T02573 86.71532846715328 -10.285714285714286 88.0739695943487 -8.94037228677409 88.08557403687323 -11.625348013699174 85.34508289743337 -11.625348013699174 85.35668733995789 -8.94037228677409
T02574 89.34306569343066 -10.285714285714286 90.70170682062609 -8.94037228677409 90.7133112631506 -11.625348013699176 87.97282012371075 -11.625348013699174 87.98442456623526 -8.94037228677409
T02575 91.97080291970804 -10.285714285714286 93.32944404690346 -8.940372286774092 93.34104848942798 -11.625348013699176 90.60055734998812 -11.625348013699174 90.61216179251265 -8.94037228677409
T02576 94.59854014598541 -10.285714285714286 95.95718127318082 -8.94037228677409 95.96878571570535 -11.625348013699178 93.2282945762655 -11.625348013699178 93.23989901879001 -8.940372286774092
T02577 97.22627737226277 -10.285714285714286 98.5849184994582 -8.94037228677409 98.59652294198271 -11.625348013699176 95.85603180254286 -11.625348013699176 95.86763624506739 -8.94037228677409
T02578 99.85401459854015 -10.285714285714286 101.21265572573556 -8.94037228677409 101.22426016826009 -11.625348013699178 98.48376902882023 -11.625348013699178 98.49537347134475 -8.94037228677409
T02579 102.48175182481752 -10.285714285714286 103.84039295201295 -8.940372286774092 103.85199739453746 -11.625348013699178 101.11150625509761 -11.625348013699178 101.12311069762212 -8.940372286774092
T02580 105.10948905109488 -10.285714285714286 106.46813017829031 -8.94037228677409 106.47973462081482 -11.625348013699176 103.73924348137497 -11.625348013699176 103.7508479238995 -8.94037228677409
T02581 107.73722627737227 -10.285714285714286 109.09586740456768 -8.94037228677409 109.10747184709221 -11.625348013699176 106.36698070765236 -11.625348013699178 106.37858515017687 -8.94037228677409
T02582 110.36496350364963 -10.285714285714286 111.72360463084506 -8.94037228677409 111.73520907336957 -11.625348013699178 108.99471793392972 -11.625348013699176 109.00632237645424 -8.940372286774092
T02583 112.99270072992701 -10.285714285714286 114.35134185712245 -8.94037228677409 114.36294629964696 -11.625348013699176 111.6224551602071 -11.625348013699176 111.63405960273163 -8.940372286774092
T02584 115.62043795620438 -10.285714285714286 116.97907908339981 -8.940372286774092 116.99068352592431 -11.625348013699178 114.25019238648447 -11.625348013699178 114.26179682900899 -8.940372286774092
T02585 118.24817518248176 -10.285714285714286 119.6068163096772 -8.94037228677409 119.61842075220171 -11.625348013699178 116.87792961276186 -11.625348013699176 116.88953405528638 -8.94037228677409
T02586 120.87591240875912 -10.285714285714286 122.23455353595452 -8.940372286774092 122.24615797847905 -11.625348013699178 119.5056668390392 -11.625348013699178 119.51727128156371 -8.940372286774092
T02587 123.5036496350365 -10.285714285714286 124.86229076223194 -8.94037228677409 124.87389520475642 -11.625348013699174 122.1334040653166 -11.625348013699176 122.14500850784111 -8.940372286774092
T02588 126.13138686131387 -10.285714285714286 127.49002798850928 -8.940372286774092 127.50163243103381 -11.625348013699176 124.76114129159394 -11.625348013699176 124.77274573411847 -8.94037228677409
T02589 128.75912408759123 -10.285714285714286 130.11776521478666 -8.940372286774092 130.12936965731117 -11.625348013699172 127.38887851787133 -11.625348013699174 127.40048296039582 -8.940372286774092
T02590 131.38686131386862 -10.285714285714286 132.74550244106402 -8.940372286774092 132.75710688358853 -11.625348013699176 130.01661574414868 -11.625348013699174 130.0282201866732 -8.94037228677409
T02591 134.01459854014598 -10.285714285714286 135.37323966734144 -8.940372286774092 135.38484410986592 -11.625348013699178 132.64435297042607 -11.625348013699178 132.65595741295058 -8.940372286774092
T02592 136.64233576642337 -10.285714285714286 138.00097689361877 -8.94037228677409 138.0125813361433 -11.625348013699176 135.27209019670346 -11.625348013699176 135.28369463922797 -8.94037228677409
T02593 139.27007299270073 -10.285714285714286 140.62871411989613 -8.940372286774092 140.64031856242065 -11.625348013699176 137.89982742298082 -11.625348013699178 137.9114318655053 -8.940372286774092
T02594 141.8978102189781 -10.285714285714286 143.25645134617355 -8.940372286774092 143.26805578869804 -11.625348013699178 140.5275646492582 -11.625348013699176 140.53916909178272 -8.940372286774092
T02595 144.52554744525548 -10.285714285714286 145.8841885724509 -8.94037228677409 145.89579301497542 -11.625348013699176 143.15530187553557 -11.625348013699176 143.16690631806011 -8.94037228677409
T02596 147.15328467153284 -10.285714285714286 148.51192579872824 -8.94037228677409 148.52353024125276 -11.625348013699176 145.78303910181293 -11.625348013699176 145.79464354433745 -8.94037228677409
T02597 149.7810218978102 -10.285714285714286 151.13966302500563 -8.94037228677409 151.15126746753015 -11.625348013699176 148.41077632809032 -11.625348013699176 148.42238077061484 -8.94037228677409
T02598 152.4087591240876 -10.285714285714286 153.76740025128302 -8.94037228677409 153.77900469380754 -11.625348013699176 151.03851355436768 -11.625348013699174 151.05011799689223 -8.94037228677409
T02599 155.03649635036496 -10.285714285714286 156.39513747756035 -8.940372286774092 156.40674192008487 -11.625348013699176 153.66625078064504 -11.625348013699176 153.67785522316956 -8.940372286774092
T02600 157.66423357664235 -10.285714285714286 159.0228747038378 -8.94037228677409 159.03447914636232 -11.625348013699176 156.29398800692246 -11.625348013699176 156.30559244944698 -8.940372286774092
T02601 160.2919708029197 -10.285714285714286 161.65061193011513 -8.94037228677409 161.66221637263968 -11.625348013699174 158.92172523319982 -11.625348013699174 158.93332967572434 -8.94037228677409
T02602 162.9197080291971 -10.285714285714286 164.27834915639252 -8.94037228677409 164.289953598917 -11.625348013699176 161.54946245947718 -11.625348013699176 161.5610669020017 -8.94037228677409
T02603 165.54744525547446 -10.285714285714286 166.90608638266988 -8.940372286774092 166.91769082519437 -11.625348013699178 164.17719968575454 -11.62534801369918 164.18880412827903 -8.940372286774092
T02604 168.17518248175182 -10.285714285714286 169.53382360894727 -8.940372286774092 169.54542805147176 -11.625348013699178 166.80493691203193 -11.625348013699178 166.81654135455645 -8.940372286774092
T02605 170.8029197080292 -10.285714285714286 172.16156083522463 -8.940372286774092 172.17316527774915 -11.625348013699176 169.4326741383093 -11.625348013699176 169.4442785808338 -8.94037228677409
T02606 173.43065693430657 -10.285714285714286 174.789298061502 -8.94037228677409 174.80090250402648 -11.625348013699178 172.06041136458666 -11.625348013699178 172.07201580711117 -8.94037228677409
T02607 176.05839416058393 -10.285714285714286 177.41703528777938 -8.94037228677409 177.42863973030387 -11.625348013699174 174.68814859086405 -11.625348013699176 174.69975303338856 -8.94037228677409
T02608 178.68613138686132 -10.285714285714286 180.04477251405672 -8.94037228677409 180.05637695658126 -11.625348013699174 177.3158858171414 -11.625348013699174 177.32749025966595 -8.94037228677409
T02609 181.3138686131387 -10.285714285714286 182.6725097403341 -8.94037228677409 182.68411418285862 -11.625348013699176 179.9436230434188 -11.625348013699176 179.9552274859433 -8.940372286774092
T02610 183.94160583941607 -10.285714285714286 185.3002469666115 -8.94037228677409 185.311851409136 -11.625348013699176 182.57136026969616 -11.625348013699174 182.58296471222067 -8.94037228677409
T02611 186.56934306569343 -10.285714285714286 187.92798419288883 -8.94037228677409 187.93958863541337 -11.625348013699176 185.19909749597352 -11.625348013699178 185.21070193849803 -8.94037228677409
T02612 189.19708029197082 -10.285714285714286 190.55572141916622 -8.94037228677409 190.56732586169073 -11.625348013699176 187.82683472225088 -11.625348013699178 187.83843916477542 -8.940372286774092
T02613 191.82481751824818 -10.285714285714286 193.1834586454436 -8.94037228677409 193.19506308796812 -11.625348013699176 190.45457194852827 -11.625348013699178 190.46617639105278 -8.940372286774092
T02614 194.45255474452554 -10.285714285714286 195.81119587172097 -8.940372286774092 195.82280031424548 -11.625348013699178 193.08230917480563 -11.625348013699178 193.09391361733014 -8.940372286774092
T02615 197.08029197080293 -10.285714285714286 198.43893309799833 -8.94037228677409 198.45053754052287 -11.625348013699176 195.710046401083 -11.625348013699178 195.72165084360753 -8.94037228677409
T02616 199.7080291970803 -10.285714285714286 201.0666703242757 -8.94037228677409 201.0782747668002 -11.625348013699176 198.33778362736035 -11.625348013699176 198.34938806988487 -8.940372286774092
T02617 202.33576642335765 -10.285714285714286 203.69440755055308 -8.94037228677409 203.7060119930776 -11.625348013699176 200.96552085363774 -11.625348013699174 200.97712529616226 -8.94037228677409
T02618 204.96350364963504 -10.285714285714286 206.32214477683044 -8.940372286774092 206.33374921935498 -11.625348013699176 203.5932580799151 -11.625348013699176 203.60486252243965 -8.940372286774092
T02619 207.59124087591243 -10.285714285714286 208.94988200310783 -8.94037228677409 208.96148644563235 -11.625348013699174 206.2209953061925 -11.625348013699176 206.232599748717 -8.94037228677409
T02620 210.21897810218977 -10.285714285714286 211.5776192293852 -8.94037228677409 211.5892236719097 -11.625348013699176 208.84873253246985 -11.625348013699178 208.86033697499437 -8.94037228677409
T02621 212.84671532846716 -10.285714285714286 214.20535645566255 -8.94037228677409 214.2169608981871 -11.625348013699176 211.47646975874724 -11.625348013699176 211.48807420127176 -8.94037228677409
T02622 215.47445255474454 -10.285714285714286 216.83309368193994 -8.940372286774092 216.84469812446446 -11.625348013699178 214.1042069850246 -11.62534801369918 214.11581142754912 -8.940372286774092
T02623 218.1021897810219 -10.285714285714286 219.46083090821733 -8.94037228677409 219.47243535074185 -11.625348013699176 216.731944211302 -11.625348013699178 216.7435486538265 -8.940372286774092
T02624 220.72992700729927 -10.285714285714286 222.0885681344947 -8.94037228677409 222.1001725770192 -11.625348013699176 219.35968143757935 -11.625348013699176 219.37128588010387 -8.94037228677409
T02625 223.35766423357666 -10.285714285714286 224.71630536077205 -8.94037228677409 224.72790980329657 -11.625348013699176 221.98741866385672 -11.625348013699176 221.99902310638126 -8.94037228677409
T02626 225.98540145985402 -10.285714285714286 227.34404258704944 -8.94037228677409 227.35564702957396 -11.625348013699174 224.6151558901341 -11.625348013699174 224.62676033265862 -8.94037228677409
T02627 228.61313868613138 -10.285714285714286 229.9717798133268 -8.94037228677409 229.98338425585135 -11.625348013699174 227.24289311641147 -11.625348013699176 227.25449755893598 -8.940372286774092
T02628 231.24087591240877 -10.285714285714286 232.59951703960414 -8.94037228677409 232.6111214821287 -11.625348013699176 229.87063034268883 -11.625348013699174 229.8822347852134 -8.94037228677409
T02629 233.86861313868613 -10.285714285714286 235.2272542658815 -8.94037228677409 235.23885870840604 -11.625348013699176 232.4983675689662 -11.625348013699176 232.50997201149073 -8.940372286774092
T02630 236.49635036496352 -10.285714285714286 237.85499149215894 -8.940372286774092 237.86659593468346 -11.625348013699178 235.1261047952436 -11.625348013699176 235.1377092377681 -8.940372286774092
T02631 239.12408759124088 -10.285714285714286 240.4827287184363 -8.94037228677409 240.49433316096082 -11.625348013699176 237.75384202152094 -11.625348013699176 237.76544646404545 -8.940372286774092
T02632 241.75182481751824 -10.285714285714286 243.11046594471367 -8.94037228677409 243.12207038723815 -11.625348013699178 240.3815792477983 -11.625348013699178 240.39318369032281 -8.94037228677409
T02633 244.37956204379563 -10.285714285714286 245.73820317099103 -8.94037228677409 245.74980761351557 -11.625348013699174 243.00931647407572 -11.625348013699176 243.02092091660026 -8.94037228677409
T02634 247.007299270073 -10.285714285714286 248.3659403972684 -8.940372286774092 248.37754483979293 -11.625348013699176 245.63705370035308 -11.625348013699174 245.64865814287762 -8.94037228677409
T02635 249.63503649635035 -10.285714285714286 250.99367762354572 -8.940372286774092 251.00528206607027 -11.625348013699178 248.2647909266304 -11.625348013699178 248.27639536915495 -8.940372286774092
T02636 252.26277372262774 -10.285714285714286 253.6214148498232 -8.94037228677409 253.63301929234768 -11.625348013699178 250.89252815290783 -11.625348013699178 250.90413259543232 -8.94037228677409
T02637 254.8905109489051 -10.285714285714286 256.24915207610053 -8.94037228677409 256.26075651862504 -11.625348013699176 253.5202653791852 -11.625348013699176 253.53186982170968 -8.94037228677409
T02638 257.51824817518246 -10.285714285714286 258.8768893023779 -8.940372286774092 258.8884937449024 -11.625348013699178 256.1480026054625 -11.62534801369918 256.15960704798704 -8.940372286774092
T02639 260.1459854014599 -10.285714285714286 261.50462652865525 -8.940372286774092 261.5162309711798 -11.625348013699178 258.77573983173994 -11.62534801369918 258.7873442742645 -8.940372286774092
T02640 262.77372262773724 -10.285714285714286 264.1323637549326 -8.940372286774092 264.1439681974571 -11.625348013699176 261.4034770580173 -11.625348013699176 261.4150815005418 -8.94037228677409
T02641 265.4014598540146 -10.285714285714286 266.7601009812101 -8.94037228677409 266.77170542373455 -11.625348013699176 264.0312142842947 -11.625348013699176 264.0428187268192 -8.94037228677409
T02642 268.02919708029196 -10.285714285714286 269.3878382074874 -8.94037228677409 269.3994426500119 -11.625348013699174 266.6589515105721 -11.625348013699178 266.67055595309654 -8.940372286774092
T02643 270.6569343065693 -10.285714285714286 272.01557543376475 -8.94037228677409 272.02717987628927 -11.625348013699174 269.2866887368494 -11.625348013699176 269.2982931793739 -8.94037228677409
T02644 273.28467153284674 -10.285714285714286 274.6433126600421 -8.94037228677409 274.6549171025667 -11.625348013699176 271.9144259631268 -11.625348013699176 271.9260304056514 -8.94037228677409
T02645 275.9124087591241 -10.285714285714286 277.2710498863195 -8.940372286774092 277.28265432884405 -11.625348013699178 274.54216318940416 -11.625348013699176 274.55376763192874 -8.94037228677409
T02646 278.54014598540147 -10.285714285714286 279.89878711259684 -8.94037228677409 279.9103915551214 -11.625348013699172 277.1699004156815 -11.625348013699174 277.1815048582061 -8.94037228677409
T02647 281.1678832116789 -10.285714285714286 282.5265243388743 -8.94037228677409 282.5381287813988 -11.625348013699176 279.797637641959 -11.625348013699176 279.8092420844835 -8.94037228677409
T02648 283.7956204379562 -10.285714285714286 285.15426156515167 -8.94037228677409 285.16586600767613 -11.625348013699176 282.4253748682363 -11.625348013699178 282.43697931076076 -8.940372286774092
T02649 286.42335766423355 -10.285714285714286 287.781998791429 -8.94037228677409 287.7936032339535 -11.625348013699176 285.05311209451366 -11.625348013699176 285.0647165370381 -8.94037228677409
T02650 289.05109489051097 -10.285714285714286 290.40973601770634 -8.94037228677409 290.4213404602309 -11.625348013699176 287.680849320791 -11.625348013699176 287.6924537633156 -8.940372286774092
T02651 291.6788321167883 -10.285714285714286 293.0374732439837 -8.94037228677409 293.04907768650827 -11.625348013699174 290.3085865470684 -11.625348013699176 290.32019098959296 -8.94037228677409
T02652 294.3065693430657 -10.285714285714286 295.66521047026106 -8.940372286774092 295.67681491278563 -11.625348013699176 292.93632377334575 -11.625348013699178 292.9479282158703 -8.940372286774092
T02653 296.9343065693431 -10.285714285714286 298.2929476965386 -8.940372286774092 298.30455213906305 -11.625348013699176 295.5640609996232 -11.625348013699176 295.57566544214774 -8.940372286774092
T02654 299.5620437956204 -10.285714285714286 300.9206849228159 -8.94037228677409 300.93228936534035 -11.625348013699176 298.1917982259005 -11.625348013699176 298.203402668425 -8.94037228677409
T02655 302.1897810218978 -10.285714285714286 303.5484221490932 -8.94037228677409 303.5600265916177 -11.625348013699174 300.8195354521779 -11.625348013699176 300.83113989470235 -8.94037228677409
T02656 304.8175182481752 -10.285714285714286 306.17615937537056 -8.940372286774092 306.18776381789513 -11.625348013699176 303.44727267845525 -11.625348013699176 303.45887712097976 -8.940372286774092
T02657 307.44525547445255 -10.285714285714286 308.8038966016479 -8.940372286774092 308.8155010441725 -11.625348013699178 306.0750099047326 -11.625348013699176 306.0866143472571 -8.940372286774092
T02658 310.0729927007299 -10.285714285714286 311.4316338279253 -8.940372286774092 311.44323827044985 -11.625348013699176 308.70274713100997 -11.625348013699176 308.7143515735345 -8.940372286774092
T02659 312.70072992700733 -10.285714285714286 314.05937105420276 -8.94037228677409 314.0709754967272 -11.625348013699176 311.3304843572874 -11.625348013699178 311.3420887998119 -8.94037228677409
T02660 315.3284671532847 -10.285714285714286 316.6871082804801 -8.94037228677409 316.69871272300463 -11.625348013699176 313.9582215835648 -11.625348013699176 313.96982602608927 -8.94037228677409
T02661 317.95620437956205 -10.285714285714286 319.3148455067575 -8.940372286774092 319.326449949282 -11.625348013699176 316.58595880984217 -11.625348013699178 316.5975632523666 -8.940372286774092
T02662 320.5839416058394 -10.285714285714286 321.9425827330348 -8.94037228677409 321.95418717555935 -11.625348013699176 319.2136960361195 -11.625348013699176 319.22530047864404 -8.94037228677409
T02663 323.2116788321168 -10.285714285714286 324.57031995931214 -8.94037228677409 324.5819244018367 -11.625348013699176 321.84143326239683 -11.625348013699176 321.85303770492135 -8.94037228677409
T02664 325.8394160583942 -10.285714285714286 327.1980571855896 -8.940372286774092 327.20966162811413 -11.625348013699178 324.46917048867425 -11.625348013699178 324.4807749311988 -8.940372286774092
T02665 328.46715328467155 -10.285714285714286 329.825794411867 -8.94037228677409 329.8373988543915 -11.625348013699174 327.0969077149516 -11.625348013699172 327.1085121574762 -8.94037228677409
T02666 331.0948905109489 -10.285714285714286 332.45353163814434 -8.940372286774092 332.4651360806688 -11.625348013699174 329.724644941229 -11.625348013699174 329.7362493837535 -8.94037228677409
T02667 333.7226277372263 -10.285714285714286 335.0812688644217 -8.940372286774092 335.0928733069462 -11.625348013699176 332.3523821675064 -11.625348013699176 332.3639866100309 -8.94037228677409
T02668 336.35036496350364 -10.285714285714286 337.70900609069906 -8.94037228677409 337.7206105332236 -11.625348013699178 334.98011939378375 -11.625348013699176 334.99172383630827 -8.940372286774092
T02669 338.978102189781 -10.285714285714286 340.33674331697637 -8.94037228677409 340.34834775950094 -11.625348013699176 337.60785662006106 -11.625348013699176 337.6194610625856 -8.940372286774092
T02670 341.6058394160584 -10.285714285714286 342.96448054325384 -8.940372286774092 342.97608498577836 -11.625348013699178 340.2355938463385 -11.625348013699178 340.247198288863 -8.94037228677409
T02671 344.2335766423358 -10.285714285714286 345.5922177695312 -8.94037228677409 345.6038222120557 -11.625348013699176 342.86333107261584 -11.625348013699176 342.87493551514035 -8.94037228677409
T02672 346.86131386861314 -10.285714285714286 348.21995499580856 -8.940372286774092 348.2315594383331 -11.625348013699176 345.4910682988932 -11.625348013699176 345.5026727414177 -8.940372286774092
T02673 349.48905109489056 -10.285714285714286 350.84769222208604 -8.940372286774092 350.8592966646105 -11.625348013699178 348.11880552517067 -11.625348013699178 348.13040996769513 -8.940372286774092
T02674 352.11678832116786 -10.285714285714286 353.4754294483633 -8.940372286774092 353.4870338908878 -11.625348013699176 350.746542751448 -11.625348013699176 350.75814719397243 -8.94037228677409
T02675 354.7445255474452 -10.285714285714286 356.10316667464065 -8.940372286774092 356.11477111716516 -11.625348013699176 353.37427997772534 -11.625348013699178 353.3858844202498 -8.940372286774092
T02676 357.37226277372264 -10.285714285714286 358.73090390091807 -8.940372286774092 358.7425083434426 -11.625348013699176 356.0020172040027 -11.625348013699176 356.0136216465272 -8.94037228677409
T02677 0.0 -7.714285714285714 1.3504696699704433 -6.369662043398886 1.359070345838524 -9.054648519068934 358.6409296541615 -9.054648519068936 358.64953033002956 -6.369662043398887
T02678 2.608695652173913 -7.714285714285714 3.9591653221443575 -6.369662043398886 3.9677659980124376 -9.054648519068932 1.2496253063354168 -9.054648519068932 1.2582259822034971 -6.369662043398886
T02679 5.217391304347826 -7.714285714285714 6.567860974318269 -6.369662043398887 6.576461650186351 -9.054648519068934 3.858320958509331 -9.054648519068934 3.86692163437741 -6.369662043398886
T02680 7.826086956521739 -7.714285714285714 9.176556626492184 -6.369662043398886 9.185157302360265 -9.054648519068934 6.4670166106832445 -9.054648519068936 6.475617286551325 -6.369662043398886
T02681 10.434782608695652 -7.714285714285714 11.785252278666094 -6.369662043398887 11.793852954534174 -9.054648519068934 9.075712262857152 -9.054648519068934 9.084312938725235 -6.369662043398887
T02682 13.043478260869565 -7.714285714285714 14.393947930840005 -6.369662043398886 14.402548606708086 -9.054648519068932 11.684407915031064 -9.054648519068932 11.693008590899145 -6.369662043398886
T02683 15.652173913043478 -7.714285714285714 17.002643583013924 -6.369662043398886 17.011244258882005 -9.054648519068934 14.293103567204982 -9.054648519068934 14.301704243073063 -6.369662043398886
T02684 18.26086956521739 -7.714285714285714 19.611339235187838 -6.369662043398888 19.619939911055916 -9.054648519068936 16.901799219378894 -9.054648519068936 16.91039989524698 -6.369662043398887
T02685 20.869565217391305 -7.714285714285714 22.220034887361745 -6.369662043398886 22.228635563229826 -9.054648519068932 19.510494871552805 -9.054648519068934 19.519095547420886 -6.369662043398887
T02686 23.47826086956522 -7.714285714285714 24.828730539535666 -6.369662043398887 24.837331215403747 -9.054648519068932 22.119190523726726 -9.054648519068934 22.127791199594807 -6.369662043398888
T02687 26.08695652173913 -7.714285714285714 27.437426191709577 -6.369662043398887 27.446026867577654 -9.054648519068934 24.727886175900633 -9.054648519068934 24.736486851768717 -6.369662043398887
T02688 28.69565217391304 -7.714285714285714 30.04612184388349 -6.369662043398888 30.054722519751568 -9.054648519068936 27.336581828074547 -9.054648519068936 27.345182503942628 -6.369662043398888
T02689 31.304347826086957 -7.714285714285714 32.65481749605739 -6.369662043398887 32.66341817192548 -9.054648519068934 29.945277480248453 -9.054648519068934 29.95387815611653 -6.369662043398886
T02690 33.913043478260875 -7.714285714285714 35.26351314823131 -6.369662043398886 35.27211382409939 -9.054648519068932 32.55397313242238 -9.054648519068932 32.56257380829046 -6.369662043398886
T02691 36.52173913043478 -7.714285714285714 37.87220880040522 -6.369662043398886 37.8808094762733 -9.054648519068934 35.162668784596285 -9.054648519068932 35.17126946046436 -6.369662043398886
T02692 39.13043478260869 -7.714285714285714 40.48090445257913 -6.369662043398887 40.48950512844722 -9.054648519068932 37.7713644367702 -9.054648519068932 37.77996511263827 -6.369662043398887
T02693 41.73913043478261 -7.714285714285714 43.08960010475305 -6.369662043398887 43.09820078062113 -9.054648519068934 40.38006008894411 -9.054648519068936 40.388660764812194 -6.369662043398888
T02694 44.34782608695652 -7.714285714285714 45.698295756926974 -6.369662043398887 45.70689643279504 -9.054648519068934 42.98875574111802 -9.054648519068934 42.997356416986115 -6.369662043398887
T02695 46.95652173913044 -7.714285714285714 48.30699140910089 -6.369662043398886 48.31559208496896 -9.054648519068932 45.59745139329194 -9.054648519068932 45.60605206916002 -6.369662043398887
T02696 49.565217391304344 -7.714285714285714 50.91568706127479 -6.369662043398886 50.92428773714286 -9.054648519068934 48.20614704546584 -9.054648519068934 48.21474772133393 -6.369662043398886
T02697 52.17391304347826 -7.714285714285714 53.52438271344871 -6.369662043398886 53.53298338931679 -9.054648519068934 50.81484269763976 -9.054648519068934 50.82344337350785 -6.369662043398886
T02698 54.78260869565218 -7.714285714285714 56.133078365622616 -6.369662043398887 56.141679041490704 -9.054648519068934 53.42353834981369 -9.054648519068934 53.432139025681764 -6.369662043398887
T02699 57.39130434782608 -7.714285714285714 58.741774017796516 -6.369662043398887 58.7503746936646 -9.054648519068934 56.032234001987575 -9.054648519068934 56.04083467785566 -6.369662043398886
T02700 59.99999999999999 -7.714285714285714 61.35046966997043 -6.369662043398887 61.35907034583852 -9.054648519068934 58.6409296541615 -9.054648519068934 58.64953033002957 -6.369662043398887
T02701 62.608695652173914 -7.714285714285714 63.95916532214436 -6.369662043398886 63.96776599801243 -9.054648519068934 61.24962530633542 -9.054648519068932 61.2582259822035 -6.369662043398886
T02702 65.21739130434783 -7.714285714285714 66.56786097431826 -6.369662043398887 66.57646165018635 -9.054648519068934 63.85832095850933 -9.054648519068936 63.866921634377405 -6.369662043398887
T02703 67.82608695652175 -7.714285714285714 69.17655662649219 -6.369662043398887 69.18515730236027 -9.054648519068934 66.46701661068325 -9.054648519068934 66.47561728655133 -6.369662043398887
T02704 70.43478260869564 -7.714285714285714 71.78525227866609 -6.369662043398886 71.79385295453417 -9.054648519068934 69.07571226285715 -9.054648519068934 69.08431293872523 -6.369662043398886
T02705 73.04347826086956 -7.714285714285714 74.39394793084 -6.369662043398887 74.40254860670808 -9.054648519068934 71.68440791503107 -9.054648519068934 71.69300859089915 -6.369662043398886
T02706 75.65217391304348 -7.714285714285714 77.00264358301392 -6.369662043398887 77.011244258882 -9.054648519068932 74.29310356720498 -9.054648519068932 74.30170424307308 -6.369662043398886
T02707 78.26086956521738 -7.714285714285714 79.61133923518781 -6.369662043398887 79.61993991105591 -9.054648519068936 76.90179921937889 -9.054648519068936 76.91039989524697 -6.369662043398887
T02708 80.8695652173913 -7.714285714285714 82.22003488736175 -6.369662043398888 82.22863556322982 -9.054648519068934 79.51049487155281 -9.054648519068934 79.51909554742089 -6.369662043398888
T02709 83.47826086956522 -7.714285714285714 84.82873053953567 -6.369662043398888 84.83733121540374 -9.054648519068934 82.11919052372672 -9.054648519068934 82.12779119959481 -6.369662043398888
T02710 86.08695652173913 -7.714285714285714 87.43742619170958 -6.369662043398886 87.44602686757766 -9.054648519068934 84.72788617590064 -9.054648519068934 84.73648685176872 -6.369662043398887
T02711 88.69565217391305 -7.714285714285714 90.0461218438835 -6.369662043398887 90.05472251975156 -9.054648519068934 87.33658182807456 -9.054648519068936 87.34518250394264 -6.369662043398887
T02712 91.30434782608695 -7.714285714285714 92.6548174960574 -6.369662043398887 92.66341817192547 -9.054648519068936 89.94527748024845 -9.054648519068934 89.95387815611655 -6.369662043398887
T02713 93.91304347826087 -7.714285714285714 95.26351314823133 -6.369662043398886 95.2721138240994 -9.054648519068934 92.55397313242239 -9.054648519068934 92.56257380829047 -6.369662043398886
T02714 96.52173913043478 -7.714285714285714 97.87220880040523 -6.369662043398887 97.8808094762733 -9.054648519068932 95.16266878459629 -9.054648519068934 95.17126946046437 -6.369662043398888
T02715 99.13043478260869 -7.714285714285714 100.48090445257914 -6.369662043398888 100.4895051284472 -9.054648519068936 97.7713644367702 -9.054648519068936 97.77996511263828 -6.369662043398889
T02716 101.73913043478261 -7.714285714285714 103.08960010475305 -6.369662043398886 103.09820078062114 -9.054648519068934 100.38006008894412 -9.054648519068934 100.3886607648122 -6.369662043398885
T02717 104.34782608695652 -7.714285714285714 105.69829575692697 -6.369662043398886 105.70689643279503 -9.054648519068932 102.98875574111803 -9.054648519068934 102.99735641698611 -6.369662043398887
T02718 106.95652173913044 -7.714285714285714 108.30699140910089 -6.369662043398886 108.31559208496896 -9.054648519068934 105.59745139329193 -9.054648519068936 105.60605206916003 -6.369662043398887
T02719 109.56521739130436 -7.714285714285714 110.91568706127481 -6.369662043398887 110.9242877371429 -9.054648519068936 108.20614704546587 -9.054648519068936 108.21474772133395 -6.369662043398887
T02720 112.17391304347825 -7.714285714285714 113.5243827134487 -6.369662043398888 113.53298338931678 -9.054648519068936 110.81484269763976 -9.054648519068936 110.82344337350784 -6.369662043398888
T02721 114.78260869565216 -7.714285714285714 116.13307836562261 -6.369662043398887 116.14167904149069 -9.054648519068934 113.42353834981367 -9.054648519068934 113.43213902568175 -6.369662043398887
T02722 117.3913043478261 -7.714285714285714 118.74177401779653 -6.369662043398886 118.75037469366463 -9.054648519068934 116.0322340019876 -9.054648519068936 116.04083467785567 -6.369662043398887
T02723 119.99999999999999 -7.714285714285714 121.35046966997044 -6.369662043398887 121.35907034583852 -9.054648519068934 118.64092965416148 -9.054648519068934 118.64953033002956 -6.369662043398887
T02724 122.60869565217392 -7.714285714285714 123.95916532214437 -6.369662043398886 123.96776599801245 -9.054648519068934 121.24962530633542 -9.054648519068934 121.2582259822035 -6.369662043398886
T02725 125.21739130434783 -7.714285714285714 126.56786097431828 -6.369662043398888 126.57646165018633 -9.054648519068936 123.85832095850931 -9.054648519068934 123.8669216343774 -6.369662043398888
T02726 127.82608695652172 -7.714285714285714 129.1765566264922 -6.369662043398886 129.18515730236027 -9.054648519068934 126.46701661068325 -9.054648519068934 126.47561728655133 -6.369662043398887
T02727 130.43478260869566 -7.714285714285714 131.7852522786661 -6.369662043398887 131.7938529545342 -9.054648519068934 129.07571226285714 -9.054648519068936 129.08431293872522 -6.369662043398887
T02728 133.04347826086956 -7.714285714285714 134.39394793084 -6.369662043398886 134.40254860670808 -9.054648519068932 131.68440791503104 -9.054648519068932 131.69300859089913 -6.369662043398886
T02729 135.6521739130435 -7.714285714285714 137.00264358301393 -6.369662043398887 137.01124425888202 -9.054648519068934 134.293103567205 -9.054648519068936 134.30170424307306 -6.369662043398888
T02730 138.2608695652174 -7.714285714285714 139.61133923518787 -6.369662043398888 139.61993991105595 -9.054648519068934 136.90179921937892 -9.054648519068932 136.910399895247 -6.369662043398887
T02731 140.86956521739128 -7.714285714285714 142.22003488736175 -6.369662043398887 142.22863556322983 -9.054648519068932 139.5104948715528 -9.054648519068932 139.51909554742087 -6.369662043398887
T02732 143.47826086956522 -7.714285714285714 144.82873053953568 -6.369662043398886 144.83733121540376 -9.054648519068934 142.11919052372673 -9.054648519068934 142.1277911995948 -6.369662043398886
T02733 146.08695652173913 -7.714285714285714 147.43742619170956 -6.369662043398887 147.44602686757764 -9.054648519068934 144.7278861759006 -9.054648519068934 144.73648685176872 -6.369662043398887
T02734 148.69565217391303 -7.714285714285714 150.04612184388347 -6.369662043398887 150.05472251975155 -9.054648519068936 147.33658182807454 -9.054648519068936 147.34518250394262 -6.369662043398888
T02735 151.30434782608697 -7.714285714285714 152.6548174960574 -6.369662043398888 152.66341817192546 -9.054648519068936 149.94527748024845 -9.054648519068936 149.95387815611653 -6.369662043398888
T02736 153.91304347826087 -7.714285714285714 155.26351314823134 -6.369662043398887 155.27211382409942 -9.054648519068932 152.5539731324224 -9.054648519068934 152.56257380829047 -6.369662043398888
T02737 156.52173913043475 -7.714285714285714 157.87220880040522 -6.369662043398887 157.8808094762733 -9.054648519068932 155.1626687845963 -9.054648519068932 155.17126946046434 -6.369662043398887
T02738 159.1304347826087 -7.714285714285714 160.48090445257915 -6.369662043398887 160.48950512844723 -9.054648519068934 157.7713644367702 -9.054648519068934 157.77996511263828 -6.369662043398887
T02739 161.7391304347826 -7.714285714285714 163.08960010475306 -6.369662043398887 163.09820078062114 -9.054648519068936 160.38006008894408 -9.054648519068936 160.3886607648122 -6.369662043398887
T02740 164.34782608695653 -7.714285714285714 165.69829575692697 -6.369662043398885 165.70689643279505 -9.054648519068932 162.988755741118 -9.054648519068934 162.9973564169861 -6.369662043398885
T02741 166.95652173913044 -7.714285714285714 168.30699140910087 -6.369662043398886 168.31559208496896 -9.054648519068934 165.59745139329195 -9.054648519068932 165.60605206916 -6.369662043398886
T02742 169.56521739130434 -7.714285714285714 170.91568706127478 -6.369662043398887 170.92428773714286 -9.054648519068934 168.20614704546585 -9.054648519068934 168.2147477213339 -6.369662043398887
T02743 172.17391304347825 -7.714285714285714 173.52438271344872 -6.369662043398886 173.5329833893168 -9.054648519068934 170.81484269763976 -9.054648519068934 170.82344337350784 -6.369662043398886
T02744 174.78260869565216 -7.714285714285714 176.13307836562262 -6.369662043398885 176.1416790414907 -9.054648519068934 173.42353834981367 -9.054648519068934 173.43213902568175 -6.369662043398886
T02745 177.3913043478261 -7.714285714285714 178.74177401779656 -6.369662043398886 178.75037469366464 -9.054648519068934 176.03223400198758 -9.054648519068934 176.04083467785568 -6.369662043398887
T02746 180.0 -7.714285714285714 181.35046966997044 -6.369662043398886 181.35907034583852 -9.054648519068934 178.64092965416148 -9.054648519068936 178.64953033002956 -6.369662043398887
T02747 182.6086956521739 -7.714285714285714 183.95916532214432 -6.369662043398887 183.9677659980124 -9.054648519068932 181.2496253063354 -9.054648519068934 181.25822598220347 -6.369662043398886
T02748 185.21739130434784 -7.714285714285714 186.56786097431828 -6.369662043398887 186.57646165018636 -9.054648519068936 183.85832095850935 -9.054648519068936 183.86692163437743 -6.369662043398887
T02749 187.82608695652175 -7.714285714285714 189.1765566264922 -6.369662043398886 189.18515730236027 -9.054648519068934 186.46701661068326 -9.054648519068934 186.47561728655134 -6.369662043398886
T02750 190.43478260869563 -7.714285714285714 191.78525227866606 -6.369662043398887 191.79385295453415 -9.054648519068936 189.07571226285714 -9.054648519068934 189.08431293872522 -6.369662043398887
T02751 193.04347826086956 -7.714285714285714 194.39394793084 -6.369662043398886 194.40254860670808 -9.054648519068932 191.68440791503107 -9.054648519068932 191.69300859089915 -6.369662043398886
T02752 195.65217391304347 -7.714285714285714 197.0026435830139 -6.369662043398886 197.011244258882 -9.054648519068934 194.29310356720495 -9.054648519068936 194.30170424307306 -6.369662043398886
T02753 198.26086956521738 -7.714285714285714 199.61133923518778 -6.369662043398888 199.6199399110559 -9.054648519068936 196.90179921937886 -9.054648519068936 196.91039989524694 -6.369662043398887
T02754 200.8695652173913 -7.714285714285714 202.22003488736172 -6.369662043398886 202.2286355632298 -9.054648519068932 199.5104948715528 -9.054648519068934 199.51909554742087 -6.369662043398887
T02755 203.47826086956522 -7.714285714285714 204.82873053953566 -6.369662043398887 204.83733121540374 -9.054648519068934 202.11919052372673 -9.054648519068936 202.1277911995948 -6.369662043398888
T02756 206.08695652173913 -7.714285714285714 207.43742619170956 -6.369662043398887 207.44602686757764 -9.054648519068934 204.72788617590064 -9.054648519068934 204.73648685176872 -6.369662043398887
T02757 208.69565217391303 -7.714285714285714 210.04612184388347 -6.369662043398887 210.05472251975155 -9.054648519068934 207.33658182807454 -9.054648519068936 207.34518250394262 -6.369662043398887
T02758 211.30434782608694 -7.714285714285714 212.65481749605738 -6.369662043398886 212.66341817192546 -9.054648519068934 209.94527748024842 -9.054648519068934 209.9538781561165 -6.369662043398886
T02759 213.91304347826087 -7.714285714285714 215.26351314823128 -6.369662043398886 215.2721138240994 -9.054648519068932 212.55397313242236 -9.054648519068932 212.56257380829044 -6.369662043398886
T02760 216.52173913043478 -7.714285714285714 217.8722088004052 -6.369662043398886 217.88080947627327 -9.054648519068932 215.16266878459626 -9.054648519068932 215.17126946046434 -6.369662043398885
T02761 219.13043478260872 -7.714285714285714 220.48090445257915 -6.369662043398886 220.48950512844723 -9.054648519068934 217.77136443677023 -9.054648519068932 217.7799651126383 -6.369662043398887
T02762 221.7391304347826 -7.714285714285714 223.08960010475303 -6.369662043398888 223.0982007806211 -9.054648519068934 220.3800600889441 -9.054648519068936 220.3886607648122 -6.369662043398888
T02763 224.3478260869565 -7.714285714285714 225.69829575692694 -6.369662043398886 225.70689643279502 -9.054648519068936 222.988755741118 -9.054648519068934 222.9973564169861 -6.369662043398886
T02764 226.95652173913044 -7.714285714285714 228.30699140910087 -6.369662043398887 228.31559208496896 -9.054648519068934 225.59745139329192 -9.054648519068932 225.60605206916003 -6.369662043398887
T02765 229.56521739130432 -7.714285714285714 230.91568706127475 -6.369662043398886 230.92428773714283 -9.054648519068934 228.2061470454658 -9.054648519068932 228.2147477213339 -6.369662043398886
T02766 232.17391304347828 -7.714285714285714 233.5243827134487 -6.369662043398886 233.53298338931677 -9.054648519068934 230.81484269763976 -9.054648519068934 230.82344337350784 -6.369662043398887
T02767 234.7826086956522 -7.714285714285714 236.1330783656226 -6.369662043398888 236.14167904149068 -9.054648519068934 233.42353834981367 -9.054648519068936 233.4321390256817 -6.369662043398888
T02768 237.39130434782606 -7.714285714285714 238.7417740177965 -6.369662043398886 238.75037469366458 -9.054648519068934 236.03223400198758 -9.054648519068932 236.04083467785566 -6.369662043398886
T02769 239.99999999999997 -7.714285714285714 241.3504696699704 -6.369662043398887 241.3590703458385 -9.054648519068934 238.64092965416148 -9.054648519068934 238.6495303300295 -6.369662043398887
T02770 242.60869565217388 -7.714285714285714 243.95916532214432 -6.369662043398885 243.9677659980124 -9.054648519068932 241.2496253063354 -9.054648519068934 241.25822598220347 -6.369662043398886
T02771 245.21739130434784 -7.714285714285714 246.56786097431825 -6.369662043398886 246.57646165018636 -9.054648519068934 243.85832095850932 -9.054648519068934 243.8669216343774 -6.369662043398887
T02772 247.82608695652175 -7.714285714285714 249.17655662649216 -6.369662043398887 249.18515730236024 -9.054648519068934 246.46701661068323 -9.054648519068936 246.4756172865513 -6.369662043398888
T02773 250.43478260869566 -7.714285714285714 251.78525227866606 -6.369662043398887 251.79385295453415 -9.054648519068936 249.07571226285714 -9.054648519068936 249.08431293872522 -6.369662043398887
T02774 253.04347826086956 -7.714285714285714 254.39394793083997 -6.369662043398886 254.40254860670805 -9.054648519068934 251.68440791503104 -9.054648519068934 251.69300859089913 -6.369662043398886
T02775 255.65217391304344 -7.714285714285714 257.0026435830139 -6.369662043398887 257.01124425888196 -9.054648519068932 254.29310356720495 -9.054648519068932 254.30170424307303 -6.369662043398887
T02776 258.26086956521743 -7.714285714285714 259.61133923518787 -6.369662043398886 259.61993991105595 -9.054648519068934 256.901799219379 -9.054648519068934 256.91039989524705 -6.369662043398886
T02777 260.8695652173913 -7.714285714285714 262.22003488736175 -6.369662043398888 262.22863556322983 -9.054648519068934 259.5104948715528 -9.054648519068934 259.5190955474209 -6.369662043398888
T02778 263.4782608695652 -7.714285714285714 264.8287305395356 -6.369662043398888 264.8373312154037 -9.054648519068934 262.11919052372673 -9.054648519068934 262.1277911995948 -6.369662043398887
T02779 266.0869565217391 -7.714285714285714 267.43742619170956 -6.369662043398886 267.44602686757764 -9.054648519068934 264.7278861759006 -9.054648519068934 264.7364868517687 -6.369662043398886
T02780 268.695652173913 -7.714285714285714 270.04612184388344 -6.369662043398887 270.0547225197515 -9.054648519068934 267.3365818280745 -9.054648519068936 267.3451825039426 -6.369662043398887
T02781 271.304347826087 -7.714285714285714 272.6548174960574 -6.369662043398887 272.66341817192546 -9.054648519068936 269.9452774802485 -9.054648519068934 269.95387815611656 -6.369662043398887
T02782 273.9130434782609 -7.714285714285714 275.2635131482313 -6.369662043398886 275.2721138240994 -9.054648519068934 272.55397313242236 -9.054648519068934 272.56257380829044 -6.369662043398886
T02783 276.5217391304348 -7.714285714285714 277.87220880040525 -6.369662043398887 277.8808094762733 -9.054648519068932 275.16266878459635 -9.054648519068932 275.17126946046443 -6.369662043398887
T02784 279.1304347826087 -7.714285714285714 280.4809044525791 -6.369662043398888 280.4895051284472 -9.054648519068934 277.77136443677017 -9.054648519068934 277.77996511263825 -6.369662043398888
T02785 281.73913043478257 -7.714285714285714 283.089600104753 -6.369662043398886 283.0982007806211 -9.054648519068934 280.3800600889441 -9.054648519068936 280.3886607648122 -6.369662043398886
T02786 284.3478260869565 -7.714285714285714 285.69829575692694 -6.369662043398887 285.706896432795 -9.054648519068932 282.988755741118 -9.054648519068934 282.99735641698607 -6.369662043398887
T02787 286.95652173913044 -7.714285714285714 288.3069914091009 -6.369662043398886 288.31559208496896 -9.054648519068932 285.5974513932919 -9.054648519068934 285.60605206916 -6.369662043398886
T02788 289.5652173913044 -7.714285714285714 290.9156870612748 -6.369662043398887 290.9242877371429 -9.054648519068936 288.2061470454659 -9.054648519068936 288.214747721334 -6.369662043398886
T02789 292.17391304347825 -7.714285714285714 293.5243827134487 -6.369662043398888 293.53298338931677 -9.054648519068934 290.81484269763973 -9.054648519068934 290.8234433735078 -6.369662043398887
T02790 294.7826086956522 -7.714285714285714 296.1330783656226 -6.369662043398887 296.1416790414907 -9.054648519068934 293.4235383498137 -9.054648519068934 293.4321390256818 -6.369662043398887
T02791 297.39130434782606 -7.714285714285714 298.7417740177965 -6.369662043398885 298.7503746936646 -9.054648519068932 296.03223400198755 -9.054648519068934 296.0408346778556 -6.369662043398886
T02792 300.0 -7.714285714285714 301.35046966997044 -6.369662043398887 301.3590703458385 -9.054648519068934 298.6409296541615 -9.054648519068936 298.6495303300296 -6.369662043398887
T02793 302.60869565217394 -7.714285714285714 303.9591653221443 -6.369662043398885 303.96776599801245 -9.054648519068932 301.2496253063354 -9.054648519068932 301.2582259822035 -6.369662043398886
T02794 305.2173913043478 -7.714285714285714 306.56786097431825 -6.369662043398887 306.57646165018633 -9.054648519068934 303.8583209585093 -9.054648519068934 303.8669216343774 -6.369662043398887
T02795 307.82608695652175 -7.714285714285714 309.1765566264922 -6.369662043398886 309.18515730236027 -9.054648519068934 306.4670166106833 -9.054648519068934 306.47561728655137 -6.369662043398886
T02796 310.4347826086956 -7.714285714285714 311.78525227866606 -6.369662043398887 311.79385295453415 -9.054648519068934 309.0757122628571 -9.054648519068934 309.0843129387252 -6.369662043398887
T02797 313.0434782608695 -7.714285714285714 314.39394793083994 -6.369662043398887 314.402548606708 -9.054648519068934 311.68440791503104 -9.054648519068934 311.6930085908991 -6.369662043398887
T02798 315.6521739130435 -7.714285714285714 317.00264358301393 -6.369662043398887 317.011244258882 -9.054648519068934 314.293103567205 -9.054648519068934 314.30170424307306 -6.369662043398887
T02799 318.2608695652174 -7.714285714285714 319.6113392351878 -6.369662043398889 319.6199399110559 -9.054648519068936 316.90179921937886 -9.054648519068934 316.91039989524694 -6.369662043398888
T02800 320.8695652173913 -7.714285714285714 322.2200348873617 -6.369662043398887 322.22863556322983 -9.054648519068932 319.5104948715528 -9.054648519068932 319.5190955474209 -6.369662043398887
T02801 323.4782608695652 -7.714285714285714 324.8287305395356 -6.369662043398886 324.8373312154037 -9.054648519068932 322.1191905237267 -9.054648519068934 322.12779119959475 -6.369662043398886
T02802 326.0869565217391 -7.714285714285714 327.43742619170956 -6.369662043398887 327.44602686757764 -9.054648519068932 324.72788617590066 -9.054648519068932 324.73648685176875 -6.369662043398886
T02803 328.69565217391306 -7.714285714285714 330.0461218438835 -6.369662043398886 330.0547225197516 -9.054648519068934 327.33658182807454 -9.054648519068934 327.3451825039426 -6.369662043398887
T02804 331.30434782608694 -7.714285714285714 332.6548174960574 -6.369662043398887 332.66341817192546 -9.054648519068934 329.9452774802485 -9.054648519068934 329.95387815611656 -6.369662043398887
T02805 333.9130434782609 -7.714285714285714 335.2635131482313 -6.369662043398887 335.2721138240994 -9.054648519068932 332.55397313242236 -9.054648519068934 332.56257380829044 -6.369662043398887
T02806 336.52173913043475 -7.714285714285714 337.8722088004052 -6.369662043398887 337.88080947627327 -9.054648519068932 335.16266878459624 -9.054648519068932 335.1712694604643 -6.369662043398886
T02807 339.1304347826087 -7.714285714285714 340.48090445257907 -6.369662043398886 340.48950512844715 -9.054648519068932 337.77136443677017 -9.054648519068934 337.77996511263825 -6.369662043398886
T02808 341.7391304347826 -7.714285714285714 343.08960010475306 -6.369662043398887 343.09820078062114 -9.054648519068936 340.3800600889441 -9.054648519068936 340.3886607648122 -6.369662043398887
T02809 344.3478260869565 -7.714285714285714 345.69829575692694 -6.369662043398886 345.706896432795 -9.054648519068934 342.98875574111804 -9.054648519068934 342.9973564169861 -6.369662043398886
T02810 346.95652173913044 -7.714285714285714 348.3069914091009 -6.369662043398886 348.31559208496896 -9.054648519068932 345.5974513932919 -9.054648519068932 345.60605206916 -6.369662043398886
T02811 349.5652173913043 -7.714285714285714 350.91568706127475 -6.369662043398887 350.92428773714283 -9.054648519068934 348.2061470454658 -9.054648519068934 348.21474772133394 -6.369662043398887
T02812 352.17391304347825 -7.714285714285714 353.5243827134487 -6.369662043398886 353.53298338931677 -9.054648519068936 350.81484269763973 -9.054648519068934 350.8234433735078 -6.369662043398886
T02813 354.7826086956522 -7.714285714285714 356.1330783656226 -6.369662043398886 356.1416790414907 -9.054648519068934 353.42353834981367 -9.054648519068934 353.43213902568175 -6.369662043398886
T02814 357.3913043478261 -7.714285714285714 358.74177401779656 -6.369662043398887 358.75037469366464 -9.054648519068934 356.03223400198766 -9.054648519068934 356.04083467785574 -6.369662043398887
T02815 0.0 -5.142857142857143 1.345087541004916 -3.798944634426876 1.3507731624521422 -6.483938664089822 358.64922683754793 -6.4839386640898224 358.6549124589951 -3.798944634426876
T02816 2.608695652173913 -5.142857142857143 3.9537831931788294 -3.798944634426876 3.9594688146260544 -6.483938664089822 1.2579224897217982 -6.483938664089822 1.2636081111690243 -3.798944634426876
T02817 5.217391304347826 -5.142857142857143 6.562478845352743 -3.798944634426877 6.568164466799969 -6.4839386640898224 3.8666181418957124 -6.4839386640898224 3.8723037633429382 -3.798944634426876
T02818 7.826086956521739 -5.142857142857143 9.171174497526655 -3.798944634426876 9.176860118973881 -6.4839386640898224 6.475313794069625 -6.4839386640898224 6.480999415516851 -3.798944634426876
T02819 10.434782608695652 -5.142857142857143 11.779870149700567 -3.798944634426875 11.785555771147795 -6.483938664089822 9.084009446243536 -6.483938664089822 9.08969506769076 -3.798944634426875
T02820 13.043478260869565 -5.142857142857143 14.388565801874476 -3.798944634426875 14.394251423321705 -6.483938664089822 11.692705098417449 -6.4839386640898224 11.698390719864674 -3.798944634426875
T02821 15.652173913043478 -5.142857142857143 16.99726145404839 -3.798944634426875 17.002947075495616 -6.483938664089822 14.301400750591359 -6.483938664089821 14.307086372038585 -3.798944634426875
T02822 18.26086956521739 -5.142857142857143 19.60595710622231 -3.798944634426877 19.611642727669533 -6.4839386640898224 16.910096402765284 -6.4839386640898224 16.915782024212504 -3.798944634426877
T02823 20.869565217391305 -5.142857142857143 22.214652758396216 -3.798944634426875 22.220338379843444 -6.483938664089822 19.518792054939187 -6.4839386640898224 19.524477676386415 -3.798944634426876
T02824 23.47826086956522 -5.142857142857143 24.823348410570137 -3.798944634426875 24.829034032017365 -6.483938664089822 22.127487707113108 -6.4839386640898224 22.133173328560336 -3.798944634426876
T02825 26.08695652173913 -5.142857142857143 27.432044062744048 -3.798944634426876 27.437729684191275 -6.4839386640898224 24.73618335928702 -6.4839386640898224 24.741868980734242 -3.798944634426875
T02826 28.69565217391304 -5.142857142857143 30.040739714917954 -3.798944634426876 30.046425336365182 -6.4839386640898224 27.34487901146093 -6.4839386640898224 27.35056463290815 -3.798944634426876
T02827 31.304347826086957 -5.142857142857143 32.64943536709187 -3.798944634426876 32.655120988539096 -6.4839386640898224 29.953574663634843 -6.4839386640898224 29.959260285082067 -3.798944634426876
T02828 33.913043478260875 -5.142857142857143 35.25813101926578 -3.798944634426875 35.26381664071301 -6.483938664089822 32.56227031580875 -6.4839386640898224 32.567955937255974 -3.798944634426876
T02829 36.52173913043478 -5.142857142857143 37.866826671439696 -3.798944634426876 37.87251229288692 -6.483938664089822 35.17096596798266 -6.4839386640898224 35.176651589429895 -3.798944634426876
T02830 39.13043478260869 -5.142857142857143 40.4755223236136 -3.798944634426875 40.48120794506083 -6.483938664089822 37.779661620156574 -6.483938664089822 37.785347241603795 -3.798944634426875
T02831 41.73913043478261 -5.142857142857143 43.084217975787524 -3.798944634426875 43.089903597234745 -6.483938664089822 40.388357272330495 -6.4839386640898224 40.394042893777716 -3.798944634426876
T02832 44.34782608695652 -5.142857142857143 45.69291362796144 -3.798944634426876 45.698599249408666 -6.483938664089823 42.99705292450441 -6.4839386640898224 43.00273854595164 -3.798944634426876
T02833 46.95652173913044 -5.142857142857143 48.30160928013535 -3.798944634426876 48.30729490158259 -6.4839386640898224 45.60574857667832 -6.4839386640898224 45.611434198125544 -3.798944634426876
T02834 49.565217391304344 -5.142857142857143 50.91030493230925 -3.798944634426875 50.91599055375649 -6.4839386640898224 48.21444422885222 -6.4839386640898224 48.22012985029945 -3.798944634426875
T02835 52.17391304347826 -5.142857142857143 53.51900058448317 -3.798944634426876 53.524686205930394 -6.4839386640898224 50.823139881026144 -6.4839386640898224 50.82882550247337 -3.798944634426876
T02836 54.78260869565218 -5.142857142857143 56.12769623665709 -3.798944634426875 56.13338185810433 -6.4839386640898224 53.43183553320007 -6.4839386640898224 53.43752115464729 -3.798944634426876
T02837 57.39130434782608 -5.142857142857143 58.736391888830994 -3.798944634426876 58.74207751027822 -6.4839386640898224 56.040531185373965 -6.4839386640898224 56.046216806821185 -3.798944634426876
T02838 59.99999999999999 -5.142857142857143 61.34508754100491 -3.798944634426875 61.35077316245214 -6.483938664089821 58.64922683754789 -6.483938664089822 58.654912458995106 -3.798944634426875
T02839 62.608695652173914 -5.142857142857143 63.953783193178836 -3.798944634426876 63.95946881462606 -6.4839386640898224 61.25792248972181 -6.483938664089822 61.263608111169034 -3.798944634426875
T02840 65.21739130434783 -5.142857142857143 66.56247884535276 -3.798944634426875 66.56816446679997 -6.483938664089822 63.86661814189571 -6.4839386640898224 63.87230376334294 -3.798944634426875
T02841 67.82608695652175 -5.142857142857143 69.17117449752666 -3.798944634426875 69.17686011897389 -6.483938664089821 66.47531379406963 -6.483938664089821 66.48099941551685 -3.798944634426875
T02842 70.43478260869564 -5.142857142857143 71.77987014970056 -3.798944634426875 71.78555577114778 -6.4839386640898224 69.08400944624353 -6.4839386640898224 69.08969506769076 -3.798944634426875
T02843 73.04347826086956 -5.142857142857143 74.38856580187448 -3.798944634426876 74.3942514233217 -6.483938664089822 71.69270509841745 -6.483938664089822 71.69839071986468 -3.798944634426875
T02844 75.65217391304348 -5.142857142857143 76.9972614540484 -3.798944634426875 77.00294707549563 -6.483938664089822 74.30140075059137 -6.483938664089822 74.3070863720386 -3.798944634426875
T02845 78.26086956521738 -5.142857142857143 79.60595710622229 -3.798944634426876 79.61164272766953 -6.4839386640898224 76.91009640276526 -6.4839386640898224 76.91578202421249 -3.798944634426876
T02846 80.8695652173913 -5.142857142857143 82.21465275839621 -3.798944634426875 82.22033837984344 -6.483938664089821 79.51879205493918 -6.483938664089821 79.52447767638641 -3.798944634426875
T02847 83.47826086956522 -5.142857142857143 84.82334841057013 -3.798944634426876 84.82903403201736 -6.4839386640898224 82.12748770711309 -6.4839386640898224 82.13317332856033 -3.798944634426876
T02848 86.08695652173913 -5.142857142857143 87.43204406274404 -3.798944634426876 87.43772968419128 -6.4839386640898224 84.73618335928701 -6.4839386640898224 84.74186898073424 -3.798944634426876
T02849 88.69565217391305 -5.142857142857143 90.04073971491796 -3.798944634426875 90.04642533636519 -6.483938664089822 87.34487901146093 -6.4839386640898224 87.35056463290816 -3.798944634426876
T02850 91.30434782608695 -5.142857142857143 92.64943536709187 -3.798944634426876 92.6551209885391 -6.4839386640898224 89.95357466363484 -6.483938664089822 89.95926028508207 -3.798944634426875
T02851 93.91304347826087 -5.142857142857143 95.25813101926579 -3.798944634426876 95.26381664071302 -6.4839386640898224 92.56227031580876 -6.4839386640898224 92.56795593725599 -3.798944634426876
T02852 96.52173913043478 -5.142857142857143 97.8668266714397 -3.798944634426875 97.87251229288692 -6.483938664089822 95.17096596798267 -6.4839386640898224 95.1766515894299 -3.798944634426876
T02853 99.13043478260869 -5.142857142857143 100.4755223236136 -3.798944634426876 100.48120794506083 -6.483938664089822 97.77966162015657 -6.483938664089822 97.7853472416038 -3.798944634426876
T02854 101.73913043478261 -5.142857142857143 103.08421797578752 -3.798944634426875 103.08990359723477 -6.483938664089821 100.3883572723305 -6.483938664089821 100.39404289377772 -3.798944634426875
T02855 104.34782608695652 -5.142857142857143 105.69291362796143 -3.798944634426875 105.69859924940866 -6.483938664089822 102.9970529245044 -6.4839386640898224 103.00273854595163 -3.798944634426875
T02856 106.95652173913044 -5.142857142857143 108.30160928013535 -3.798944634426875 108.30729490158258 -6.483938664089822 105.60574857667832 -6.483938664089822 105.61143419812555 -3.798944634426876
T02857 109.56521739130436 -5.142857142857143 110.91030493230929 -3.798944634426876 110.91599055375652 -6.483938664089823 108.21444422885224 -6.483938664089823 108.22012985029947 -3.798944634426876
T02858 112.17391304347825 -5.142857142857143 113.51900058448317 -3.798944634426876 113.5246862059304 -6.483938664089822 110.82313988102614 -6.483938664089822 110.82882550247336 -3.798944634426876
T02859 114.78260869565216 -5.142857142857143 116.12769623665706 -3.798944634426875 116.1333818581043 -6.483938664089822 113.43183553320004 -6.483938664089822 113.43752115464727 -3.798944634426875
T02860 117.3913043478261 -5.142857142857143 118.736391888831 -3.798944634426875 118.74207751027824 -6.483938664089822 116.04053118537396 -6.4839386640898224 116.04621680682119 -3.798944634426876
T02861 119.99999999999999 -5.142857142857143 121.34508754100489 -3.798944634426875 121.35077316245213 -6.483938664089821 118.64922683754787 -6.483938664089821 118.65491245899508 -3.798944634426875
T02862 122.60869565217392 -5.142857142857143 123.95378319317885 -3.798944634426875 123.95946881462606 -6.483938664089822 121.2579224897218 -6.483938664089822 121.26360811116902 -3.798944634426876
T02863 125.21739130434783 -5.142857142857143 126.56247884535273 -3.798944634426876 126.56816446679997 -6.483938664089823 123.8666181418957 -6.4839386640898224 123.87230376334293 -3.798944634426876
T02864 127.82608695652172 -5.142857142857143 129.17117449752664 -3.798944634426876 129.17686011897388 -6.4839386640898224 126.4753137940696 -6.483938664089823 126.48099941551682 -3.798944634426877
T02865 130.43478260869566 -5.142857142857143 131.77987014970057 -3.798944634426876 131.7855557711478 -6.483938664089823 129.08400944624353 -6.483938664089823 129.08969506769074 -3.798944634426876
T02866 133.04347826086956 -5.142857142857143 134.38856580187448 -3.798944634426876 134.3942514233217 -6.483938664089822 131.69270509841743 -6.483938664089822 131.69839071986465 -3.798944634426875
T02867 135.6521739130435 -5.142857142857143 136.99726145404838 -3.798944634426877 137.00294707549563 -6.483938664089823 134.30140075059137 -6.483938664089823 134.30708637203858 -3.798944634426877
T02868 138.2608695652174 -5.142857142857143 139.60595710622235 -3.798944634426875 139.61164272766956 -6.483938664089822 136.9100964027653 -6.483938664089822 136.91578202421255 -3.798944634426875
T02869 140.86956521739128 -5.142857142857143 142.21465275839623 -3.798944634426875 142.22033837984344 -6.483938664089822 139.51879205493918 -6.483938664089822 139.52447767638643 -3.798944634426875
T02870 143.47826086956522 -5.142857142857143 144.82334841057013 -3.798944634426876 144.82903403201738 -6.4839386640898224 142.12748770711312 -6.4839386640898224 142.13317332856033 -3.798944634426876
T02871 146.08695652173913 -5.142857142857143 147.43204406274404 -3.798944634426876 147.43772968419128 -6.4839386640898224 144.736183359287 -6.4839386640898224 144.74186898073424 -3.798944634426876
T02872 148.69565217391303 -5.142857142857143 150.04073971491795 -3.798944634426877 150.04642533636516 -6.4839386640898224 147.3448790114609 -6.483938664089823 147.35056463290815 -3.798944634426877
T02873 151.30434782608697 -5.142857142857143 152.64943536709188 -3.798944634426876 152.6551209885391 -6.483938664089823 149.95357466363484 -6.4839386640898224 149.95926028508208 -3.798944634426876
T02874 153.91304347826087 -5.142857142857143 155.25813101926582 -3.798944634426875 155.26381664071303 -6.483938664089822 152.56227031580877 -6.4839386640898224 152.56795593725602 -3.798944634426876
T02875 156.52173913043475 -5.142857142857143 157.86682667143967 -3.798944634426877 157.8725122928869 -6.4839386640898224 155.17096596798265 -6.483938664089822 155.17665158942987 -3.798944634426876
T02876 159.1304347826087 -5.142857142857143 160.47552232361363 -3.798944634426876 160.48120794506085 -6.4839386640898224 157.7796616201566 -6.4839386640898224 157.78534724160383 -3.798944634426875
T02877 161.7391304347826 -5.142857142857143 163.0842179757875 -3.798944634426876 163.08990359723475 -6.4839386640898224 160.38835727233047 -6.4839386640898224 160.3940428937777 -3.798944634426876
T02878 164.34782608695653 -5.142857142857143 165.69291362796145 -3.798944634426875 165.69859924940866 -6.483938664089821 162.9970529245044 -6.483938664089821 163.00273854595164 -3.798944634426875
T02879 166.95652173913044 -5.142857142857143 168.30160928013535 -3.798944634426876 168.30729490158257 -6.4839386640898224 165.6057485766783 -6.4839386640898224 165.61143419812555 -3.798944634426875
T02880 169.56521739130434 -5.142857142857143 170.91030493230926 -3.798944634426875 170.91599055375647 -6.483938664089822 168.21444422885222 -6.483938664089822 168.22012985029946 -3.798944634426875
T02881 172.17391304347825 -5.142857142857143 173.5190005844832 -3.798944634426876 173.5246862059304 -6.483938664089822 170.82313988102615 -6.483938664089822 170.8288255024734 -3.798944634426876
T02882 174.78260869565216 -5.142857142857143 176.1276962366571 -3.798944634426876 176.13338185810431 -6.483938664089822 173.43183553320006 -6.483938664089822 173.4375211546473 -3.798944634426876
T02883 177.3913043478261 -5.142857142857143 178.73639188883104 -3.798944634426876 178.74207751027825 -6.483938664089822 176.04053118537396 -6.483938664089822 176.0462168068212 -3.798944634426876
T02884 180.0 -5.142857142857143 181.34508754100492 -3.798944634426876 181.35077316245213 -6.483938664089822 178.64922683754787 -6.4839386640898224 178.6549124589951 -3.798944634426876
T02885 182.6086956521739 -5.142857142857143 183.9537831931788 -3.798944634426876 183.959468814626 -6.483938664089822 181.25792248972178 -6.483938664089822 181.263608111169 -3.798944634426876
T02886 185.21739130434784 -5.142857142857143 186.56247884535276 -3.798944634426877 186.56816446679997 -6.483938664089823 183.86661814189574 -6.4839386640898224 183.87230376334296 -3.798944634426877
T02887 187.82608695652175 -5.142857142857143 189.17117449752666 -3.798944634426876 189.17686011897388 -6.483938664089822 186.47531379406965 -6.483938664089822 186.48099941551686 -3.798944634426876
T02888 190.43478260869563 -5.142857142857143 191.77987014970054 -3.798944634426875 191.78555577114776 -6.4839386640898224 189.08400944624353 -6.483938664089822 189.08969506769074 -3.798944634426875
T02889 193.04347826086956 -5.142857142857143 194.38856580187448 -3.798944634426875 194.3942514233217 -6.483938664089822 191.69270509841746 -6.4839386640898224 191.69839071986468 -3.798944634426875
T02890 195.65217391304347 -5.142857142857143 196.99726145404838 -3.798944634426875 197.0029470754956 -6.483938664089821 194.30140075059134 -6.483938664089822 194.30708637203855 -3.798944634426876
T02891 198.26086956521738 -5.142857142857143 199.60595710622226 -3.798944634426877 199.6116427276695 -6.4839386640898224 196.91009640276525 -6.4839386640898224 196.91578202421246 -3.798944634426877
T02892 200.8695652173913 -5.142857142857143 202.2146527583962 -3.798944634426876 202.2203383798434 -6.4839386640898224 199.51879205493918 -6.483938664089823 199.5244776763864 -3.798944634426876
T02893 203.47826086956522 -5.142857142857143 204.82334841057013 -3.798944634426876 204.82903403201735 -6.483938664089822 202.12748770711312 -6.4839386640898224 202.13317332856033 -3.798944634426877
T02894 206.08695652173913 -5.142857142857143 207.43204406274404 -3.798944634426876 207.43772968419125 -6.4839386640898224 204.73618335928703 -6.4839386640898224 204.74186898073424 -3.798944634426875
T02895 208.69565217391303 -5.142857142857143 210.04073971491795 -3.798944634426875 210.04642533636516 -6.483938664089822 207.34487901146093 -6.4839386640898224 207.35056463290815 -3.798944634426875
T02896 211.30434782608694 -5.142857142857143 212.64943536709185 -3.798944634426876 212.65512098853907 -6.4839386640898224 209.9535746636348 -6.4839386640898224 209.95926028508205 -3.798944634426876
T02897 213.91304347826087 -5.142857142857143 215.25813101926576 -3.798944634426875 215.263816640713 -6.483938664089822 212.56227031580875 -6.4839386640898224 212.56795593725596 -3.798944634426876
T02898 216.52173913043478 -5.142857142857143 217.86682667143967 -3.798944634426876 217.87251229288688 -6.4839386640898224 215.17096596798265 -6.483938664089822 215.17665158942987 -3.798944634426875
T02899 219.13043478260872 -5.142857142857143 220.47552232361363 -3.798944634426875 220.48120794506085 -6.483938664089822 217.7796616201566 -6.483938664089822 217.78534724160383 -3.798944634426875
T02900 221.7391304347826 -5.142857142857143 223.0842179757875 -3.798944634426875 223.08990359723472 -6.4839386640898224 220.3883572723305 -6.483938664089823 220.3940428937777 -3.798944634426877
T02901 224.3478260869565 -5.142857142857143 225.69291362796142 -3.798944634426877 225.69859924940866 -6.483938664089823 222.9970529245044 -6.4839386640898224 223.00273854595162 -3.798944634426876
T02902 226.95652173913044 -5.142857142857143 228.30160928013535 -3.798944634426876 228.30729490158257 -6.4839386640898224 225.6057485766783 -6.4839386640898224 225.61143419812555 -3.798944634426876
T02903 229.56521739130432 -5.142857142857143 230.91030493230923 -3.798944634426875 230.91599055375642 -6.4839386640898224 228.2144442288522 -6.483938664089822 228.22012985029943 -3.798944634426875
T02904 232.17391304347828 -5.142857142857143 233.5190005844832 -3.798944634426877 233.52468620593035 -6.483938664089823 230.82313988102612 -6.483938664089823 230.82882550247334 -3.798944634426877
T02905 234.7826086956522 -5.142857142857143 236.12769623665704 -3.798944634426876 236.13338185810431 -6.4839386640898224 233.43183553320003 -6.483938664089823 233.4375211546473 -3.798944634426876
T02906 237.39130434782606 -5.142857142857143 238.736391888831 -3.798944634426876 238.74207751027822 -6.4839386640898224 236.040531185374 -6.483938664089822 236.04621680682115 -3.798944634426875
T02907 239.99999999999997 -5.142857142857143 241.34508754100486 -3.798944634426876 241.35077316245213 -6.483938664089822 238.64922683754784 -6.483938664089822 238.6549124589951 -3.798944634426876
T02908 242.60869565217388 -5.142857142857143 243.95378319317882 -3.798944634426875 243.95946881462604 -6.483938664089822 241.25792248972178 -6.483938664089822 241.26360811116896 -3.798944634426875
T02909 245.21739130434784 -5.142857142857143 246.56247884535276 -3.798944634426875 246.56816446679997 -6.483938664089822 243.86661814189574 -6.483938664089822 243.8723037633429 -3.798944634426875
T02910 247.82608695652175 -5.142857142857143 249.1711744975266 -3.798944634426875 249.17686011897388 -6.483938664089822 246.4753137940696 -6.483938664089822 246.48099941551686 -3.798944634426876
T02911 250.43478260869566 -5.142857142857143 251.77987014970057 -3.798944634426876 251.78555577114778 -6.4839386640898224 249.0840094462435 -6.4839386640898224 249.0896950676907 -3.798944634426876
T02912 253.04347826086956 -5.142857142857143 254.38856580187442 -3.798944634426875 254.3942514233217 -6.483938664089822 251.6927050984174 -6.483938664089822 251.69839071986468 -3.798944634426875
T02913 255.65217391304344 -5.142857142857143 256.9972614540484 -3.798944634426875 257.00294707549557 -6.483938664089822 254.3014007505913 -6.483938664089822 254.30708637203853 -3.798944634426875
T02914 258.26086956521743 -5.142857142857143 259.6059571062223 -3.798944634426875 259.6116427276696 -6.483938664089822 256.9100964027653 -6.483938664089821 256.9157820242126 -3.798944634426875
T02915 260.8695652173913 -5.142857142857143 262.2146527583962 -3.798944634426875 262.22033837984344 -6.483938664089821 259.5187920549392 -6.483938664089821 259.5244776763864 -3.798944634426875
T02916 263.4782608695652 -5.142857142857143 264.82334841057013 -3.798944634426876 264.8290340320174 -6.4839386640898224 262.12748770711306 -6.4839386640898224 262.1331733285603 -3.798944634426876
T02917 266.0869565217391 -5.142857142857143 267.432044062744 -3.798944634426876 267.43772968419125 -6.4839386640898224 264.736183359287 -6.4839386640898224 264.74186898073424 -3.798944634426876
T02918 268.695652173913 -5.142857142857143 270.04073971491795 -3.798944634426875 270.0464253363652 -6.483938664089822 267.3448790114609 -6.4839386640898224 267.3505646329081 -3.798944634426876
T02919 271.304347826087 -5.142857142857143 272.6494353670919 -3.798944634426876 272.6551209885391 -6.4839386640898224 269.9535746636348 -6.483938664089822 269.95926028508205 -3.798944634426875
T02920 273.9130434782609 -5.142857142857143 275.25813101926576 -3.798944634426876 275.263816640713 -6.4839386640898224 272.56227031580875 -6.4839386640898224 272.567955937256 -3.798944634426876
T02921 276.5217391304348 -5.142857142857143 277.8668266714397 -3.798944634426876 277.872512292887 -6.483938664089822 275.1709659679827 -6.483938664089822 275.17665158943 -3.798944634426875
T02922 279.1304347826087 -5.142857142857143 280.4755223236136 -3.798944634426875 280.4812079450608 -6.483938664089821 277.77966162015656 -6.483938664089821 277.7853472416038 -3.798944634426875
T02923 281.73913043478257 -5.142857142857143 283.0842179757875 -3.798944634426875 283.08990359723475 -6.483938664089821 280.38835727233044 -6.483938664089822 280.3940428937777 -3.798944634426875
T02924 284.3478260869565 -5.142857142857143 285.6929136279614 -3.798944634426875 285.69859924940863 -6.483938664089822 282.9970529245044 -6.4839386640898224 283.0027385459516 -3.798944634426875
T02925 286.95652173913044 -5.142857142857143 288.3016092801353 -3.798944634426875 288.30729490158257 -6.483938664089822 285.6057485766783 -6.483938664089822 285.61143419812555 -3.798944634426876
T02926 289.5652173913044 -5.142857142857143 290.91030493230926 -3.798944634426876 290.91599055375656 -6.483938664089823 288.21444422885224 -6.483938664089823 288.22012985029954 -3.798944634426876
T02927 292.17391304347825 -5.142857142857143 293.51900058448314 -3.798944634426875 293.5246862059304 -6.483938664089822 290.8231398810261 -6.483938664089821 290.82882550247336 -3.798944634426875
T02928 294.7826086956522 -5.142857142857143 296.1276962366571 -3.798944634426875 296.13338185810437 -6.483938664089822 293.43183553320006 -6.483938664089822 293.43752115464736 -3.798944634426875
T02929 297.39130434782606 -5.142857142857143 298.73639188883095 -3.798944634426876 298.7420775102782 -6.483938664089822 296.04053118537394 -6.4839386640898224 296.0462168068212 -3.798944634426876
T02930 300.0 -5.142857142857143 301.3450875410049 -3.798944634426876 301.3507731624522 -6.483938664089822 298.6492268375479 -6.483938664089822 298.6549124589951 -3.798944634426876
T02931 302.60869565217394 -5.142857142857143 303.9537831931788 -3.798944634426875 303.95946881462606 -6.483938664089822 301.25792248972175 -6.483938664089822 301.263608111169 -3.798944634426875
T02932 305.2173913043478 -5.142857142857143 306.5624788453527 -3.798944634426875 306.56816446679994 -6.4839386640898224 303.8666181418957 -6.4839386640898224 303.87230376334287 -3.798944634426876
T02933 307.82608695652175 -5.142857142857143 309.17117449752664 -3.798944634426876 309.17686011897393 -6.4839386640898224 306.4753137940696 -6.4839386640898224 306.4809994155169 -3.798944634426876
T02934 310.4347826086956 -5.142857142857143 311.7798701497005 -3.798944634426876 311.78555577114776 -6.483938664089823 309.0840094462435 -6.4839386640898224 309.0896950676907 -3.798944634426876
T02935 313.0434782608695 -5.142857142857143 314.38856580187445 -3.798944634426877 314.3942514233217 -6.483938664089823 311.6927050984174 -6.4839386640898224 311.6983907198646 -3.798944634426877
T02936 315.6521739130435 -5.142857142857143 316.99726145404844 -3.798944634426876 317.0029470754956 -6.4839386640898224 314.30140075059137 -6.483938664089823 314.30708637203855 -3.798944634426876
T02937 318.2608695652174 -5.142857142857143 319.60595710622226 -3.798944634426876 319.61164272766956 -6.4839386640898224 316.91009640276525 -6.4839386640898224 316.9157820242125 -3.798944634426876
T02938 320.8695652173913 -5.142857142857143 322.2146527583962 -3.798944634426875 322.22033837984344 -6.483938664089822 319.5187920549391 -6.4839386640898224 319.52447767638637 -3.798944634426875
T02939 323.4782608695652 -5.142857142857143 324.8233484105701 -3.798944634426876 324.8290340320173 -6.483938664089822 322.12748770711306 -6.4839386640898224 322.13317332856025 -3.798944634426876
T02940 326.0869565217391 -5.142857142857143 327.432044062744 -3.798944634426876 327.4377296841913 -6.4839386640898224 324.736183359287 -6.4839386640898224 324.7418689807343 -3.798944634426876
T02941 328.69565217391306 -5.142857142857143 330.040739714918 -3.798944634426876 330.0464253363652 -6.4839386640898224 327.34487901146093 -6.483938664089823 327.3505646329081 -3.798944634426876
T02942 331.30434782608694 -5.142857142857143 332.6494353670919 -3.798944634426875 332.6551209885391 -6.483938664089822 329.9535746636348 -6.4839386640898224 329.9592602850821 -3.798944634426875
T02943 333.9130434782609 -5.142857142857143 335.2581310192658 -3.798944634426875 335.263816640713 -6.483938664089822 332.56227031580875 -6.4839386640898224 332.56795593725593 -3.798944634426875
T02944 336.52173913043475 -5.142857142857143 337.86682667143964 -3.798944634426876 337.8725122928869 -6.4839386640898224 335.1709659679826 -6.483938664089822 335.17665158942987 -3.798944634426876
T02945 339.1304347826087 -5.142857142857143 340.4755223236136 -3.798944634426875 340.4812079450608 -6.4839386640898224 337.7796616201565 -6.4839386640898224 337.7853472416038 -3.798944634426876
T02946 341.7391304347826 -5.142857142857143 343.08421797578757 -3.798944634426877 343.08990359723475 -6.4839386640898224 340.3883572723305 -6.4839386640898224 340.3940428937777 -3.798944634426877
T02947 344.3478260869565 -5.142857142857143 345.69291362796145 -3.798944634426875 345.6985992494087 -6.483938664089821 342.9970529245044 -6.483938664089821 343.0027385459517 -3.798944634426875
T02948 346.95652173913044 -5.142857142857143 348.3016092801354 -3.798944634426876 348.30729490158257 -6.4839386640898224 345.6057485766783 -6.4839386640898224 345.6114341981255 -3.798944634426875
T02949 349.5652173913043 -5.142857142857143 350.91030493230926 -3.798944634426875 350.9159905537565 -6.483938664089822 348.2144442288522 -6.483938664089822 348.22012985029943 -3.798944634426875
T02950 352.17391304347825 -5.142857142857143 353.51900058448314 -3.798944634426876 353.5246862059304 -6.4839386640898224 350.82313988102607 -6.4839386640898224 350.8288255024733 -3.798944634426876
T02951 354.7826086956522 -5.142857142857143 356.1276962366571 -3.798944634426876 356.1333818581043 -6.483938664089822 353.43183553320006 -6.4839386640898224 353.43752115464724 -3.798944634426876
T02952 357.3913043478261 -5.142857142857143 358.736391888831 -3.798944634426876 358.7420775102783 -6.483938664089822 356.040531185374 -6.4839386640898224 356.04621680682123 -3.798944634426877
T02953 0.0 -2.5714285714285716 1.342439910867762 -1.2282229971460725 1.3452684147691856 -3.913221510577802 358.6547315852309 -3.913221510577802 358.6575600891323 -1.2282229971460725
T02954 2.5899280575539567 -2.5714285714285716 3.932367968421719 -1.2282229971460725 3.935196472323143 -3.9132215105778028 1.2446596427847985 -3.9132215105778028 1.2474881466862222 -1.2282229971460725
T02955 5.179856115107913 -2.5714285714285716 6.522296025975676 -1.2282229971460725 6.525124529877099 -3.913221510577802 3.834587700338755 -3.913221510577802 3.8374162042401787 -1.2282229971460725
T02956 7.76978417266187 -2.5714285714285716 9.112224083529632 -1.2282229971460725 9.115052587431057 -3.9132215105778028 6.424515757892713 -3.9132215105778028 6.427344261794135 -1.2282229971460725
T02957 10.359712230215827 -2.5714285714285716 11.702152141083591 -1.2282229971460725 11.704980644985016 -3.9132215105778028 9.014443815446672 -3.9132215105778028 9.017272319348093 -1.2282229971460725
T02958 12.949640287769785 -2.5714285714285716 14.292080198637548 -1.2282229971460725 14.29490870253897 -3.9132215105778028 11.604371873000625 -3.913221510577802 11.607200376902052 -1.2282229971460725
T02959 15.53956834532374 -2.5714285714285716 16.8820082561915 -1.2282229971460725 16.884836760092927 -3.9132215105778028 14.194299930554584 -3.9132215105778028 14.197128434456005 -1.2282229971460725
T02960 18.1294964028777 -2.5714285714285716 19.471936313745456 -1.2282229971460723 19.474764817646882 -3.913221510577802 16.78422798810854 -3.913221510577802 16.78705649200996 -1.2282229971460725
T02961 20.719424460431654 -2.5714285714285716 22.061864371299418 -1.2282229971460725 22.06469287520084 -3.913221510577802 19.3741560456625 -3.9132215105778028 19.37698454956392 -1.2282229971460725
T02962 23.309352517985612 -2.5714285714285716 24.651792428853373 -1.2282229971460723 24.6546209327548 -3.913221510577802 21.964084103216454 -3.913221510577802 21.966912607117877 -1.2282229971460723
T02963 25.89928057553957 -2.5714285714285716 27.241720486407335 -1.2282229971460725 27.244548990308758 -3.9132215105778028 24.554012160770416 -3.9132215105778028 24.55684066467184 -1.2282229971460725
T02964 28.489208633093526 -2.5714285714285716 29.831648543961283 -1.2282229971460725 29.834477047862705 -3.913221510577802 27.143940218324364 -3.913221510577802 27.14676872222579 -1.2282229971460725
T02965 31.07913669064748 -2.5714285714285716 32.42157660151524 -1.2282229971460727 32.42440510541666 -3.9132215105778028 29.733868275878315 -3.9132215105778028 29.73669677977974 -1.2282229971460725
T02966 33.669064748201436 -2.5714285714285716 35.0115046590692 -1.2282229971460725 35.01433316297062 -3.9132215105778028 32.323796333432284 -3.9132215105778028 32.3266248373337 -1.2282229971460725
T02967 36.2589928057554 -2.5714285714285716 37.60143271662317 -1.2282229971460725 37.60426122052459 -3.9132215105778028 34.913724390986246 -3.9132215105778028 34.91655289488767 -1.2282229971460725
T02968 38.84892086330935 -2.5714285714285716 40.19136077417713 -1.2282229971460725 40.19418927807855 -3.9132215105778028 37.5036524485402 -3.9132215105778028 37.50648095244163 -1.2282229971460725
T02969 41.43884892086331 -2.5714285714285716 42.781288831731075 -1.2282229971460725 42.784117335632494 -3.9132215105778028 40.093580506094156 -3.9132215105778028 40.096409009995575 -1.2282229971460725
T02970 44.02877697841727 -2.5714285714285716 45.37121688928504 -1.2282229971460725 45.37404539318646 -3.9132215105778028 42.68350856364811 -3.9132215105778028 42.68633706754954 -1.2282229971460725
T02971 46.618705035971225 -2.5714285714285716 47.96114494683898 -1.2282229971460725 47.96397345074041 -3.913221510577802 45.273436621202066 -3.913221510577802 45.276265125103485 -1.2282229971460725
T02972 49.20863309352519 -2.5714285714285716 50.55107300439295 -1.2282229971460725 50.55390150829437 -3.9132215105778028 47.863364678756014 -3.9132215105778028 47.86619318265745 -1.2282229971460725
T02973 51.79856115107914 -2.5714285714285716 53.141001061946895 -1.2282229971460725 53.14382956584833 -3.9132215105778028 50.453292736309976 -3.9132215105778028 50.4561212402114 -1.2282229971460725
T02974 54.388489208633096 -2.5714285714285716 55.73092911950085 -1.2282229971460723 55.733757623402276 -3.913221510577802 53.04322079386394 -3.913221510577802 53.04604929776536 -1.2282229971460723
T02975 56.97841726618705 -2.5714285714285716 58.32085717705481 -1.2282229971460723 58.32368568095624 -3.913221510577802 55.63314885141789 -3.9132215105778028 55.63597735531931 -1.2282229971460725
T02976 59.568345323741006 -2.5714285714285716 60.91078523460876 -1.2282229971460725 60.91361373851018 -3.913221510577802 58.223076908971834 -3.913221510577802 58.22590541287327 -1.2282229971460725
T02977 62.15827338129496 -2.5714285714285716 63.50071329216273 -1.2282229971460725 63.50354179606415 -3.9132215105778028 60.8130049665258 -3.9132215105778028 60.81583347042722 -1.2282229971460725
T02978 64.74820143884892 -2.5714285714285716 66.09064134971668 -1.2282229971460725 66.0934698536181 -3.9132215105778028 63.40293302407976 -3.9132215105778028 63.40576152798118 -1.2282229971460727
T02979 67.33812949640287 -2.5714285714285716 68.68056940727064 -1.2282229971460725 68.68339791117207 -3.913221510577802 65.99286108163372 -3.913221510577802 65.99568958553513 -1.2282229971460725
T02980 69.92805755395685 -2.5714285714285716 71.2704974648246 -1.2282229971460725 71.27332596872603 -3.913221510577802 68.58278913918768 -3.913221510577802 68.58561764308911 -1.2282229971460725
T02981 72.5179856115108 -2.5714285714285716 73.86042552237856 -1.2282229971460725 73.86325402627999 -3.913221510577802 71.17271719674164 -3.9132215105778028 71.17554570064306 -1.2282229971460725
T02982 75.10791366906476 -2.5714285714285716 76.45035357993252 -1.2282229971460725 76.45318208383394 -3.9132215105778028 73.76264525429559 -3.9132215105778028 73.76547375819703 -1.2282229971460725
T02983 77.6978417266187 -2.5714285714285716 79.04028163748647 -1.2282229971460725 79.0431101413879 -3.913221510577802 76.35257331184955 -3.913221510577802 76.35540181575097 -1.2282229971460725
T02984 80.28776978417267 -2.5714285714285716 81.63020969504043 -1.2282229971460725 81.63303819894185 -3.9132215105778028 78.9425013694035 -3.9132215105778028 78.94532987330493 -1.2282229971460725
T02985 82.87769784172662 -2.5714285714285716 84.22013775259438 -1.2282229971460725 84.22296625649581 -3.9132215105778028 81.53242942695746 -3.9132215105778028 81.53525793085888 -1.2282229971460725
T02986 85.46762589928058 -2.5714285714285716 86.81006581014834 -1.2282229971460725 86.81289431404976 -3.9132215105778028 84.12235748451141 -3.9132215105778028 84.12518598841284 -1.2282229971460727
T02987 88.05755395683454 -2.5714285714285716 89.3999938677023 -1.2282229971460725 89.40282237160373 -3.913221510577802 86.71228554206539 -3.9132215105778028 86.7151140459668 -1.2282229971460725
T02988 90.64748201438849 -2.5714285714285716 91.98992192525625 -1.2282229971460723 91.99275042915768 -3.913221510577802 89.30221359961932 -3.9132215105778028 89.30504210352075 -1.2282229971460725
T02989 93.23741007194245 -2.5714285714285716 94.57984998281022 -1.2282229971460725 94.58267848671164 -3.9132215105778028 91.8921416571733 -3.9132215105778028 91.89497016107472 -1.2282229971460725
T02990 95.8273381294964 -2.5714285714285716 97.16977804036416 -1.2282229971460725 97.17260654426559 -3.9132215105778028 94.48206971472725 -3.9132215105778028 94.48489821862866 -1.2282229971460727
T02991 98.41726618705037 -2.5714285714285716 99.75970609791814 -1.2282229971460725 99.76253460181957 -3.913221510577802 97.07199777228122 -3.913221510577802 97.07482627618265 -1.2282229971460725
T02992 101.00719424460432 -2.5714285714285716 102.34963415547209 -1.2282229971460725 102.35246265937351 -3.913221510577802 99.66192582983517 -3.913221510577802 99.66475433373658 -1.2282229971460725
T02993 103.59712230215828 -2.5714285714285716 104.93956221302605 -1.2282229971460727 104.94239071692746 -3.9132215105778028 102.25185388738912 -3.9132215105778028 102.25468239129054 -1.2282229971460727
T02994 106.18705035971223 -2.5714285714285716 107.52949027057998 -1.2282229971460723 107.53231877448142 -3.913221510577802 104.84178194494308 -3.9132215105778028 104.84461044884449 -1.2282229971460725
T02995 108.77697841726619 -2.5714285714285716 110.11941832813396 -1.2282229971460725 110.12224683203537 -3.9132215105778028 107.43171000249703 -3.9132215105778028 107.43453850639845 -1.2282229971460725
T02996 111.36690647482014 -2.5714285714285716 112.70934638568791 -1.2282229971460723 112.71217488958933 -3.913221510577802 110.02163806005099 -3.913221510577802 110.0244665639524 -1.2282229971460723
T02997 113.9568345323741 -2.5714285714285716 115.29927444324186 -1.2282229971460725 115.3021029471433 -3.9132215105778028 112.61156611760494 -3.9132215105778028 112.61439462150636 -1.2282229971460725
T02998 116.54676258992806 -2.5714285714285716 117.88920250079583 -1.2282229971460723 117.89203100469723 -3.913221510577802 115.20149417515891 -3.913221510577802 115.20432267906033 -1.2282229971460725
T02999 119.13669064748201 -2.5714285714285716 120.47913055834977 -1.2282229971460723 120.48195906225119 -3.913221510577802 117.79142223271286 -3.9132215105778028 117.79425073661429 -1.2282229971460725
T03000 121.72661870503597 -2.5714285714285716 123.06905861590373 -1.2282229971460725 123.07188711980514 -3.9132215105778028 120.38135029026682 -3.9132215105778028 120.38417879416822 -1.2282229971460725
T03001 124.31654676258992 -2.5714285714285716 125.65898667345768 -1.2282229971460725 125.66181517735913 -3.9132215105778028 122.97127834782077 -3.9132215105778028 122.97410685172217 -1.2282229971460725
T03002 126.90647482014388 -2.5714285714285716 128.24891473101164 -1.2282229971460725 128.25174323491308 -3.913221510577802 125.56120640537473 -3.913221510577802 125.56403490927616 -1.2282229971460725
T03003 129.49640287769785 -2.5714285714285716 130.8388427885656 -1.2282229971460723 130.841671292467 -3.913221510577802 128.1511344629287 -3.913221510577802 128.15396296683008 -1.2282229971460723
T03004 132.0863309352518 -2.5714285714285716 133.42877084611956 -1.2282229971460725 133.431599350021 -3.9132215105778028 130.74106252048264 -3.9132215105778028 130.74389102438406 -1.2282229971460725
T03005 134.67625899280574 -2.5714285714285716 136.0186989036735 -1.2282229971460725 136.02152740757495 -3.9132215105778028 133.33099057803656 -3.9132215105778028 133.333819081938 -1.2282229971460725
T03006 137.2661870503597 -2.5714285714285716 138.60862696122746 -1.2282229971460725 138.61145546512887 -3.9132215105778028 135.92091863559054 -3.913221510577802 135.92374713949198 -1.2282229971460725
T03007 139.8561151079137 -2.5714285714285716 141.19855501878143 -1.2282229971460725 141.20138352268285 -3.9132215105778028 138.51084669314452 -3.9132215105778028 138.51367519704596 -1.2282229971460725
T03008 142.44604316546764 -2.5714285714285716 143.7884830763354 -1.2282229971460725 143.79131158023685 -3.9132215105778028 141.1007747506985 -3.9132215105778028 141.1036032545999 -1.2282229971460725
T03009 145.0359712230216 -2.5714285714285716 146.37841113388936 -1.2282229971460725 146.3812396377908 -3.9132215105778028 143.69070280825244 -3.9132215105778028 143.69353131215388 -1.2282229971460725
T03010 147.62589928057557 -2.5714285714285716 148.96833919144333 -1.2282229971460725 148.97116769534475 -3.913221510577802 146.28063086580642 -3.9132215105778028 146.28345936970786 -1.2282229971460725
T03011 150.21582733812951 -2.5714285714285716 151.55826724899725 -1.2282229971460725 151.5610957528987 -3.913221510577802 148.87055892336033 -3.913221510577802 148.87338742726178 -1.2282229971460725
T03012 152.80575539568346 -2.5714285714285716 154.1481953065512 -1.2282229971460725 154.15102381045264 -3.9132215105778028 151.46048698091428 -3.9132215105778028 151.46331548481575 -1.2282229971460725
T03013 155.3956834532374 -2.5714285714285716 156.7381233641052 -1.2282229971460725 156.74095186800662 -3.913221510577802 154.05041503846826 -3.913221510577802 154.0532435423697 -1.2282229971460725
T03014 157.9856115107914 -2.5714285714285716 159.32805142165915 -1.2282229971460725 159.33087992556057 -3.913221510577802 156.64034309602226 -3.913221510577802 156.64317159992368 -1.2282229971460725
T03015 160.57553956834533 -2.5714285714285716 161.91797947921307 -1.2282229971460725 161.9208079831145 -3.9132215105778028 159.23027115357615 -3.9132215105778028 159.2330996574776 -1.2282229971460725
T03016 163.16546762589928 -2.5714285714285716 164.50790753676705 -1.2282229971460725 164.51073604066846 -3.9132215105778028 161.82019921113013 -3.9132215105778028 161.82302771503157 -1.2282229971460725
T03017 165.75539568345323 -2.5714285714285716 167.09783559432103 -1.2282229971460723 167.10066409822244 -3.913221510577802 164.4101272686841 -3.913221510577802 164.41295577258552 -1.2282229971460723
T03018 168.3453237410072 -2.5714285714285716 169.68776365187497 -1.2282229971460725 169.6905921557764 -3.9132215105778028 167.00005532623805 -3.9132215105778028 167.00288383013947 -1.2282229971460725
T03019 170.93525179856115 -2.5714285714285716 172.2776917094289 -1.2282229971460723 172.28052021333036 -3.913221510577802 169.589983383792 -3.9132215105778028 169.59281188769341 -1.2282229971460725
T03020 173.5251798561151 -2.5714285714285716 174.86761976698287 -1.2282229971460725 174.87044827088428 -3.9132215105778028 172.17991144134595 -3.9132215105778028 172.1827399452474 -1.2282229971460727
T03021 176.11510791366908 -2.5714285714285716 177.45754782453685 -1.2282229971460725 177.46037632843826 -3.9132215105778028 174.76983949889996 -3.9132215105778028 174.77266800280137 -1.2282229971460725
T03022 178.70503597122303 -2.5714285714285716 180.04747588209077 -1.2282229971460725 180.0503043859922 -3.9132215105778028 177.35976755645387 -3.9132215105778028 177.3625960603553 -1.2282229971460725
T03023 181.29496402877697 -2.5714285714285716 182.63740393964474 -1.2282229971460725 182.64023244354615 -3.9132215105778028 179.94969561400782 -3.9132215105778028 179.95252411790926 -1.2282229971460725
T03024 183.88489208633092 -2.5714285714285716 185.2273319971987 -1.2282229971460725 185.2301605011001 -3.9132215105778028 182.53962367156177 -3.9132215105778028 182.54245217546318 -1.2282229971460727
T03025 186.4748201438849 -2.5714285714285716 187.81726005475267 -1.2282229971460727 187.82008855865408 -3.9132215105778028 185.12955172911575 -3.9132215105778028 185.13238023301716 -1.2282229971460727
T03026 189.06474820143885 -2.5714285714285716 190.40718811230659 -1.2282229971460725 190.41001661620803 -3.9132215105778028 187.71947978666967 -3.9132215105778028 187.7223082905711 -1.2282229971460725
T03027 191.6546762589928 -2.5714285714285716 192.99711616986056 -1.2282229971460725 192.99994467376197 -3.9132215105778028 190.3094078442236 -3.9132215105778028 190.31223634812505 -1.2282229971460725
T03028 194.24460431654677 -2.5714285714285716 195.58704422741454 -1.2282229971460725 195.58987273131595 -3.913221510577802 192.89933590177762 -3.913221510577802 192.90216440567903 -1.2282229971460725
T03029 196.83453237410075 -2.5714285714285716 198.1769722849685 -1.2282229971460725 198.17980078886993 -3.9132215105778028 195.4892639593316 -3.9132215105778028 195.492092463233 -1.2282229971460725
T03030 199.4244604316547 -2.5714285714285716 200.76690034252243 -1.2282229971460725 200.76972884642387 -3.9132215105778028 198.07919201688551 -3.9132215105778028 198.08202052078695 -1.2282229971460725
T03031 202.01438848920864 -2.5714285714285716 203.3568284000764 -1.2282229971460725 203.35965690397782 -3.9132215105778028 200.66912007443946 -3.913221510577802 200.6719485783409 -1.2282229971460725
T03032 204.60431654676262 -2.5714285714285716 205.94675645763039 -1.2282229971460725 205.9495849615318 -3.913221510577802 203.25904813199347 -3.913221510577802 203.26187663589488 -1.2282229971460725
T03033 207.19424460431657 -2.5714285714285716 208.5366845151843 -1.2282229971460725 208.53951301908575 -3.9132215105778028 205.8489761895474 -3.9132215105778028 205.8518046934488 -1.2282229971460725
T03034 209.7841726618705 -2.5714285714285716 211.12661257273825 -1.2282229971460725 211.1294410766397 -3.9132215105778028 208.43890424710133 -3.9132215105778028 208.44173275100277 -1.2282229971460725
T03035 212.37410071942446 -2.5714285714285716 213.71654063029223 -1.2282229971460725 213.71936913419364 -3.9132215105778028 211.0288323046553 -3.9132215105778028 211.03166080855672 -1.2282229971460725
T03036 214.96402877697844 -2.5714285714285716 216.3064686878462 -1.2282229971460725 216.30929719174762 -3.913221510577802 213.6187603622093 -3.913221510577802 213.6215888661107 -1.2282229971460725
T03037 217.55395683453239 -2.5714285714285716 218.89639674540012 -1.2282229971460725 218.89922524930157 -3.913221510577802 216.2086884197632 -3.913221510577802 216.21151692366462 -1.2282229971460725
T03038 220.14388489208633 -2.5714285714285716 221.4863248029541 -1.2282229971460725 221.4891533068555 -3.913221510577802 218.79861647731715 -3.913221510577802 218.8014449812186 -1.2282229971460725
T03039 222.73381294964028 -2.5714285714285716 224.07625286050805 -1.2282229971460725 224.07908136440946 -3.913221510577802 221.38854453487113 -3.9132215105778028 221.39137303877254 -1.2282229971460725
T03040 225.32374100719426 -2.5714285714285716 226.666180918062 -1.2282229971460725 226.6690094219634 -3.9132215105778028 223.97847259242508 -3.9132215105778028 223.9813010963265 -1.2282229971460725
T03041 227.9136690647482 -2.5714285714285716 229.25610897561594 -1.2282229971460725 229.25893747951736 -3.9132215105778028 226.56840064997903 -3.9132215105778028 226.57122915388047 -1.2282229971460725
T03042 230.50359712230215 -2.5714285714285716 231.84603703316995 -1.2282229971460723 231.84886553707136 -3.913221510577802 229.158328707533 -3.913221510577802 229.1611572114344 -1.2282229971460723
T03043 233.09352517985613 -2.5714285714285716 234.43596509072384 -1.2282229971460725 234.43879359462525 -3.9132215105778028 231.74825676508698 -3.9132215105778028 231.7510852689884 -1.2282229971460725
T03044 235.68345323741008 -2.5714285714285716 237.02589314827785 -1.2282229971460725 237.02872165217929 -3.9132215105778028 234.33818482264087 -3.913221510577802 234.3410133265423 -1.2282229971460725
T03045 238.27338129496403 -2.5714285714285716 239.61582120583176 -1.2282229971460723 239.61864970973318 -3.913221510577802 236.92811288019487 -3.913221510577802 236.93094138409631 -1.2282229971460723
T03046 240.86330935251797 -2.5714285714285716 242.20574926338577 -1.2282229971460725 242.20857776728718 -3.913221510577802 239.5180409377488 -3.913221510577802 239.5208694416502 -1.2282229971460723
T03047 243.45323741007195 -2.5714285714285716 244.79567732093966 -1.2282229971460725 244.7985058248411 -3.913221510577802 242.1079689953028 -3.913221510577802 242.1107974992042 -1.2282229971460725
T03048 246.0431654676259 -2.5714285714285716 247.38560537849366 -1.2282229971460723 247.3884338823951 -3.913221510577802 244.6978970528567 -3.913221510577802 244.70072555675813 -1.2282229971460723
T03049 248.63309352517985 -2.5714285714285716 249.97553343604758 -1.2282229971460723 249.978361939949 -3.913221510577802 247.2878251104107 -3.913221510577802 247.29065361431213 -1.2282229971460725
T03050 251.2230215827338 -2.5714285714285716 252.5654614936016 -1.2282229971460725 252.568289997503 -3.9132215105778028 249.8777531679646 -3.913221510577802 249.88058167186603 -1.2282229971460725
T03051 253.81294964028777 -2.5714285714285716 255.15538955115548 -1.2282229971460723 255.15821805505692 -3.913221510577802 252.46768122551862 -3.913221510577802 252.47050972942003 -1.2282229971460725
T03052 256.40287769784175 -2.5714285714285716 257.7453176087095 -1.2282229971460725 257.7481461126109 -3.913221510577802 255.05760928307262 -3.913221510577802 255.06043778697403 -1.2282229971460725
T03053 258.9928057553957 -2.5714285714285716 260.3352456662634 -1.2282229971460725 260.3380741701648 -3.913221510577802 257.6475373406265 -3.913221510577802 257.6503658445279 -1.2282229971460725
T03054 261.58273381294964 -2.5714285714285716 262.9251737238174 -1.2282229971460725 262.9280022277188 -3.9132215105778028 260.2374653981804 -3.9132215105778028 260.2402939020819 -1.2282229971460727
T03055 264.1726618705036 -2.5714285714285716 265.5151017813713 -1.2282229971460725 265.5179302852727 -3.913221510577802 262.82739345573447 -3.9132215105778028 262.8302219596359 -1.2282229971460725
T03056 266.76258992805754 -2.5714285714285716 268.1050298389253 -1.2282229971460725 268.1078583428267 -3.913221510577802 265.41732151328836 -3.913221510577802 265.42015001718977 -1.2282229971460725
T03057 269.3525179856115 -2.5714285714285716 270.6949578964792 -1.2282229971460725 270.69778640038066 -3.9132215105778028 268.00724957084236 -3.913221510577802 268.0100780747438 -1.2282229971460723
T03058 271.94244604316543 -2.5714285714285716 273.28488595403326 -1.2282229971460725 273.28771445793467 -3.913221510577802 270.59717762839625 -3.913221510577802 270.60000613229766 -1.2282229971460725
T03059 274.5323741007194 -2.5714285714285716 275.87481401158715 -1.2282229971460725 275.87764251548856 -3.9132215105778028 273.18710568595026 -3.913221510577802 273.18993418985167 -1.2282229971460725
T03060 277.12230215827344 -2.5714285714285716 278.46474206914127 -1.2282229971460725 278.4675705730427 -3.913221510577802 275.77703374350426 -3.913221510577802 275.7798622474057 -1.2282229971460725
T03061 279.7122302158274 -2.5714285714285716 281.05467012669516 -1.2282229971460725 281.05749863059657 -3.9132215105778028 278.36696180105815 -3.9132215105778028 278.3697903049596 -1.2282229971460725
T03062 282.30215827338134 -2.5714285714285716 283.64459818424905 -1.2282229971460725 283.64742668815046 -3.913221510577802 280.95688985861216 -3.9132215105778028 280.9597183625136 -1.2282229971460725
T03063 284.8920863309353 -2.5714285714285716 286.23452624180305 -1.2282229971460725 286.23735474570447 -3.913221510577802 283.5468179161661 -3.9132215105778028 283.5496464200675 -1.2282229971460725
T03064 287.48201438848923 -2.5714285714285716 288.82445429935694 -1.2282229971460725 288.8272828032584 -3.913221510577802 286.1367459737201 -3.913221510577802 286.1395744776215 -1.2282229971460725
T03065 290.0719424460432 -2.5714285714285716 291.41438235691095 -1.2282229971460727 291.4172108608124 -3.9132215105778028 288.726674031274 -3.9132215105778028 288.7295025351754 -1.2282229971460727
T03066 292.66187050359713 -2.5714285714285716 294.0043104144649 -1.2282229971460725 294.0071389183663 -3.9132215105778028 291.316602088828 -3.9132215105778028 291.3194305927294 -1.2282229971460725
T03067 295.25179856115113 -2.5714285714285716 296.5942384720189 -1.2282229971460725 296.5970669759203 -3.9132215105778028 293.906530146382 -3.913221510577802 293.9093586502834 -1.2282229971460725
T03068 297.8417266187051 -2.5714285714285716 299.1841665295729 -1.2282229971460725 299.1869950334743 -3.9132215105778028 296.4964582039359 -3.9132215105778028 296.4992867078373 -1.2282229971460725
T03069 300.43165467625903 -2.5714285714285716 301.7740945871268 -1.2282229971460725 301.7769230910282 -3.913221510577802 299.0863862614898 -3.9132215105778028 299.0892147653913 -1.2282229971460725
T03070 303.021582733813 -2.5714285714285716 304.3640226446807 -1.2282229971460725 304.3668511485821 -3.9132215105778028 301.6763143190438 -3.9132215105778028 301.67914282294527 -1.2282229971460725
T03071 305.6115107913669 -2.5714285714285716 306.9539507022347 -1.2282229971460725 306.9567792061361 -3.913221510577802 304.26624237659775 -3.913221510577802 304.2690708804992 -1.2282229971460725
T03072 308.2014388489209 -2.5714285714285716 309.5438787597886 -1.2282229971460723 309.54670726369005 -3.9132215105778028 306.85617043415175 -3.9132215105778028 306.85899893805316 -1.2282229971460723
T03073 310.7913669064748 -2.5714285714285716 312.1338068173426 -1.2282229971460725 312.13663532124406 -3.9132215105778028 309.44609849170564 -3.9132215105778028 309.44892699560705 -1.2282229971460727
T03074 313.38129496402877 -2.5714285714285716 314.72373487489654 -1.2282229971460725 314.72656337879795 -3.913221510577802 312.0360265492596 -3.913221510577802 312.03885505316106 -1.2282229971460725
T03075 315.9712230215828 -2.5714285714285716 317.31366293245054 -1.2282229971460725 317.31649143635195 -3.913221510577802 314.62595460681365 -3.9132215105778028 314.62878311071506 -1.2282229971460725
T03076 318.5611510791367 -2.5714285714285716 319.90359099000443 -1.2282229971460725 319.90641949390584 -3.9132215105778028 317.21588266436754 -3.9132215105778028 317.21871116826895 -1.2282229971460725
T03077 321.15107913669067 -2.5714285714285716 322.4935190475584 -1.2282229971460725 322.49634755145985 -3.913221510577802 319.8058107219215 -3.913221510577802 319.8086392258229 -1.2282229971460725
T03078 323.7410071942446 -2.5714285714285716 325.0834471051123 -1.2282229971460725 325.08627560901374 -3.913221510577802 322.3957387794755 -3.9132215105778028 322.3985672833769 -1.2282229971460725
T03079 326.33093525179856 -2.5714285714285716 327.6733751626663 -1.2282229971460725 327.67620366656774 -3.9132215105778028 324.9856668370294 -3.9132215105778028 324.9884953409308 -1.2282229971460725
T03080 328.9208633093525 -2.5714285714285716 330.2633032202203 -1.2282229971460725 330.26613172412175 -3.913221510577802 327.5755948945834 -3.9132215105778028 327.5784233984848 -1.2282229971460725
T03081 331.51079136690646 -2.5714285714285716 332.8532312777742 -1.2282229971460725 332.8560597816757 -3.913221510577802 330.16552295213734 -3.913221510577802 330.16835145603875 -1.2282229971460725
T03082 334.10071942446046 -2.5714285714285716 335.44315933532823 -1.2282229971460723 335.44598783922964 -3.913221510577802 332.7554510096913 -3.913221510577802 332.75827951359275 -1.2282229971460723
T03083 336.6906474820144 -2.5714285714285716 338.0330873928822 -1.2282229971460725 338.0359158967836 -3.9132215105778028 335.3453790672452 -3.9132215105778028 335.34820757114665 -1.2282229971460725
T03084 339.28057553956836 -2.5714285714285716 340.62301545043607 -1.2282229971460725 340.6258439543375 -3.913221510577802 337.9353071247992 -3.913221510577802 337.93813562870065 -1.2282229971460725
T03085 341.8705035971223 -2.5714285714285716 343.2129435079901 -1.2282229971460725 343.2157720118915 -3.913221510577802 340.5252351823532 -3.913221510577802 340.5280636862546 -1.2282229971460725
T03086 344.46043165467626 -2.5714285714285716 345.80287156554397 -1.2282229971460725 345.80570006944544 -3.9132215105778028 343.11516323990713 -3.9132215105778028 343.11799174380855 -1.2282229971460725
T03087 347.0503597122302 -2.5714285714285716 348.39279962309797 -1.2282229971460725 348.3956281269994 -3.913221510577802 345.7050912974611 -3.913221510577802 345.7079198013625 -1.2282229971460725
T03088 349.64028776978415 -2.5714285714285716 350.9827276806519 -1.2282229971460725 350.98555618455333 -3.913221510577802 348.29501935501503 -3.913221510577802 348.29784785891644 -1.2282229971460723
T03089 352.23021582733816 -2.5714285714285716 353.5726557382059 -1.2282229971460725 353.57548424210734 -3.9132215105778028 350.88494741256903 -3.9132215105778028 350.88777591647045 -1.2282229971460725
T03090 354.8201438848921 -2.5714285714285716 356.1625837957598 -1.2282229971460725 356.1654122996612 -3.913221510577802 353.4748754701229 -3.913221510577802 353.47770397402434 -1.2282229971460725
T03091 357.41007194244605 -2.5714285714285716 358.75251185331376 -1.2282229971460725 358.7553403572152 -3.913221510577802 356.0648035276769 -3.913221510577802 356.06763203157834 -1.2282229971460725
T03092 0.0 0.0 1.3425 1.3425 1.3425 -1.3425 358.6575 -1.3425 358.6575 1.3425
T03093 2.5899280575539567 0.0 3.9324280575539574 1.3425 3.9324280575539574 -1.3425 1.2474280575539844 -1.3425 1.2474280575539844 1.3425
T03094 5.179856115107913 0.0 6.522356115107913 1.3424999999999998 6.522356115107913 -1.3424999999999998 3.8373561151079407 -1.3425 3.8373561151079407 1.3425
T03095 7.76978417266187 0.0 9.112284172661871 1.3425 9.112284172661871 -1.3425 6.427284172661899 -1.3425 6.427284172661899 1.3425
T03096 10.359712230215827 0.0 11.702212230215828 1.3425 11.702212230215828 -1.3425 9.017212230215858 -1.3425 9.017212230215858 1.3425
T03097 12.949640287769785 0.0 14.292140287769785 1.3425 14.292140287769785 -1.3425 11.607140287769813 -1.3425 11.607140287769813 1.3425
T03098 15.53956834532374 0.0 16.88206834532374 1.3425 16.88206834532374 -1.3425 14.19706834532377 -1.3425 14.19706834532377 1.3425
T03099 18.1294964028777 0.0 19.4719964028777 1.3425 19.4719964028777 -1.3425 16.78699640287773 -1.3425 16.78699640287773 1.3425
T03100 20.719424460431654 0.0 22.061924460431655 1.3425 22.061924460431655 -1.3425 19.376924460431685 -1.3425 19.376924460431685 1.3425
T03101 23.309352517985612 0.0 24.651852517985613 1.3424999999999998 24.651852517985613 -1.3424999999999998 21.96685251798564 -1.3424999999999998 21.96685251798564 1.3424999999999998
T03102 25.89928057553957 0.0 27.241780575539572 1.3425 27.241780575539572 -1.3425 24.556780575539598 -1.3425 24.556780575539598 1.3425
T03103 28.489208633093526 0.0 29.831708633093523 1.3424999999999998 29.831708633093523 -1.3424999999999998 27.146708633093557 -1.3425 27.146708633093557 1.3425
T03104 31.07913669064748 0.0 32.42163669064748 1.3425 32.42163669064748 -1.3425 29.736636690647508 -1.3425 29.736636690647508 1.3425
T03105 33.669064748201436 0.0 35.01156474820144 1.3424999999999998 35.01156474820144 -1.3424999999999998 32.32656474820147 -1.3424999999999998 32.32656474820147 1.3424999999999998
T03106 36.2589928057554 0.0 37.60149280575541 1.3425 37.60149280575541 -1.3425 34.91649280575543 -1.3425 34.91649280575543 1.3425
T03107 38.84892086330935 0.0 40.191420863309354 1.3425 40.191420863309354 -1.3425 37.50642086330938 -1.3425 37.50642086330938 1.3425
T03108 41.43884892086331 0.0 42.7813489208633 1.3425 42.7813489208633 -1.3425 40.096348920863335 -1.3425 40.096348920863335 1.3425
T03109 44.02877697841727 0.0 45.37127697841727 1.3425 45.37127697841727 -1.3425 42.6862769784173 -1.3425 42.6862769784173 1.3425
T03110 46.618705035971225 0.0 47.96120503597122 1.3425 47.96120503597122 -1.3425 45.27620503597125 -1.3425 45.27620503597125 1.3425
T03111 49.20863309352519 0.0 50.55113309352518 1.3425 50.55113309352518 -1.3425 47.86613309352521 -1.3425 47.86613309352521 1.3425
T03112 51.79856115107914 0.0 53.14106115107914 1.3425 53.14106115107914 -1.3425 50.45606115107917 -1.3425 50.45606115107917 1.3425
T03113 54.388489208633096 0.0 55.7309892086331 1.3425 55.7309892086331 -1.3425 53.045989208633124 -1.3424999999999998 53.045989208633124 1.3424999999999998
T03114 56.97841726618705 0.0 58.320917266187045 1.3424999999999998 58.320917266187045 -1.3424999999999998 55.63591726618707 -1.3425 55.63591726618707 1.3425
T03115 59.568345323741006 0.0 60.910845323741 1.3424999999999998 60.910845323741 -1.3424999999999998 58.22584532374103 -1.3424999999999998 58.22584532374103 1.3424999999999998
T03116 62.15827338129496 0.0 63.500773381294955 1.3425 63.500773381294955 -1.3425 60.815773381294996 -1.3425 60.815773381294996 1.3425
T03117 64.74820143884892 0.0 66.09070143884892 1.3425 66.09070143884892 -1.3425 63.40570143884895 -1.3425 63.40570143884895 1.3425
T03118 67.33812949640287 0.0 68.68062949640289 1.3425 68.68062949640289 -1.3425 65.99562949640291 -1.3424999999999998 65.99562949640291 1.3424999999999998
T03119 69.92805755395685 0.0 71.27055755395685 1.3424999999999998 71.27055755395685 -1.3424999999999998 68.58555755395687 -1.3425 68.58555755395687 1.3425
T03120 72.5179856115108 0.0 73.86048561151081 1.3424999999999998 73.86048561151081 -1.3424999999999998 71.17548561151082 -1.3425 71.17548561151082 1.3425
T03121 75.10791366906476 0.0 76.45041366906476 1.3425 76.45041366906476 -1.3425 73.76541366906478 -1.3425 73.76541366906478 1.3425
T03122 77.6978417266187 0.0 79.0403417266187 1.3425 79.0403417266187 -1.3425 76.35534172661875 -1.3425 76.35534172661875 1.3425
T03123 80.28776978417267 0.0 81.63026978417267 1.3425 81.63026978417267 -1.3425 78.9452697841727 -1.3425 78.9452697841727 1.3425
T03124 82.87769784172662 0.0 84.22019784172663 1.3425 84.22019784172663 -1.3425 81.53519784172666 -1.3425 81.53519784172666 1.3425
T03125 85.46762589928058 0.0 86.81012589928058 1.3425 86.81012589928058 -1.3425 84.1251258992806 -1.3425 84.1251258992806 1.3425
T03126 88.05755395683454 0.0 89.40005395683455 1.3425 89.40005395683455 -1.3425 86.71505395683458 -1.3425 86.71505395683458 1.3425
T03127 90.64748201438849 0.0 91.98998201438849 1.3425 91.98998201438849 -1.3425 89.30498201438851 -1.3425 89.30498201438851 1.3425
T03128 93.23741007194245 0.0 94.57991007194246 1.3425 94.57991007194246 -1.3425 91.89491007194249 -1.3425 91.89491007194249 1.3425
T03129 95.8273381294964 0.0 97.16983812949641 1.3425 97.16983812949641 -1.3425 94.48483812949644 -1.3425 94.48483812949644 1.3425
T03130 98.41726618705037 0.0 99.75976618705039 1.3425 99.75976618705039 -1.3425 97.07476618705041 -1.3424999999999998 97.07476618705041 1.3424999999999998
T03131 101.00719424460432 0.0 102.34969424460434 1.3425 102.34969424460434 -1.3425 99.66469424460436 -1.3425 99.66469424460436 1.3425
T03132 103.59712230215828 0.0 104.93962230215828 1.3425 104.93962230215828 -1.3425 102.25462230215831 -1.3425 102.25462230215831 1.3425
T03133 106.18705035971223 0.0 107.52955035971223 1.3424999999999998 107.52955035971223 -1.3424999999999998 104.84455035971227 -1.3425 104.84455035971227 1.3425
T03134 108.77697841726619 0.0 110.1194784172662 1.3425 110.1194784172662 -1.3425 107.43447841726622 -1.3425 107.43447841726622 1.3425
T03135 111.36690647482014 0.0 112.70940647482016 1.3425 112.70940647482016 -1.3425 110.02440647482018 -1.3425 110.02440647482018 1.3425
T03136 113.9568345323741 0.0 115.2993345323741 1.3425 115.2993345323741 -1.3425 112.61433453237413 -1.3425 112.61433453237413 1.3425
T03137 116.54676258992806 0.0 117.88926258992807 1.3424999999999998 117.88926258992807 -1.3424999999999998 115.20426258992808 -1.3425 115.20426258992808 1.3425
T03138 119.13669064748201 0.0 120.47919064748201 1.3425 120.47919064748201 -1.3425 117.79419064748204 -1.3425 117.79419064748204 1.3425
T03139 121.72661870503597 0.0 123.06911870503598 1.3425 123.06911870503598 -1.3425 120.38411870503599 -1.3425000000000002 120.38411870503599 1.3425000000000002
T03140 124.31654676258992 0.0 125.65904676258994 1.3425 125.65904676258994 -1.3425 122.97404676258995 -1.3425 122.97404676258995 1.3425
T03141 126.90647482014388 0.0 128.2489748201439 1.3425 128.2489748201439 -1.3425 125.5639748201439 -1.3425 125.5639748201439 1.3425
T03142 129.49640287769785 0.0 130.83890287769785 1.3424999999999998 130.83890287769785 -1.3424999999999998 128.15390287769785 -1.3424999999999998 128.15390287769785 1.3424999999999998
T03143 132.0863309352518 0.0 133.4288309352518 1.3425 133.4288309352518 -1.3425 130.74383093525182 -1.3425 130.74383093525182 1.3425
T03144 134.67625899280574 0.0 136.01875899280574 1.3425 136.01875899280574 -1.3425 133.33375899280577 -1.3425 133.33375899280577 1.3425
T03145 137.2661870503597 0.0 138.60868705035972 1.3425 138.60868705035972 -1.3425 135.92368705035972 -1.3425 135.92368705035972 1.3425
T03146 139.8561151079137 0.0 141.1986151079137 1.3425 141.1986151079137 -1.3425 138.5136151079137 -1.3425 138.5136151079137 1.3425
T03147 142.44604316546764 0.0 143.78854316546764 1.3425 143.78854316546764 -1.3425 141.10354316546767 -1.3425 141.10354316546767 1.3425
T03148 145.0359712230216 0.0 146.3784712230216 1.3425 146.3784712230216 -1.3425 143.69347122302162 -1.3425 143.69347122302162 1.3425
T03149 147.62589928057557 0.0 148.9683992805756 1.3424999999999998 148.9683992805756 -1.3424999999999998 146.2833992805756 -1.3425 146.2833992805756 1.3425
T03150 150.21582733812951 0.0 151.55832733812952 1.3425 151.55832733812952 -1.3425 148.87332733812954 -1.3425 148.87332733812954 1.3425
T03151 152.80575539568346 0.0 154.14825539568346 1.3425 154.14825539568346 -1.3425 151.4632553956835 -1.3425 151.4632553956835 1.3425
T03152 155.3956834532374 0.0 156.7381834532374 1.3424999999999998 156.7381834532374 -1.3424999999999998 154.05318345323744 -1.3425 154.05318345323744 1.3425
T03153 157.9856115107914 0.0 159.32811151079142 1.3424999999999998 159.32811151079142 -1.3424999999999998 156.6431115107914 -1.3424999999999998 156.6431115107914 1.3424999999999998
T03154 160.57553956834533 0.0 161.91803956834534 1.3424999999999998 161.91803956834534 -1.3424999999999998 159.23303956834536 -1.3425 159.23303956834536 1.3425
T03155 163.16546762589928 0.0 164.50796762589928 1.3424999999999998 164.50796762589928 -1.3424999999999998 161.8229676258993 -1.3424999999999998 161.8229676258993 1.3424999999999998
T03156 165.75539568345323 0.0 167.09789568345326 1.3425 167.09789568345326 -1.3425 164.41289568345326 -1.3425 164.41289568345326 1.3425
T03157 168.3453237410072 0.0 169.6878237410072 1.3425 169.6878237410072 -1.3425 167.0028237410072 -1.3425 167.0028237410072 1.3425
T03158 170.93525179856115 0.0 172.27775179856116 1.3425 172.27775179856116 -1.3425 169.59275179856118 -1.3425 169.59275179856118 1.3425
T03159 173.5251798561151 0.0 174.8676798561151 1.3424999999999998 174.8676798561151 -1.3424999999999998 172.18267985611513 -1.3425 172.18267985611513 1.3425
T03160 176.11510791366908 0.0 177.4576079136691 1.3425 177.4576079136691 -1.3425 174.7726079136691 -1.3425 174.7726079136691 1.3425
T03161 178.70503597122303 0.0 180.047535971223 1.3425 180.047535971223 -1.3425 177.36253597122305 -1.3425 177.36253597122305 1.3425
T03162 181.29496402877697 0.0 182.63746402877695 1.3425 182.63746402877695 -1.3425 179.952464028777 -1.3425 179.952464028777 1.3425
T03163 183.88489208633092 0.0 185.22739208633092 1.3425 185.22739208633092 -1.3425 182.54239208633095 -1.3425 182.54239208633095 1.3425
T03164 186.4748201438849 0.0 187.8173201438849 1.3425 187.8173201438849 -1.3425 185.13232014388493 -1.3425 185.13232014388493 1.3425
T03165 189.06474820143885 0.0 190.40724820143882 1.3425 190.40724820143882 -1.3425 187.72224820143887 -1.3425 187.72224820143887 1.3425
T03166 191.6546762589928 0.0 192.99717625899277 1.3425 192.99717625899277 -1.3425 190.31217625899282 -1.3425 190.31217625899282 1.3425
T03167 194.24460431654677 0.0 195.58710431654677 1.3425 195.58710431654677 -1.3425 192.9021043165468 -1.3425 192.9021043165468 1.3425
T03168 196.83453237410075 0.0 198.17703237410075 1.3425 198.17703237410075 -1.3425 195.49203237410077 -1.3424999999999998 195.49203237410077 1.3424999999999998
T03169 199.4244604316547 0.0 200.76696043165467 1.3425 200.76696043165467 -1.3425 198.08196043165472 -1.3425 198.08196043165472 1.3425
T03170 202.01438848920864 0.0 203.35688848920861 1.3425 203.35688848920861 -1.3425 200.67188848920867 -1.3424999999999998 200.67188848920867 1.3424999999999998
T03171 204.60431654676262 0.0 205.94681654676262 1.3425 205.94681654676262 -1.3425 203.26181654676265 -1.3425 203.26181654676265 1.3425
T03172 207.19424460431657 0.0 208.53674460431654 1.3425 208.53674460431654 -1.3425 205.8517446043166 -1.3425 205.8517446043166 1.3425
T03173 209.7841726618705 0.0 211.1266726618705 1.3425 211.1266726618705 -1.3425 208.44167266187054 -1.3425 208.44167266187054 1.3425
T03174 212.37410071942446 0.0 213.71660071942446 1.3425 213.71660071942446 -1.3425 211.0316007194245 -1.3425 211.0316007194245 1.3425
T03175 214.96402877697844 0.0 216.30652877697844 1.3424999999999998 216.30652877697844 -1.3424999999999998 213.62152877697847 -1.3425 213.62152877697847 1.3425
T03176 217.55395683453239 0.0 218.89645683453236 1.3425 218.89645683453236 -1.3425 216.2114568345324 -1.3425 216.2114568345324 1.3425
T03177 220.14388489208633 0.0 221.48638489208633 1.3424999999999998 221.48638489208633 -1.3424999999999998 218.80138489208636 -1.3425 218.80138489208636 1.3425
T03178 222.73381294964028 0.0 224.07631294964028 1.3425 224.07631294964028 -1.3425 221.3913129496403 -1.3425 221.3913129496403 1.3425
T03179 225.32374100719426 0.0 226.66624100719423 1.3425 226.66624100719423 -1.3425 223.98124100719426 -1.3425 223.98124100719426 1.3425
T03180 227.9136690647482 0.0 229.25616906474818 1.3425 229.25616906474818 -1.3425 226.5711690647482 -1.3425 226.5711690647482 1.3425
T03181 230.50359712230215 0.0 231.84609712230215 1.3425 231.84609712230215 -1.3425 229.16109712230218 -1.3425 229.16109712230218 1.3425
T03182 233.09352517985613 0.0 234.4360251798561 1.3425 234.4360251798561 -1.3425 231.75102517985613 -1.3425 231.75102517985613 1.3425
T03183 235.68345323741008 0.0 237.02595323741005 1.3425 237.02595323741005 -1.3425 234.3409532374101 -1.3425 234.3409532374101 1.3425
T03184 238.27338129496403 0.0 239.615881294964 1.3425 239.615881294964 -1.3425 236.93088129496405 -1.3425 236.93088129496405 1.3425
T03185 240.86330935251797 0.0 242.20580935251797 1.3424999999999998 242.20580935251797 -1.3424999999999998 239.520809352518 -1.3424999999999998 239.520809352518 1.3424999999999998
T03186 243.45323741007195 0.0 244.79573741007192 1.3425 244.79573741007192 -1.3425 242.11073741007195 -1.3425 242.11073741007195 1.3425
T03187 246.0431654676259 0.0 247.38566546762587 1.3424999999999998 247.38566546762587 -1.3424999999999998 244.70066546762592 -1.3424999999999998 244.70066546762592 1.3424999999999998
T03188 248.63309352517985 0.0 249.97559352517982 1.3425 249.97559352517982 -1.3425 247.29059352517987 -1.3425 247.29059352517987 1.3425
T03189 251.2230215827338 0.0 252.5655215827338 1.3425 252.5655215827338 -1.3425 249.88052158273382 -1.3425 249.88052158273382 1.3425
T03190 253.81294964028777 0.0 255.15544964028774 1.3424999999999998 255.15544964028774 -1.3424999999999998 252.4704496402878 -1.3425 252.4704496402878 1.3425
T03191 256.40287769784175 0.0 257.7453776978418 1.3424999999999998 257.7453776978418 -1.3424999999999998 255.0603776978418 -1.3425 255.0603776978418 1.3425
T03192 258.9928057553957 0.0 260.33530575539567 1.3425 260.33530575539567 -1.3425 257.6503057553957 -1.3425 257.6503057553957 1.3425
T03193 261.58273381294964 0.0 262.9252338129496 1.3425 262.9252338129496 -1.3425 260.24023381294967 -1.3425000000000002 260.24023381294967 1.3425000000000002
T03194 264.1726618705036 0.0 265.51516187050356 1.3425 265.51516187050356 -1.3425 262.8301618705036 -1.3425 262.8301618705036 1.3425
T03195 266.76258992805754 0.0 268.1050899280575 1.3425 268.1050899280575 -1.3425 265.42008992805756 -1.3425 265.42008992805756 1.3425
T03196 269.3525179856115 0.0 270.69501798561146 1.3425 270.69501798561146 -1.3425 268.0100179856115 -1.3425 268.0100179856115 1.3425
T03197 271.94244604316543 0.0 273.2849460431654 1.3425 273.2849460431654 -1.3425 270.59994604316546 -1.3425 270.59994604316546 1.3425
T03198 274.5323741007194 0.0 275.8748741007194 1.3425 275.8748741007194 -1.3425 273.1898741007194 -1.3424999999999998 273.1898741007194 1.3424999999999998
T03199 277.12230215827344 0.0 278.46480215827347 1.3424999999999998 278.46480215827347 -1.3424999999999998 275.77980215827347 -1.3424999999999998 275.77980215827347 1.3424999999999998
T03200 279.7122302158274 0.0 281.05473021582736 1.3425 281.05473021582736 -1.3425 278.3697302158274 -1.3425 278.3697302158274 1.3425
T03201 282.30215827338134 0.0 283.6446582733813 1.3425 283.6446582733813 -1.3425 280.95965827338136 -1.3425 280.95965827338136 1.3425
T03202 284.8920863309353 0.0 286.23458633093526 1.3425 286.23458633093526 -1.3425 283.5495863309353 -1.3425 283.5495863309353 1.3425
T03203 287.48201438848923 0.0 288.8245143884892 1.3425 288.8245143884892 -1.3425 286.13951438848926 -1.3424999999999998 286.13951438848926 1.3424999999999998
T03204 290.0719424460432 0.0 291.41444244604315 1.3425 291.41444244604315 -1.3425 288.7294424460432 -1.3425 288.7294424460432 1.3425
T03205 292.66187050359713 0.0 294.0043705035971 1.3425 294.0043705035971 -1.3425 291.31937050359716 -1.3425 291.31937050359716 1.3425
T03206 295.25179856115113 0.0 296.59429856115116 1.3425 296.59429856115116 -1.3425 293.90929856115116 -1.3425 293.90929856115116 1.3425
T03207 297.8417266187051 0.0 299.1842266187051 1.3425 299.1842266187051 -1.3425 296.4992266187051 -1.3425 296.4992266187051 1.3425
T03208 300.43165467625903 0.0 301.774154676259 1.3425 301.774154676259 -1.3425 299.08915467625906 -1.3425 299.08915467625906 1.3425
T03209 303.021582733813 0.0 304.36408273381295 1.3425 304.36408273381295 -1.3425 301.679082733813 -1.3425 301.679082733813 1.3425
T03210 305.6115107913669 0.0 306.9540107913669 1.3425 306.9540107913669 -1.3425 304.26901079136695 -1.3425 304.26901079136695 1.3425
T03211 308.2014388489209 0.0 309.54393884892085 1.3424999999999998 309.54393884892085 -1.3424999999999998 306.8589388489209 -1.3424999999999998 306.8589388489209 1.3424999999999998
T03212 310.7913669064748 0.0 312.1338669064748 1.3425 312.1338669064748 -1.3425 309.44886690647485 -1.3425 309.44886690647485 1.3425
T03213 313.38129496402877 0.0 314.7237949640288 1.3425 314.7237949640288 -1.3425 312.0387949640288 -1.3425 312.0387949640288 1.3425
T03214 315.9712230215828 0.0 317.3137230215828 1.3424999999999998 317.3137230215828 -1.3424999999999998 314.6287230215828 -1.3425 314.6287230215828 1.3425
T03215 318.5611510791367 0.0 319.9036510791367 1.3425 319.9036510791367 -1.3425 317.21865107913675 -1.3425 317.21865107913675 1.3425
T03216 321.15107913669067 0.0 322.49357913669064 1.3425 322.49357913669064 -1.3425 319.8085791366907 -1.3425 319.8085791366907 1.3425
T03217 323.7410071942446 0.0 325.0835071942446 1.3425 325.0835071942446 -1.3425 322.39850719424464 -1.3425 322.39850719424464 1.3425
T03218 326.33093525179856 0.0 327.67343525179854 1.3425 327.67343525179854 -1.3425 324.9884352517986 -1.3425 324.9884352517986 1.3425
T03219 328.9208633093525 0.0 330.2633633093525 1.3425 330.2633633093525 -1.3425 327.57836330935254 -1.3425 327.57836330935254 1.3425
T03220 331.51079136690646 0.0 332.8532913669065 1.3425 332.8532913669065 -1.3425 330.1682913669065 -1.3424999999999998 330.1682913669065 1.3424999999999998
T03221 334.10071942446046 0.0 335.4432194244605 1.3425 335.4432194244605 -1.3425 332.7582194244605 -1.3425 332.7582194244605 1.3425
T03222 336.6906474820144 0.0 338.0331474820144 1.3425 338.0331474820144 -1.3425 335.34814748201444 -1.3425 335.34814748201444 1.3425
T03223 339.28057553956836 0.0 340.62307553956833 1.3425 340.62307553956833 -1.3425 337.9380755395684 -1.3425 337.9380755395684 1.3425
T03224 341.8705035971223 0.0 343.2130035971223 1.3424999999999998 343.2130035971223 -1.3424999999999998 340.52800359712234 -1.3424999999999998 340.52800359712234 1.3424999999999998
T03225 344.46043165467626 0.0 345.80293165467623 1.3425 345.80293165467623 -1.3425 343.1179316546763 -1.3425 343.1179316546763 1.3425
T03226 347.0503597122302 0.0 348.3928597122302 1.3425 348.3928597122302 -1.3425 345.70785971223023 -1.3425 345.70785971223023 1.3425
T03227 349.64028776978415 0.0 350.9827877697842 1.3424999999999998 350.9827877697842 -1.3424999999999998 348.2977877697842 -1.3424999999999998 348.2977877697842 1.3424999999999998
T03228 352.23021582733816 0.0 353.5727158273382 1.3425 353.5727158273382 -1.3425 350.8877158273382 -1.3425 350.8877158273382 1.3425
T03229 354.8201438848921 0.0 356.1626438848921 1.3425 356.1626438848921 -1.3425 353.47764388489213 -1.3425 353.47764388489213 1.3425
T03230 357.41007194244605 0.0 358.752571942446 1.3424999999999998 358.752571942446 -1.3424999999999998 356.0675719424461 -1.3425 356.0675719424461 1.3425
T03231 0.0 2.5714285714285716 1.3452684147691856 3.913221510577802 1.342439910867762 1.2282229971460725 358.6575600891323 1.2282229971460725 358.6547315852309 3.913221510577802
T03232 2.5899280575539567 2.5714285714285716 3.935196472323143 3.9132215105778028 3.932367968421719 1.2282229971460725 1.2474881466862222 1.2282229971460725 1.2446596427847985 3.9132215105778028
T03233 5.179856115107913 2.5714285714285716 6.525124529877099 3.913221510577802 6.522296025975676 1.2282229971460725 3.8374162042401787 1.2282229971460725 3.834587700338755 3.913221510577802
T03234 7.76978417266187 2.5714285714285716 9.115052587431057 3.9132215105778028 9.112224083529632 1.2282229971460725 6.427344261794135 1.2282229971460725 6.424515757892713 3.9132215105778028
T03235 10.359712230215827 2.5714285714285716 11.704980644985016 3.9132215105778028 11.702152141083591 1.2282229971460725 9.017272319348093 1.2282229971460725 9.014443815446672 3.9132215105778028
T03236 12.949640287769785 2.5714285714285716 14.29490870253897 3.9132215105778028 14.292080198637548 1.2282229971460725 11.607200376902052 1.2282229971460725 11.604371873000625 3.913221510577802
T03237 15.53956834532374 2.5714285714285716 16.884836760092927 3.9132215105778028 16.8820082561915 1.2282229971460725 14.197128434456005 1.2282229971460725 14.194299930554584 3.9132215105778028
T03238 18.1294964028777 2.5714285714285716 19.474764817646882 3.913221510577802 19.471936313745456 1.2282229971460723 16.78705649200996 1.2282229971460725 16.78422798810854 3.913221510577802
T03239 20.719424460431654 2.5714285714285716 22.06469287520084 3.913221510577802 22.061864371299418 1.2282229971460725 19.37698454956392 1.2282229971460725 19.3741560456625 3.9132215105778028
T03240 23.309352517985612 2.5714285714285716 24.6546209327548 3.913221510577802 24.651792428853373 1.2282229971460723 21.966912607117877 1.2282229971460723 21.964084103216454 3.913221510577802
T03241 25.89928057553957 2.5714285714285716 27.244548990308758 3.9132215105778028 27.241720486407335 1.2282229971460725 24.55684066467184 1.2282229971460725 24.554012160770416 3.9132215105778028
T03242 28.489208633093526 2.5714285714285716 29.834477047862705 3.913221510577802 29.831648543961283 1.2282229971460725 27.14676872222579 1.2282229971460725 27.143940218324364 3.913221510577802
T03243 31.07913669064748 2.5714285714285716 32.42440510541666 3.9132215105778028 32.42157660151524 1.2282229971460727 29.73669677977974 1.2282229971460725 29.733868275878315 3.9132215105778028
T03244 33.669064748201436 2.5714285714285716 35.01433316297062 3.9132215105778028 35.0115046590692 1.2282229971460725 32.3266248373337 1.2282229971460725 32.323796333432284 3.9132215105778028
T03245 36.2589928057554 2.5714285714285716 37.60426122052459 3.9132215105778028 37.60143271662317 1.2282229971460725 34.91655289488767 1.2282229971460725 34.913724390986246 3.9132215105778028
T03246 38.84892086330935 2.5714285714285716 40.19418927807855 3.9132215105778028 40.19136077417713 1.2282229971460725 37.50648095244163 1.2282229971460725 37.5036524485402 3.9132215105778028
T03247 41.43884892086331 2.5714285714285716 42.784117335632494 3.9132215105778028 42.781288831731075 1.2282229971460725 40.096409009995575 1.2282229971460725 40.093580506094156 3.9132215105778028
T03248 44.02877697841727 2.5714285714285716 45.37404539318646 3.9132215105778028 45.37121688928504 1.2282229971460725 42.68633706754954 1.2282229971460725 42.68350856364811 3.9132215105778028
T03249 46.618705035971225 2.5714285714285716 47.96397345074041 3.913221510577802 47.96114494683898 1.2282229971460725 45.276265125103485 1.2282229971460725 45.273436621202066 3.913221510577802
T03250 49.20863309352519 2.5714285714285716 50.55390150829437 3.9132215105778028 50.55107300439295 1.2282229971460725 47.86619318265745 1.2282229971460725 47.863364678756014 3.9132215105778028
T03251 51.79856115107914 2.5714285714285716 53.14382956584833 3.9132215105778028 53.141001061946895 1.2282229971460725 50.4561212402114 1.2282229971460725 50.453292736309976 3.9132215105778028
T03252 54.388489208633096 2.5714285714285716 55.733757623402276 3.913221510577802 55.73092911950085 1.2282229971460723 53.04604929776536 1.2282229971460723 53.04322079386394 3.913221510577802
T03253 56.97841726618705 2.5714285714285716 58.32368568095624 3.913221510577802 58.32085717705481 1.2282229971460723 55.63597735531931 1.2282229971460725 55.63314885141789 3.9132215105778028
T03254 59.568345323741006 2.5714285714285716 60.91361373851018 3.913221510577802 60.91078523460876 1.2282229971460725 58.22590541287327 1.2282229971460725 58.223076908971834 3.913221510577802
T03255 62.15827338129496 2.5714285714285716 63.50354179606415 3.9132215105778028 63.50071329216273 1.2282229971460725 60.81583347042722 1.2282229971460725 60.8130049665258 3.9132215105778028
T03256 64.74820143884892 2.5714285714285716 66.0934698536181 3.9132215105778028 66.09064134971668 1.2282229971460725 63.40576152798118 1.2282229971460727 63.40293302407976 3.9132215105778028
T03257 67.33812949640287 2.5714285714285716 68.68339791117207 3.913221510577802 68.68056940727064 1.2282229971460725 65.99568958553513 1.2282229971460725 65.99286108163372 3.913221510577802
T03258 69.92805755395685 2.5714285714285716 71.27332596872603 3.913221510577802 71.2704974648246 1.2282229971460725 68.58561764308911 1.2282229971460725 68.58278913918768 3.913221510577802
T03259 72.5179856115108 2.5714285714285716 73.86325402627999 3.913221510577802 73.86042552237856 1.2282229971460725 71.17554570064306 1.2282229971460725 71.17271719674164 3.9132215105778028
T03260 75.10791366906476 2.5714285714285716 76.45318208383394 3.9132215105778028 76.45035357993252 1.2282229971460725 73.76547375819703 1.2282229971460725 73.76264525429559 3.9132215105778028
T03261 77.6978417266187 2.5714285714285716 79.0431101413879 3.913221510577802 79.04028163748647 1.2282229971460725 76.35540181575097 1.2282229971460725 76.35257331184955 3.913221510577802
T03262 80.28776978417267 2.5714285714285716 81.63303819894185 3.9132215105778028 81.63020969504043 1.2282229971460725 78.94532987330493 1.2282229971460725 78.9425013694035 3.9132215105778028
T03263 82.87769784172662 2.5714285714285716 84.22296625649581 3.9132215105778028 84.22013775259438 1.2282229971460725 81.53525793085888 1.2282229971460725 81.53242942695746 3.9132215105778028
T03264 85.46762589928058 2.5714285714285716 86.81289431404976 3.9132215105778028 86.81006581014834 1.2282229971460725 84.12518598841284 1.2282229971460727 84.12235748451141 3.9132215105778028
T03265 88.05755395683454 2.5714285714285716 89.40282237160373 3.913221510577802 89.3999938677023 1.2282229971460725 86.7151140459668 1.2282229971460725 86.71228554206539 3.9132215105778028
T03266 90.64748201438849 2.5714285714285716 91.99275042915768 3.913221510577802 91.98992192525625 1.2282229971460723 89.30504210352075 1.2282229971460725 89.30221359961932 3.9132215105778028
T03267 93.23741007194245 2.5714285714285716 94.58267848671164 3.9132215105778028 94.57984998281022 1.2282229971460725 91.89497016107472 1.2282229971460725 91.8921416571733 3.9132215105778028
T03268 95.8273381294964 2.5714285714285716 97.17260654426559 3.9132215105778028 97.16977804036416 1.2282229971460725 94.48489821862866 1.2282229971460727 94.48206971472725 3.9132215105778028
T03269 98.41726618705037 2.5714285714285716 99.76253460181957 3.913221510577802 99.75970609791814 1.2282229971460725 97.07482627618265 1.2282229971460725 97.07199777228122 3.913221510577802
T03270 101.00719424460432 2.5714285714285716 102.35246265937351 3.913221510577802 102.34963415547209 1.2282229971460725 99.66475433373658 1.2282229971460725 99.66192582983517 3.913221510577802
T03271 103.59712230215828 2.5714285714285716 104.94239071692746 3.9132215105778028 104.93956221302605 1.2282229971460727 102.25468239129054 1.2282229971460727 102.25185388738912 3.9132215105778028
T03272 106.18705035971223 2.5714285714285716 107.53231877448142 3.913221510577802 107.52949027057998 1.2282229971460723 104.84461044884449 1.2282229971460725 104.84178194494308 3.9132215105778028
T03273 108.77697841726619 2.5714285714285716 110.12224683203537 3.9132215105778028 110.11941832813396 1.2282229971460725 107.43453850639845 1.2282229971460725 107.43171000249703 3.9132215105778028
T03274 111.36690647482014 2.5714285714285716 112.71217488958933 3.913221510577802 112.70934638568791 1.2282229971460723 110.0244665639524 1.2282229971460723 110.02163806005099 3.913221510577802
T03275 113.9568345323741 2.5714285714285716 115.3021029471433 3.9132215105778028 115.29927444324186 1.2282229971460725 112.61439462150636 1.2282229971460725 112.61156611760494 3.9132215105778028
T03276 116.54676258992806 2.5714285714285716 117.89203100469723 3.913221510577802 117.88920250079583 1.2282229971460723 115.20432267906033 1.2282229971460725 115.20149417515891 3.913221510577802
T03277 119.13669064748201 2.5714285714285716 120.48195906225119 3.913221510577802 120.47913055834977 1.2282229971460723 117.79425073661429 1.2282229971460725 117.79142223271286 3.9132215105778028
T03278 121.72661870503597 2.5714285714285716 123.07188711980514 3.9132215105778028 123.06905861590373 1.2282229971460725 120.38417879416822 1.2282229971460725 120.38135029026682 3.9132215105778028
T03279 124.31654676258992 2.5714285714285716 125.66181517735913 3.9132215105778028 125.65898667345768 1.2282229971460725 122.97410685172217 1.2282229971460725 122.97127834782077 3.9132215105778028
T03280 126.90647482014388 2.5714285714285716 128.25174323491308 3.913221510577802 128.24891473101164 1.2282229971460725 125.56403490927616 1.2282229971460725 125.56120640537473 3.913221510577802
T03281 129.49640287769785 2.5714285714285716 130.841671292467 3.913221510577802 130.8388427885656 1.2282229971460723 128.15396296683008 1.2282229971460723 128.1511344629287 3.913221510577802
T03282 132.0863309352518 2.5714285714285716 133.431599350021 3.9132215105778028 133.42877084611956 1.2282229971460725 130.74389102438406 1.2282229971460725 130.74106252048264 3.9132215105778028
T03283 134.67625899280574 2.5714285714285716 136.02152740757495 3.9132215105778028 136.0186989036735 1.2282229971460725 133.333819081938 1.2282229971460725 133.33099057803656 3.9132215105778028
T03284 137.2661870503597 2.5714285714285716 138.61145546512887 3.9132215105778028 138.60862696122746 1.2282229971460725 135.92374713949198 1.2282229971460725 135.92091863559054 3.913221510577802
T03285 139.8561151079137 2.5714285714285716 141.20138352268285 3.9132215105778028 141.19855501878143 1.2282229971460725 138.51367519704596 1.2282229971460725 138.51084669314452 3.9132215105778028
T03286 142.44604316546764 2.5714285714285716 143.79131158023685 3.9132215105778028 143.7884830763354 1.2282229971460725 141.1036032545999 1.2282229971460725 141.1007747506985 3.9132215105778028
T03287 145.0359712230216 2.5714285714285716 146.3812396377908 3.9132215105778028 146.37841113388936 1.2282229971460725 143.69353131215388 1.2282229971460725 143.69070280825244 3.9132215105778028
T03288 147.62589928057557 2.5714285714285716 148.97116769534475 3.913221510577802 148.96833919144333 1.2282229971460725 146.28345936970786 1.2282229971460725 146.28063086580642 3.9132215105778028
T03289 150.21582733812951 2.5714285714285716 151.5610957528987 3.913221510577802 151.55826724899725 1.2282229971460725 148.87338742726178 1.2282229971460725 148.87055892336033 3.913221510577802
T03290 152.80575539568346 2.5714285714285716 154.15102381045264 3.9132215105778028 154.1481953065512 1.2282229971460725 151.46331548481575 1.2282229971460725 151.46048698091428 3.9132215105778028
T03291 155.3956834532374 2.5714285714285716 156.74095186800662 3.913221510577802 156.7381233641052 1.2282229971460725 154.0532435423697 1.2282229971460725 154.05041503846826 3.913221510577802
T03292 157.9856115107914 2.5714285714285716 159.33087992556057 3.913221510577802 159.32805142165915 1.2282229971460725 156.64317159992368 1.2282229971460725 156.64034309602226 3.913221510577802
T03293 160.57553956834533 2.5714285714285716 161.9208079831145 3.9132215105778028 161.91797947921307 1.2282229971460725 159.2330996574776 1.2282229971460725 159.23027115357615 3.9132215105778028
T03294 163.16546762589928 2.5714285714285716 164.51073604066846 3.9132215105778028 164.50790753676705 1.2282229971460725 161.82302771503157 1.2282229971460725 161.82019921113013 3.9132215105778028
T03295 165.75539568345323 2.5714285714285716 167.10066409822244 3.913221510577802 167.09783559432103 1.2282229971460723 164.41295577258552 1.2282229971460723 164.4101272686841 3.913221510577802
T03296 168.3453237410072 2.5714285714285716 169.6905921557764 3.9132215105778028 169.68776365187497 1.2282229971460725 167.00288383013947 1.2282229971460725 167.00005532623805 3.9132215105778028
T03297 170.93525179856115 2.5714285714285716 172.28052021333036 3.913221510577802 172.2776917094289 1.2282229971460723 169.59281188769341 1.2282229971460725 169.589983383792 3.9132215105778028
T03298 173.5251798561151 2.5714285714285716 174.87044827088428 3.9132215105778028 174.86761976698287 1.2282229971460725 172.1827399452474 1.2282229971460727 172.17991144134595 3.9132215105778028
T03299 176.11510791366908 2.5714285714285716 177.46037632843826 3.9132215105778028 177.45754782453685 1.2282229971460725 174.77266800280137 1.2282229971460725 174.76983949889996 3.9132215105778028
T03300 178.70503597122303 2.5714285714285716 180.0503043859922 3.9132215105778028 180.04747588209077 1.2282229971460725 177.3625960603553 1.2282229971460725 177.35976755645387 3.9132215105778028
T03301 181.29496402877697 2.5714285714285716 182.64023244354615 3.9132215105778028 182.63740393964474 1.2282229971460725 179.95252411790926 1.2282229971460725 179.94969561400782 3.9132215105778028
T03302 183.88489208633092 2.5714285714285716 185.2301605011001 3.9132215105778028 185.2273319971987 1.2282229971460725 182.54245217546318 1.2282229971460727 182.53962367156177 3.9132215105778028
T03303 186.4748201438849 2.5714285714285716 187.82008855865408 3.9132215105778028 187.81726005475267 1.2282229971460727 185.13238023301716 1.2282229971460727 185.12955172911575 3.9132215105778028
T03304 189.06474820143885 2.5714285714285716 190.41001661620803 3.9132215105778028 190.40718811230659 1.2282229971460725 187.7223082905711 1.2282229971460725 187.71947978666967 3.9132215105778028
T03305 191.6546762589928 2.5714285714285716 192.99994467376197 3.9132215105778028 192.99711616986056 1.2282229971460725 190.31223634812505 1.2282229971460725 190.3094078442236 3.9132215105778028
T03306 194.24460431654677 2.5714285714285716 195.58987273131595 3.913221510577802 195.58704422741454 1.2282229971460725 192.90216440567903 1.2282229971460725 192.89933590177762 3.913221510577802
T03307 196.83453237410075 2.5714285714285716 198.17980078886993 3.9132215105778028 198.1769722849685 1.2282229971460725 195.492092463233 1.2282229971460725 195.4892639593316 3.9132215105778028
T03308 199.4244604316547 2.5714285714285716 200.76972884642387 3.9132215105778028 200.76690034252243 1.2282229971460725 198.08202052078695 1.2282229971460725 198.07919201688551 3.9132215105778028
T03309 202.01438848920864 2.5714285714285716 203.35965690397782 3.9132215105778028 203.3568284000764 1.2282229971460725 200.6719485783409 1.2282229971460725 200.66912007443946 3.913221510577802
T03310 204.60431654676262 2.5714285714285716 205.9495849615318 3.913221510577802 205.94675645763039 1.2282229971460725 203.26187663589488 1.2282229971460725 203.25904813199347 3.913221510577802
T03311 207.19424460431657 2.5714285714285716 208.53951301908575 3.9132215105778028 208.5366845151843 1.2282229971460725 205.8518046934488 1.2282229971460725 205.8489761895474 3.9132215105778028
T03312 209.7841726618705 2.5714285714285716 211.1294410766397 3.9132215105778028 211.12661257273825 1.2282229971460725 208.44173275100277 1.2282229971460725 208.43890424710133 3.9132215105778028
T03313 212.37410071942446 2.5714285714285716 213.71936913419364 3.9132215105778028 213.71654063029223 1.2282229971460725 211.03166080855672 1.2282229971460725 211.0288323046553 3.9132215105778028
T03314 214.96402877697844 2.5714285714285716 216.30929719174762 3.913221510577802 216.3064686878462 1.2282229971460725 213.6215888661107 1.2282229971460725 213.6187603622093 3.913221510577802
T03315 217.55395683453239 2.5714285714285716 218.89922524930157 3.913221510577802 218.89639674540012 1.2282229971460725 216.21151692366462 1.2282229971460725 216.2086884197632 3.913221510577802
T03316 220.14388489208633 2.5714285714285716 221.4891533068555 3.913221510577802 221.4863248029541 1.2282229971460725 218.8014449812186 1.2282229971460725 218.79861647731715 3.913221510577802
T03317 222.73381294964028 2.5714285714285716 224.07908136440946 3.913221510577802 224.07625286050805 1.2282229971460725 221.39137303877254 1.2282229971460725 221.38854453487113 3.9132215105778028
T03318 225.32374100719426 2.5714285714285716 226.6690094219634 3.9132215105778028 226.666180918062 1.2282229971460725 223.9813010963265 1.2282229971460725 223.97847259242508 3.9132215105778028
T03319 227.9136690647482 2.5714285714285716 229.25893747951736 3.9132215105778028 229.25610897561594 1.2282229971460725 226.57122915388047 1.2282229971460725 226.56840064997903 3.9132215105778028
T03320 230.50359712230215 2.5714285714285716 231.84886553707136 3.913221510577802 231.84603703316995 1.2282229971460723 229.1611572114344 1.2282229971460723 229.158328707533 3.913221510577802
T03321 233.09352517985613 2.5714285714285716 234.43879359462525 3.9132215105778028 234.43596509072384 1.2282229971460725 231.7510852689884 1.2282229971460725 231.74825676508698 3.9132215105778028
T03322 235.68345323741008 2.5714285714285716 237.02872165217929 3.9132215105778028 237.02589314827785 1.2282229971460725 234.3410133265423 1.2282229971460725 234.33818482264087 3.913221510577802
T03323 238.27338129496403 2.5714285714285716 239.61864970973318 3.913221510577802 239.61582120583176 1.2282229971460723 236.93094138409631 1.2282229971460723 236.92811288019487 3.913221510577802
T03324 240.86330935251797 2.5714285714285716 242.20857776728718 3.913221510577802 242.20574926338577 1.2282229971460725 239.5208694416502 1.2282229971460723 239.5180409377488 3.913221510577802
T03325 243.45323741007195 2.5714285714285716 244.7985058248411 3.913221510577802 244.79567732093966 1.2282229971460725 242.1107974992042 1.2282229971460725 242.1079689953028 3.913221510577802
T03326 246.0431654676259 2.5714285714285716 247.3884338823951 3.913221510577802 247.38560537849366 1.2282229971460723 244.70072555675813 1.2282229971460723 244.6978970528567 3.913221510577802
T03327 248.63309352517985 2.5714285714285716 249.978361939949 3.913221510577802 249.97553343604758 1.2282229971460723 247.29065361431213 1.2282229971460725 247.2878251104107 3.913221510577802
T03328 251.2230215827338 2.5714285714285716 252.568289997503 3.9132215105778028 252.5654614936016 1.2282229971460725 249.88058167186603 1.2282229971460725 249.8777531679646 3.913221510577802
T03329 253.81294964028777 2.5714285714285716 255.15821805505692 3.913221510577802 255.15538955115548 1.2282229971460723 252.47050972942003 1.2282229971460725 252.46768122551862 3.913221510577802
T03330 256.40287769784175 2.5714285714285716 257.7481461126109 3.913221510577802 257.7453176087095 1.2282229971460725 255.06043778697403 1.2282229971460725 255.05760928307262 3.913221510577802
T03331 258.9928057553957 2.5714285714285716 260.3380741701648 3.913221510577802 260.3352456662634 1.2282229971460725 257.6503658445279 1.2282229971460725 257.6475373406265 3.913221510577802
T03332 261.58273381294964 2.5714285714285716 262.9280022277188 3.9132215105778028 262.9251737238174 1.2282229971460725 260.2402939020819 1.2282229971460727 260.2374653981804 3.9132215105778028
T03333 264.1726618705036 2.5714285714285716 265.5179302852727 3.913221510577802 265.5151017813713 1.2282229971460725 262.8302219596359 1.2282229971460725 262.82739345573447 3.9132215105778028
T03334 266.76258992805754 2.5714285714285716 268.1078583428267 3.913221510577802 268.1050298389253 1.2282229971460725 265.42015001718977 1.2282229971460725 265.41732151328836 3.913221510577802
T03335 269.3525179856115 2.5714285714285716 270.69778640038066 3.9132215105778028 270.6949578964792 1.2282229971460725 268.0100780747438 1.2282229971460723 268.00724957084236 3.913221510577802
T03336 271.94244604316543 2.5714285714285716 273.28771445793467 3.913221510577802 273.28488595403326 1.2282229971460725 270.60000613229766 1.2282229971460725 270.59717762839625 3.913221510577802
T03337 274.5323741007194 2.5714285714285716 275.87764251548856 3.9132215105778028 275.87481401158715 1.2282229971460725 273.18993418985167 1.2282229971460725 273.18710568595026 3.913221510577802
T03338 277.12230215827344 2.5714285714285716 278.4675705730427 3.913221510577802 278.46474206914127 1.2282229971460725 275.7798622474057 1.2282229971460725 275.77703374350426 3.913221510577802
T03339 279.7122302158274 2.5714285714285716 281.05749863059657 3.9132215105778028 281.05467012669516 1.2282229971460725 278.3697903049596 1.2282229971460725 278.36696180105815 3.9132215105778028
T03340 282.30215827338134 2.5714285714285716 283.64742668815046 3.913221510577802 283.64459818424905 1.2282229971460725 280.9597183625136 1.2282229971460725 280.95688985861216 3.9132215105778028
T03341 284.8920863309353 2.5714285714285716 286.23735474570447 3.913221510577802 286.23452624180305 1.2282229971460725 283.5496464200675 1.2282229971460725 283.5468179161661 3.9132215105778028
T03342 287.48201438848923 2.5714285714285716 288.8272828032584 3.913221510577802 288.82445429935694 1.2282229971460725 286.1395744776215 1.2282229971460725 286.1367459737201 3.913221510577802
T03343 290.0719424460432 2.5714285714285716 291.4172108608124 3.9132215105778028 291.41438235691095 1.2282229971460727 288.7295025351754 1.2282229971460727 288.726674031274 3.9132215105778028
T03344 292.66187050359713 2.5714285714285716 294.0071389183663 3.9132215105778028 294.0043104144649 1.2282229971460725 291.3194305927294 1.2282229971460725 291.316602088828 3.9132215105778028
T03345 295.25179856115113 2.5714285714285716 296.5970669759203 3.9132215105778028 296.5942384720189 1.2282229971460725 293.9093586502834 1.2282229971460725 293.906530146382 3.913221510577802
T03346 297.8417266187051 2.5714285714285716 299.1869950334743 3.9132215105778028 299.1841665295729 1.2282229971460725 296.4992867078373 1.2282229971460725 296.4964582039359 3.9132215105778028
T03347 300.43165467625903 2.5714285714285716 301.7769230910282 3.913221510577802 301.7740945871268 1.2282229971460725 299.0892147653913 1.2282229971460725 299.0863862614898 3.9132215105778028
T03348 303.021582733813 2.5714285714285716 304.3668511485821 3.9132215105778028 304.3640226446807 1.2282229971460725 301.67914282294527 1.2282229971460725 301.6763143190438 3.9132215105778028
T03349 305.6115107913669 2.5714285714285716 306.9567792061361 3.913221510577802 306.9539507022347 1.2282229971460725 304.2690708804992 1.2282229971460725 304.26624237659775 3.913221510577802
T03350 308.2014388489209 2.5714285714285716 309.54670726369005 3.9132215105778028 309.5438787597886 1.2282229971460723 306.85899893805316 1.2282229971460723 306.85617043415175 3.9132215105778028
T03351 310.7913669064748 2.5714285714285716 312.13663532124406 3.9132215105778028 312.1338068173426 1.2282229971460725 309.44892699560705 1.2282229971460727 309.44609849170564 3.9132215105778028
T03352 313.38129496402877 2.5714285714285716 314.72656337879795 3.913221510577802 314.72373487489654 1.2282229971460725 312.03885505316106 1.2282229971460725 312.0360265492596 3.913221510577802
T03353 315.9712230215828 2.5714285714285716 317.31649143635195 3.913221510577802 317.31366293245054 1.2282229971460725 314.62878311071506 1.2282229971460725 314.62595460681365 3.9132215105778028
T03354 318.5611510791367 2.5714285714285716 319.90641949390584 3.9132215105778028 319.90359099000443 1.2282229971460725 317.21871116826895 1.2282229971460725 317.21588266436754 3.9132215105778028
T03355 321.15107913669067 2.5714285714285716 322.49634755145985 3.913221510577802 322.4935190475584 1.2282229971460725 319.8086392258229 1.2282229971460725 319.8058107219215 3.913221510577802
T03356 323.7410071942446 2.5714285714285716 325.08627560901374 3.913221510577802 325.0834471051123 1.2282229971460725 322.3985672833769 1.2282229971460725 322.3957387794755 3.9132215105778028
T03357 326.33093525179856 2.5714285714285716 327.67620366656774 3.9132215105778028 327.6733751626663 1.2282229971460725 324.9884953409308 1.2282229971460725 324.9856668370294 3.9132215105778028
T03358 328.9208633093525 2.5714285714285716 330.26613172412175 3.913221510577802 330.2633032202203 1.2282229971460725 327.5784233984848 1.2282229971460725 327.5755948945834 3.9132215105778028
T03359 331.51079136690646 2.5714285714285716 332.8560597816757 3.913221510577802 332.8532312777742 1.2282229971460725 330.16835145603875 1.2282229971460725 330.16552295213734 3.913221510577802
T03360 334.10071942446046 2.5714285714285716 335.44598783922964 3.913221510577802 335.44315933532823 1.2282229971460723 332.75827951359275 1.2282229971460723 332.7554510096913 3.913221510577802
T03361 336.6906474820144 2.5714285714285716 338.0359158967836 3.9132215105778028 338.0330873928822 1.2282229971460725 335.34820757114665 1.2282229971460725 335.3453790672452 3.9132215105778028
T03362 339.28057553956836 2.5714285714285716 340.6258439543375 3.913221510577802 340.62301545043607 1.2282229971460725 337.93813562870065 1.2282229971460725 337.9353071247992 3.913221510577802
T03363 341.8705035971223 2.5714285714285716 343.2157720118915 3.913221510577802 343.2129435079901 1.2282229971460725 340.5280636862546 1.2282229971460725 340.5252351823532 3.913221510577802
T03364 344.46043165467626 2.5714285714285716 345.80570006944544 3.9132215105778028 345.80287156554397 1.2282229971460725 343.11799174380855 1.2282229971460725 343.11516323990713 3.9132215105778028
T03365 347.0503597122302 2.5714285714285716 348.3956281269994 3.913221510577802 348.39279962309797 1.2282229971460725 345.7079198013625 1.2282229971460725 345.7050912974611 3.913221510577802
T03366 349.64028776978415 2.5714285714285716 350.98555618455333 3.913221510577802 350.9827276806519 1.2282229971460725 348.29784785891644 1.2282229971460723 348.29501935501503 3.913221510577802
T03367 352.23021582733816 2.5714285714285716 353.57548424210734 3.9132215105778028 353.5726557382059 1.2282229971460725 350.88777591647045 1.2282229971460725 350.88494741256903 3.9132215105778028
T03368 354.8201438848921 2.5714285714285716 356.1654122996612 3.913221510577802 356.1625837957598 1.2282229971460725 353.47770397402434 1.2282229971460725 353.4748754701229 3.913221510577802
T03369 357.41007194244605 2.5714285714285716 358.7553403572152 3.913221510577802 358.75251185331376 1.2282229971460725 356.06763203157834 1.2282229971460725 356.0648035276769 3.913221510577802
T03370 0.0 5.142857142857143 1.3507731624521422 6.483938664089822 1.345087541004916 3.798944634426876 358.6549124589951 3.798944634426876 358.64922683754793 6.4839386640898224
T03371 2.608695652173913 5.142857142857143 3.9594688146260544 6.483938664089822 3.9537831931788294 3.798944634426876 1.2636081111690243 3.798944634426876 1.2579224897217982 6.483938664089822
T03372 5.217391304347826 5.142857142857143 6.568164466799969 6.4839386640898224 6.562478845352743 3.798944634426877 3.8723037633429382 3.798944634426876 3.8666181418957124 6.4839386640898224
T03373 7.826086956521739 5.142857142857143 9.176860118973881 6.4839386640898224 9.171174497526655 3.798944634426876 6.480999415516851 3.798944634426876 6.475313794069625 6.4839386640898224
T03374 10.434782608695652 5.142857142857143 11.785555771147795 6.483938664089822 11.779870149700567 3.798944634426875 9.08969506769076 3.798944634426875 9.084009446243536 6.483938664089822
T03375 13.043478260869565 5.142857142857143 14.394251423321705 6.483938664089822 14.388565801874476 3.798944634426875 11.698390719864674 3.798944634426875 11.692705098417449 6.4839386640898224
T03376 15.652173913043478 5.142857142857143 17.002947075495616 6.483938664089822 16.99726145404839 3.798944634426875 14.307086372038585 3.798944634426875 14.301400750591359 6.483938664089821
T03377 18.26086956521739 5.142857142857143 19.611642727669533 6.4839386640898224 19.60595710622231 3.798944634426877 16.915782024212504 3.798944634426877 16.910096402765284 6.4839386640898224
T03378 20.869565217391305 5.142857142857143 22.220338379843444 6.483938664089822 22.214652758396216 3.798944634426875 19.524477676386415 3.798944634426876 19.518792054939187 6.4839386640898224
T03379 23.47826086956522 5.142857142857143 24.829034032017365 6.483938664089822 24.823348410570137 3.798944634426875 22.133173328560336 3.798944634426876 22.127487707113108 6.4839386640898224
T03380 26.08695652173913 5.142857142857143 27.437729684191275 6.4839386640898224 27.432044062744048 3.798944634426876 24.741868980734242 3.798944634426875 24.73618335928702 6.4839386640898224
T03381 28.69565217391304 5.142857142857143 30.046425336365182 6.4839386640898224 30.040739714917954 3.798944634426876 27.35056463290815 3.798944634426876 27.34487901146093 6.4839386640898224
T03382 31.304347826086957 5.142857142857143 32.655120988539096 6.4839386640898224 32.64943536709187 3.798944634426876 29.959260285082067 3.798944634426876 29.953574663634843 6.4839386640898224
T03383 33.913043478260875 5.142857142857143 35.26381664071301 6.483938664089822 35.25813101926578 3.798944634426875 32.567955937255974 3.798944634426876 32.56227031580875 6.4839386640898224
T03384 36.52173913043478 5.142857142857143 37.87251229288692 6.483938664089822 37.866826671439696 3.798944634426876 35.176651589429895 3.798944634426876 35.17096596798266 6.4839386640898224
T03385 39.13043478260869 5.142857142857143 40.48120794506083 6.483938664089822 40.4755223236136 3.798944634426875 37.785347241603795 3.798944634426875 37.779661620156574 6.483938664089822
T03386 41.73913043478261 5.142857142857143 43.089903597234745 6.483938664089822 43.084217975787524 3.798944634426875 40.394042893777716 3.798944634426876 40.388357272330495 6.4839386640898224
T03387 44.34782608695652 5.142857142857143 45.698599249408666 6.483938664089823 45.69291362796144 3.798944634426876 43.00273854595164 3.798944634426876 42.99705292450441 6.4839386640898224
T03388 46.95652173913044 5.142857142857143 48.30729490158259 6.4839386640898224 48.30160928013535 3.798944634426876 45.611434198125544 3.798944634426876 45.60574857667832 6.4839386640898224
T03389 49.565217391304344 5.142857142857143 50.91599055375649 6.4839386640898224 50.91030493230925 3.798944634426875 48.22012985029945 3.798944634426875 48.21444422885222 6.4839386640898224
T03390 52.17391304347826 5.142857142857143 53.524686205930394 6.4839386640898224 53.51900058448317 3.798944634426876 50.82882550247337 3.798944634426876 50.823139881026144 6.4839386640898224
T03391 54.78260869565218 5.142857142857143 56.13338185810433 6.4839386640898224 56.12769623665709 3.798944634426875 53.43752115464729 3.798944634426876 53.43183553320007 6.4839386640898224
T03392 57.39130434782608 5.142857142857143 58.74207751027822 6.4839386640898224 58.736391888830994 3.798944634426876 56.046216806821185 3.798944634426876 56.040531185373965 6.4839386640898224
T03393 59.99999999999999 5.142857142857143 61.35077316245214 6.483938664089821 61.34508754100491 3.798944634426875 58.654912458995106 3.798944634426875 58.64922683754789 6.483938664089822
T03394 62.608695652173914 5.142857142857143 63.95946881462606 6.4839386640898224 63.953783193178836 3.798944634426876 61.263608111169034 3.798944634426875 61.25792248972181 6.483938664089822
T03395 65.21739130434783 5.142857142857143 66.56816446679997 6.483938664089822 66.56247884535276 3.798944634426875 63.87230376334294 3.798944634426875 63.86661814189571 6.4839386640898224
T03396 67.82608695652175 5.142857142857143 69.17686011897389 6.483938664089821 69.17117449752666 3.798944634426875 66.48099941551685 3.798944634426875 66.47531379406963 6.483938664089821
T03397 70.43478260869564 5.142857142857143 71.78555577114778 6.4839386640898224 71.77987014970056 3.798944634426875 69.08969506769076 3.798944634426875 69.08400944624353 6.4839386640898224
T03398 73.04347826086956 5.142857142857143 74.3942514233217 6.483938664089822 74.38856580187448 3.798944634426876 71.69839071986468 3.798944634426875 71.69270509841745 6.483938664089822
T03399 75.65217391304348 5.142857142857143 77.00294707549563 6.483938664089822 76.9972614540484 3.798944634426875 74.3070863720386 3.798944634426875 74.30140075059137 6.483938664089822
T03400 78.26086956521738 5.142857142857143 79.61164272766953 6.4839386640898224 79.60595710622229 3.798944634426876 76.91578202421249 3.798944634426876 76.91009640276526 6.4839386640898224
T03401 80.8695652173913 5.142857142857143 82.22033837984344 6.483938664089821 82.21465275839621 3.798944634426875 79.52447767638641 3.798944634426875 79.51879205493918 6.483938664089821
T03402 83.47826086956522 5.142857142857143 84.82903403201736 6.4839386640898224 84.82334841057013 3.798944634426876 82.13317332856033 3.798944634426876 82.12748770711309 6.4839386640898224
T03403 86.08695652173913 5.142857142857143 87.43772968419128 6.4839386640898224 87.43204406274404 3.798944634426876 84.74186898073424 3.798944634426876 84.73618335928701 6.4839386640898224
T03404 88.69565217391305 5.142857142857143 90.04642533636519 6.483938664089822 90.04073971491796 3.798944634426875 87.35056463290816 3.798944634426876 87.34487901146093 6.4839386640898224
T03405 91.30434782608695 5.142857142857143 92.6551209885391 6.4839386640898224 92.64943536709187 3.798944634426876 89.95926028508207 3.798944634426875 89.95357466363484 6.483938664089822
T03406 93.91304347826087 5.142857142857143 95.26381664071302 6.4839386640898224 95.25813101926579 3.798944634426876 92.56795593725599 3.798944634426876 92.56227031580876 6.4839386640898224
T03407 96.52173913043478 5.142857142857143 97.87251229288692 6.483938664089822 97.8668266714397 3.798944634426875 95.1766515894299 3.798944634426876 95.17096596798267 6.4839386640898224
T03408 99.13043478260869 5.142857142857143 100.48120794506083 6.483938664089822 100.4755223236136 3.798944634426876 97.7853472416038 3.798944634426876 97.77966162015657 6.483938664089822
T03409 101.73913043478261 5.142857142857143 103.08990359723477 6.483938664089821 103.08421797578752 3.798944634426875 100.39404289377772 3.798944634426875 100.3883572723305 6.483938664089821
T03410 104.34782608695652 5.142857142857143 105.69859924940866 6.483938664089822 105.69291362796143 3.798944634426875 103.00273854595163 3.798944634426875 102.9970529245044 6.4839386640898224
T03411 106.95652173913044 5.142857142857143 108.30729490158258 6.483938664089822 108.30160928013535 3.798944634426875 105.61143419812555 3.798944634426876 105.60574857667832 6.483938664089822
T03412 109.56521739130436 5.142857142857143 110.91599055375652 6.483938664089823 110.91030493230929 3.798944634426876 108.22012985029947 3.798944634426876 108.21444422885224 6.483938664089823
T03413 112.17391304347825 5.142857142857143 113.5246862059304 6.483938664089822 113.51900058448317 3.798944634426876 110.82882550247336 3.798944634426876 110.82313988102614 6.483938664089822
T03414 114.78260869565216 5.142857142857143 116.1333818581043 6.483938664089822 116.12769623665706 3.798944634426875 113.43752115464727 3.798944634426875 113.43183553320004 6.483938664089822
T03415 117.3913043478261 5.142857142857143 118.74207751027824 6.483938664089822 118.736391888831 3.798944634426875 116.04621680682119 3.798944634426876 116.04053118537396 6.4839386640898224
T03416 119.99999999999999 5.142857142857143 121.35077316245213 6.483938664089821 121.34508754100489 3.798944634426875 118.65491245899508 3.798944634426875 118.64922683754787 6.483938664089821
T03417 122.60869565217392 5.142857142857143 123.95946881462606 6.483938664089822 123.95378319317885 3.798944634426875 121.26360811116902 3.798944634426876 121.2579224897218 6.483938664089822
T03418 125.21739130434783 5.142857142857143 126.56816446679997 6.483938664089823 126.56247884535273 3.798944634426876 123.87230376334293 3.798944634426876 123.8666181418957 6.4839386640898224
T03419 127.82608695652172 5.142857142857143 129.17686011897388 6.4839386640898224 129.17117449752664 3.798944634426876 126.48099941551682 3.798944634426877 126.4753137940696 6.483938664089823
T03420 130.43478260869566 5.142857142857143 131.7855557711478 6.483938664089823 131.77987014970057 3.798944634426876 129.08969506769074 3.798944634426876 129.08400944624353 6.483938664089823
T03421 133.04347826086956 5.142857142857143 134.3942514233217 6.483938664089822 134.38856580187448 3.798944634426876 131.69839071986465 3.798944634426875 131.69270509841743 6.483938664089822
T03422 135.6521739130435 5.142857142857143 137.00294707549563 6.483938664089823 136.99726145404838 3.798944634426877 134.30708637203858 3.798944634426877 134.30140075059137 6.483938664089823
T03423 138.2608695652174 5.142857142857143 139.61164272766956 6.483938664089822 139.60595710622235 3.798944634426875 136.91578202421255 3.798944634426875 136.9100964027653 6.483938664089822
T03424 140.86956521739128 5.142857142857143 142.22033837984344 6.483938664089822 142.21465275839623 3.798944634426875 139.52447767638643 3.798944634426875 139.51879205493918 6.483938664089822
T03425 143.47826086956522 5.142857142857143 144.82903403201738 6.4839386640898224 144.82334841057013 3.798944634426876 142.13317332856033 3.798944634426876 142.12748770711312 6.4839386640898224
T03426 146.08695652173913 5.142857142857143 147.43772968419128 6.4839386640898224 147.43204406274404 3.798944634426876 144.74186898073424 3.798944634426876 144.736183359287 6.4839386640898224
T03427 148.69565217391303 5.142857142857143 150.04642533636516 6.4839386640898224 150.04073971491795 3.798944634426877 147.35056463290815 3.798944634426877 147.3448790114609 6.483938664089823
T03428 151.30434782608697 5.142857142857143 152.6551209885391 6.483938664089823 152.64943536709188 3.798944634426876 149.95926028508208 3.798944634426876 149.95357466363484 6.4839386640898224
T03429 153.91304347826087 5.142857142857143 155.26381664071303 6.483938664089822 155.25813101926582 3.798944634426875 152.56795593725602 3.798944634426876 152.56227031580877 6.4839386640898224
T03430 156.52173913043475 5.142857142857143 157.8725122928869 6.4839386640898224 157.86682667143967 3.798944634426877 155.17665158942987 3.798944634426876 155.17096596798265 6.483938664089822
T03431 159.1304347826087 5.142857142857143 160.48120794506085 6.4839386640898224 160.47552232361363 3.798944634426876 157.78534724160383 3.798944634426875 157.7796616201566 6.4839386640898224
T03432 161.7391304347826 5.142857142857143 163.08990359723475 6.4839386640898224 163.0842179757875 3.798944634426876 160.3940428937777 3.798944634426876 160.38835727233047 6.4839386640898224
T03433 164.34782608695653 5.142857142857143 165.69859924940866 6.483938664089821 165.69291362796145 3.798944634426875 163.00273854595164 3.798944634426875 162.9970529245044 6.483938664089821
T03434 166.95652173913044 5.142857142857143 168.30729490158257 6.4839386640898224 168.30160928013535 3.798944634426876 165.61143419812555 3.798944634426875 165.6057485766783 6.4839386640898224
T03435 169.56521739130434 5.142857142857143 170.91599055375647 6.483938664089822 170.91030493230926 3.798944634426875 168.22012985029946 3.798944634426875 168.21444422885222 6.483938664089822
T03436 172.17391304347825 5.142857142857143 173.5246862059304 6.483938664089822 173.5190005844832 3.798944634426876 170.8288255024734 3.798944634426876 170.82313988102615 6.483938664089822
T03437 174.78260869565216 5.142857142857143 176.13338185810431 6.483938664089822 176.1276962366571 3.798944634426876 173.4375211546473 3.798944634426876 173.43183553320006 6.483938664089822
T03438 177.3913043478261 5.142857142857143 178.74207751027825 6.483938664089822 178.73639188883104 3.798944634426876 176.0462168068212 3.798944634426876 176.04053118537396 6.483938664089822
T03439 180.0 5.142857142857143 181.35077316245213 6.483938664089822 181.34508754100492 3.798944634426876 178.6549124589951 3.798944634426876 178.64922683754787 6.4839386640898224
T03440 182.6086956521739 5.142857142857143 183.959468814626 6.483938664089822 183.9537831931788 3.798944634426876 181.263608111169 3.798944634426876 181.25792248972178 6.483938664089822
T03441 185.21739130434784 5.142857142857143 186.56816446679997 6.483938664089823 186.56247884535276 3.798944634426877 183.87230376334296 3.798944634426877 183.86661814189574 6.4839386640898224
T03442 187.82608695652175 5.142857142857143 189.17686011897388 6.483938664089822 189.17117449752666 3.798944634426876 186.48099941551686 3.798944634426876 186.47531379406965 6.483938664089822
T03443 190.43478260869563 5.142857142857143 191.78555577114776 6.4839386640898224 191.77987014970054 3.798944634426875 189.08969506769074 3.798944634426875 189.08400944624353 6.483938664089822
T03444 193.04347826086956 5.142857142857143 194.3942514233217 6.483938664089822 194.38856580187448 3.798944634426875 191.69839071986468 3.798944634426875 191.69270509841746 6.4839386640898224
T03445 195.65217391304347 5.142857142857143 197.0029470754956 6.483938664089821 196.99726145404838 3.798944634426875 194.30708637203855 3.798944634426876 194.30140075059134 6.483938664089822
T03446 198.26086956521738 5.142857142857143 199.6116427276695 6.4839386640898224 199.60595710622226 3.798944634426877 196.91578202421246 3.798944634426877 196.91009640276525 6.4839386640898224
T03447 200.8695652173913 5.142857142857143 202.2203383798434 6.4839386640898224 202.2146527583962 3.798944634426876 199.5244776763864 3.798944634426876 199.51879205493918 6.483938664089823
T03448 203.47826086956522 5.142857142857143 204.82903403201735 6.483938664089822 204.82334841057013 3.798944634426876 202.13317332856033 3.798944634426877 202.12748770711312 6.4839386640898224
T03449 206.08695652173913 5.142857142857143 207.43772968419125 6.4839386640898224 207.43204406274404 3.798944634426876 204.74186898073424 3.798944634426875 204.73618335928703 6.4839386640898224
T03450 208.69565217391303 5.142857142857143 210.04642533636516 6.483938664089822 210.04073971491795 3.798944634426875 207.35056463290815 3.798944634426875 207.34487901146093 6.4839386640898224
T03451 211.30434782608694 5.142857142857143 212.65512098853907 6.4839386640898224 212.64943536709185 3.798944634426876 209.95926028508205 3.798944634426876 209.9535746636348 6.4839386640898224
T03452 213.91304347826087 5.142857142857143 215.263816640713 6.483938664089822 215.25813101926576 3.798944634426875 212.56795593725596 3.798944634426876 212.56227031580875 6.4839386640898224
T03453 216.52173913043478 5.142857142857143 217.87251229288688 6.4839386640898224 217.86682667143967 3.798944634426876 215.17665158942987 3.798944634426875 215.17096596798265 6.483938664089822
T03454 219.13043478260872 5.142857142857143 220.48120794506085 6.483938664089822 220.47552232361363 3.798944634426875 217.78534724160383 3.798944634426875 217.7796616201566 6.483938664089822
T03455 221.7391304347826 5.142857142857143 223.08990359723472 6.4839386640898224 223.0842179757875 3.798944634426875 220.3940428937777 3.798944634426877 220.3883572723305 6.483938664089823
T03456 224.3478260869565 5.142857142857143 225.69859924940866 6.483938664089823 225.69291362796142 3.798944634426877 223.00273854595162 3.798944634426876 222.9970529245044 6.4839386640898224
T03457 226.95652173913044 5.142857142857143 228.30729490158257 6.4839386640898224 228.30160928013535 3.798944634426876 225.61143419812555 3.798944634426876 225.6057485766783 6.4839386640898224
T03458 229.56521739130432 5.142857142857143 230.91599055375642 6.4839386640898224 230.91030493230923 3.798944634426875 228.22012985029943 3.798944634426875 228.2144442288522 6.483938664089822
T03459 232.17391304347828 5.142857142857143 233.52468620593035 6.483938664089823 233.5190005844832 3.798944634426877 230.82882550247334 3.798944634426877 230.82313988102612 6.483938664089823
T03460 234.7826086956522 5.142857142857143 236.13338185810431 6.4839386640898224 236.12769623665704 3.798944634426876 233.4375211546473 3.798944634426876 233.43183553320003 6.483938664089823
T03461 237.39130434782606 5.142857142857143 238.74207751027822 6.4839386640898224 238.736391888831 3.798944634426876 236.04621680682115 3.798944634426875 236.040531185374 6.483938664089822
T03462 239.99999999999997 5.142857142857143 241.35077316245213 6.483938664089822 241.34508754100486 3.798944634426876 238.6549124589951 3.798944634426876 238.64922683754784 6.483938664089822
T03463 242.60869565217388 5.142857142857143 243.95946881462604 6.483938664089822 243.95378319317882 3.798944634426875 241.26360811116896 3.798944634426875 241.25792248972178 6.483938664089822
T03464 245.21739130434784 5.142857142857143 246.56816446679997 6.483938664089822 246.56247884535276 3.798944634426875 243.8723037633429 3.798944634426875 243.86661814189574 6.483938664089822
T03465 247.82608695652175 5.142857142857143 249.17686011897388 6.483938664089822 249.1711744975266 3.798944634426875 246.48099941551686 3.798944634426876 246.4753137940696 6.483938664089822
T03466 250.43478260869566 5.142857142857143 251.78555577114778 6.4839386640898224 251.77987014970057 3.798944634426876 249.0896950676907 3.798944634426876 249.0840094462435 6.4839386640898224
T03467 253.04347826086956 5.142857142857143 254.3942514233217 6.483938664089822 254.38856580187442 3.798944634426875 251.69839071986468 3.798944634426875 251.6927050984174 6.483938664089822
T03468 255.65217391304344 5.142857142857143 257.00294707549557 6.483938664089822 256.9972614540484 3.798944634426875 254.30708637203853 3.798944634426875 254.3014007505913 6.483938664089822
T03469 258.26086956521743 5.142857142857143 259.6116427276696 6.483938664089822 259.6059571062223 3.798944634426875 256.9157820242126 3.798944634426875 256.9100964027653 6.483938664089821
T03470 260.8695652173913 5.142857142857143 262.22033837984344 6.483938664089821 262.2146527583962 3.798944634426875 259.5244776763864 3.798944634426875 259.5187920549392 6.483938664089821
T03471 263.4782608695652 5.142857142857143 264.8290340320174 6.4839386640898224 264.82334841057013 3.798944634426876 262.1331733285603 3.798944634426876 262.12748770711306 6.4839386640898224
T03472 266.0869565217391 5.142857142857143 267.43772968419125 6.4839386640898224 267.432044062744 3.798944634426876 264.74186898073424 3.798944634426876 264.736183359287 6.4839386640898224
T03473 268.695652173913 5.142857142857143 270.0464253363652 6.483938664089822 270.04073971491795 3.798944634426875 267.3505646329081 3.798944634426876 267.3448790114609 6.4839386640898224
T03474 271.304347826087 5.142857142857143 272.6551209885391 6.4839386640898224 272.6494353670919 3.798944634426876 269.95926028508205 3.798944634426875 269.9535746636348 6.483938664089822
T03475 273.9130434782609 5.142857142857143 275.263816640713 6.4839386640898224 275.25813101926576 3.798944634426876 272.567955937256 3.798944634426876 272.56227031580875 6.4839386640898224
T03476 276.5217391304348 5.142857142857143 277.872512292887 6.483938664089822 277.8668266714397 3.798944634426876 275.17665158943 3.798944634426875 275.1709659679827 6.483938664089822
T03477 279.1304347826087 5.142857142857143 280.4812079450608 6.483938664089821 280.4755223236136 3.798944634426875 277.7853472416038 3.798944634426875 277.77966162015656 6.483938664089821
T03478 281.73913043478257 5.142857142857143 283.08990359723475 6.483938664089821 283.0842179757875 3.798944634426875 280.3940428937777 3.798944634426875 280.38835727233044 6.483938664089822
T03479 284.3478260869565 5.142857142857143 285.69859924940863 6.483938664089822 285.6929136279614 3.798944634426875 283.0027385459516 3.798944634426875 282.9970529245044 6.4839386640898224
T03480 286.95652173913044 5.142857142857143 288.30729490158257 6.483938664089822 288.3016092801353 3.798944634426875 285.61143419812555 3.798944634426876 285.6057485766783 6.483938664089822
T03481 289.5652173913044 5.142857142857143 290.91599055375656 6.483938664089823 290.91030493230926 3.798944634426876 288.22012985029954 3.798944634426876 288.21444422885224 6.483938664089823
T03482 292.17391304347825 5.142857142857143 293.5246862059304 6.483938664089822 293.51900058448314 3.798944634426875 290.82882550247336 3.798944634426875 290.8231398810261 6.483938664089821
T03483 294.7826086956522 5.142857142857143 296.13338185810437 6.483938664089822 296.1276962366571 3.798944634426875 293.43752115464736 3.798944634426875 293.43183553320006 6.483938664089822
T03484 297.39130434782606 5.142857142857143 298.7420775102782 6.483938664089822 298.73639188883095 3.798944634426876 296.0462168068212 3.798944634426876 296.04053118537394 6.4839386640898224
T03485 300.0 5.142857142857143 301.3507731624522 6.483938664089822 301.3450875410049 3.798944634426876 298.6549124589951 3.798944634426876 298.6492268375479 6.483938664089822
T03486 302.60869565217394 5.142857142857143 303.95946881462606 6.483938664089822 303.9537831931788 3.798944634426875 301.263608111169 3.798944634426875 301.25792248972175 6.483938664089822
T03487 305.2173913043478 5.142857142857143 306.56816446679994 6.4839386640898224 306.5624788453527 3.798944634426875 303.87230376334287 3.798944634426876 303.8666181418957 6.4839386640898224
T03488 307.82608695652175 5.142857142857143 309.17686011897393 6.4839386640898224 309.17117449752664 3.798944634426876 306.4809994155169 3.798944634426876 306.4753137940696 6.4839386640898224
T03489 310.4347826086956 5.142857142857143 311.78555577114776 6.483938664089823 311.7798701497005 3.798944634426876 309.0896950676907 3.798944634426876 309.0840094462435 6.4839386640898224
T03490 313.0434782608695 5.142857142857143 314.3942514233217 6.483938664089823 314.38856580187445 3.798944634426877 311.6983907198646 3.798944634426877 311.6927050984174 6.4839386640898224
T03491 315.6521739130435 5.142857142857143 317.0029470754956 6.4839386640898224 316.99726145404844 3.798944634426876 314.30708637203855 3.798944634426876 314.30140075059137 6.483938664089823
T03492 318.2608695652174 5.142857142857143 319.61164272766956 6.4839386640898224 319.60595710622226 3.798944634426876 316.9157820242125 3.798944634426876 316.91009640276525 6.4839386640898224
T03493 320.8695652173913 5.142857142857143 322.22033837984344 6.483938664089822 322.2146527583962 3.798944634426875 319.52447767638637 3.798944634426875 319.5187920549391 6.4839386640898224
T03494 323.4782608695652 5.142857142857143 324.8290340320173 6.483938664089822 324.8233484105701 3.798944634426876 322.13317332856025 3.798944634426876 322.12748770711306 6.4839386640898224
T03495 326.0869565217391 5.142857142857143 327.4377296841913 6.4839386640898224 327.432044062744 3.798944634426876 324.7418689807343 3.798944634426876 324.736183359287 6.4839386640898224
T03496 328.69565217391306 5.142857142857143 330.0464253363652 6.4839386640898224 330.040739714918 3.798944634426876 327.3505646329081 3.798944634426876 327.34487901146093 6.483938664089823
T03497 331.30434782608694 5.142857142857143 332.6551209885391 6.483938664089822 332.6494353670919 3.798944634426875 329.9592602850821 3.798944634426875 329.9535746636348 6.4839386640898224
T03498 333.9130434782609 5.142857142857143 335.263816640713 6.483938664089822 335.2581310192658 3.798944634426875 332.56795593725593 3.798944634426875 332.56227031580875 6.4839386640898224
T03499 336.52173913043475 5.142857142857143 337.8725122928869 6.4839386640898224 337.86682667143964 3.798944634426876 335.17665158942987 3.798944634426876 335.1709659679826 6.483938664089822
T03500 339.1304347826087 5.142857142857143 340.4812079450608 6.4839386640898224 340.4755223236136 3.798944634426875 337.7853472416038 3.798944634426876 337.7796616201565 6.4839386640898224
T03501 341.7391304347826 5.142857142857143 343.08990359723475 6.4839386640898224 343.08421797578757 3.798944634426877 340.3940428937777 3.798944634426877 340.3883572723305 6.4839386640898224
T03502 344.3478260869565 5.142857142857143 345.6985992494087 6.483938664089821 345.69291362796145 3.798944634426875 343.0027385459517 3.798944634426875 342.9970529245044 6.483938664089821
T03503 346.95652173913044 5.142857142857143 348.30729490158257 6.4839386640898224 348.3016092801354 3.798944634426876 345.6114341981255 3.798944634426875 345.6057485766783 6.4839386640898224
T03504 349.5652173913043 5.142857142857143 350.9159905537565 6.483938664089822 350.91030493230926 3.798944634426875 348.22012985029943 3.798944634426875 348.2144442288522 6.483938664089822
T03505 352.17391304347825 5.142857142857143 353.5246862059304 6.4839386640898224 353.51900058448314 3.798944634426876 350.8288255024733 3.798944634426876 350.82313988102607 6.4839386640898224
T03506 354.7826086956522 5.142857142857143 356.1333818581043 6.483938664089822 356.1276962366571 3.798944634426876 353.43752115464724 3.798944634426876 353.43183553320006 6.4839386640898224
T03507 357.3913043478261 5.142857142857143 358.7420775102783 6.483938664089822 358.736391888831 3.798944634426876 356.04621680682123 3.798944634426877 356.040531185374 6.4839386640898224
T03508 0.0 7.714285714285714 1.359070345838524 9.054648519068934 1.3504696699704433 6.369662043398886 358.64953033002956 6.369662043398887 358.6409296541615 9.054648519068936
T03509 2.608695652173913 7.714285714285714 3.9677659980124376 9.054648519068932 3.9591653221443575 6.369662043398886 1.2582259822034971 6.369662043398886 1.2496253063354168 9.054648519068932
T03510 5.217391304347826 7.714285714285714 6.576461650186351 9.054648519068934 6.567860974318269 6.369662043398887 3.86692163437741 6.369662043398886 3.858320958509331 9.054648519068934
T03511 7.826086956521739 7.714285714285714 9.185157302360265 9.054648519068934 9.176556626492184 6.369662043398886 6.475617286551325 6.369662043398886 6.4670166106832445 9.054648519068936
T03512 10.434782608695652 7.714285714285714 11.793852954534174 9.054648519068934 11.785252278666094 6.369662043398887 9.084312938725235 6.369662043398887 9.075712262857152 9.054648519068934
T03513 13.043478260869565 7.714285714285714 14.402548606708086 9.054648519068932 14.393947930840005 6.369662043398886 11.693008590899145 6.369662043398886 11.684407915031064 9.054648519068932
T03514 15.652173913043478 7.714285714285714 17.011244258882005 9.054648519068934 17.002643583013924 6.369662043398886 14.301704243073063 6.369662043398886 14.293103567204982 9.054648519068934
T03515 18.26086956521739 7.714285714285714 19.619939911055916 9.054648519068936 19.611339235187838 6.369662043398888 16.91039989524698 6.369662043398887 16.901799219378894 9.054648519068936
T03516 20.869565217391305 7.714285714285714 22.228635563229826 9.054648519068932 22.220034887361745 6.369662043398886 19.519095547420886 6.369662043398887 19.510494871552805 9.054648519068934
T03517 23.47826086956522 7.714285714285714 24.837331215403747 9.054648519068932 24.828730539535666 6.369662043398887 22.127791199594807 6.369662043398888 22.119190523726726 9.054648519068934
T03518 26.08695652173913 7.714285714285714 27.446026867577654 9.054648519068934 27.437426191709577 6.369662043398887 24.736486851768717 6.369662043398887 24.727886175900633 9.054648519068934
T03519 28.69565217391304 7.714285714285714 30.054722519751568 9.054648519068936 30.04612184388349 6.369662043398888 27.345182503942628 6.369662043398888 27.336581828074547 9.054648519068936
T03520 31.304347826086957 7.714285714285714 32.66341817192548 9.054648519068934 32.65481749605739 6.369662043398887 29.95387815611653 6.369662043398886 29.945277480248453 9.054648519068934
T03521 33.913043478260875 7.714285714285714 35.27211382409939 9.054648519068932 35.26351314823131 6.369662043398886 32.56257380829046 6.369662043398886 32.55397313242238 9.054648519068932
T03522 36.52173913043478 7.714285714285714 37.8808094762733 9.054648519068934 37.87220880040522 6.369662043398886 35.17126946046436 6.369662043398886 35.162668784596285 9.054648519068932
T03523 39.13043478260869 7.714285714285714 40.48950512844722 9.054648519068932 40.48090445257913 6.369662043398887 37.77996511263827 6.369662043398887 37.7713644367702 9.054648519068932
T03524 41.73913043478261 7.714285714285714 43.09820078062113 9.054648519068934 43.08960010475305 6.369662043398887 40.388660764812194 6.369662043398888 40.38006008894411 9.054648519068936
T03525 44.34782608695652 7.714285714285714 45.70689643279504 9.054648519068934 45.698295756926974 6.369662043398887 42.997356416986115 6.369662043398887 42.98875574111802 9.054648519068934
T03526 46.95652173913044 7.714285714285714 48.31559208496896 9.054648519068932 48.30699140910089 6.369662043398886 45.60605206916002 6.369662043398887 45.59745139329194 9.054648519068932
T03527 49.565217391304344 7.714285714285714 50.92428773714286 9.054648519068934 50.91568706127479 6.369662043398886 48.21474772133393 6.369662043398886 48.20614704546584 9.054648519068934
T03528 52.17391304347826 7.714285714285714 53.53298338931679 9.054648519068934 53.52438271344871 6.369662043398886 50.82344337350785 6.369662043398886 50.81484269763976 9.054648519068934
T03529 54.78260869565218 7.714285714285714 56.141679041490704 9.054648519068934 56.133078365622616 6.369662043398887 53.432139025681764 6.369662043398887 53.42353834981369 9.054648519068934
T03530 57.39130434782608 7.714285714285714 58.7503746936646 9.054648519068934 58.741774017796516 6.369662043398887 56.04083467785566 6.369662043398886 56.032234001987575 9.054648519068934
T03531 59.99999999999999 7.714285714285714 61.35907034583852 9.054648519068934 61.35046966997043 6.369662043398887 58.64953033002957 6.369662043398887 58.6409296541615 9.054648519068934
T03532 62.608695652173914 7.714285714285714 63.96776599801243 9.054648519068934 63.95916532214436 6.369662043398886 61.2582259822035 6.369662043398886 61.24962530633542 9.054648519068932
T03533 65.21739130434783 7.714285714285714 66.57646165018635 9.054648519068934 66.56786097431826 6.369662043398887 63.866921634377405 6.369662043398887 63.85832095850933 9.054648519068936
T03534 67.82608695652175 7.714285714285714 69.18515730236027 9.054648519068934 69.17655662649219 6.369662043398887 66.47561728655133 6.369662043398887 66.46701661068325 9.054648519068934
T03535 70.43478260869564 7.714285714285714 71.79385295453417 9.054648519068934 71.78525227866609 6.369662043398886 69.08431293872523 6.369662043398886 69.07571226285715 9.054648519068934
T03536 73.04347826086956 7.714285714285714 74.40254860670808 9.054648519068934 74.39394793084 6.369662043398887 71.69300859089915 6.369662043398886 71.68440791503107 9.054648519068934
T03537 75.65217391304348 7.714285714285714 77.011244258882 9.054648519068932 77.00264358301392 6.369662043398887 74.30170424307308 6.369662043398886 74.29310356720498 9.054648519068932
T03538 78.26086956521738 7.714285714285714 79.61993991105591 9.054648519068936 79.61133923518781 6.369662043398887 76.91039989524697 6.369662043398887 76.90179921937889 9.054648519068936
T03539 80.8695652173913 7.714285714285714 82.22863556322982 9.054648519068934 82.22003488736175 6.369662043398888 79.51909554742089 6.369662043398888 79.51049487155281 9.054648519068934
T03540 83.47826086956522 7.714285714285714 84.83733121540374 9.054648519068934 84.82873053953567 6.369662043398888 82.12779119959481 6.369662043398888 82.11919052372672 9.054648519068934
T03541 86.08695652173913 7.714285714285714 87.44602686757766 9.054648519068934 87.43742619170958 6.369662043398886 84.73648685176872 6.369662043398887 84.72788617590064 9.054648519068934
T03542 88.69565217391305 7.714285714285714 90.05472251975156 9.054648519068934 90.0461218438835 6.369662043398887 87.34518250394264 6.369662043398887 87.33658182807456 9.054648519068936
T03543 91.30434782608695 7.714285714285714 92.66341817192547 9.054648519068936 92.6548174960574 6.369662043398887 89.95387815611655 6.369662043398887 89.94527748024845 9.054648519068934
T03544 93.91304347826087 7.714285714285714 95.2721138240994 9.054648519068934 95.26351314823133 6.369662043398886 92.56257380829047 6.369662043398886 92.55397313242239 9.054648519068934
T03545 96.52173913043478 7.714285714285714 97.8808094762733 9.054648519068932 97.87220880040523 6.369662043398887 95.17126946046437 6.369662043398888 95.16266878459629 9.054648519068934
T03546 99.13043478260869 7.714285714285714 100.4895051284472 9.054648519068936 100.48090445257914 6.369662043398888 97.77996511263828 6.369662043398889 97.7713644367702 9.054648519068936
T03547 101.73913043478261 7.714285714285714 103.09820078062114 9.054648519068934 103.08960010475305 6.369662043398886 100.3886607648122 6.369662043398885 100.38006008894412 9.054648519068934
T03548 104.34782608695652 7.714285714285714 105.70689643279503 9.054648519068932 105.69829575692697 6.369662043398886 102.99735641698611 6.369662043398887 102.98875574111803 9.054648519068934
T03549 106.95652173913044 7.714285714285714 108.31559208496896 9.054648519068934 108.30699140910089 6.369662043398886 105.60605206916003 6.369662043398887 105.59745139329193 9.054648519068936
T03550 109.56521739130436 7.714285714285714 110.9242877371429 9.054648519068936 110.91568706127481 6.369662043398887 108.21474772133395 6.369662043398887 108.20614704546587 9.054648519068936
T03551 112.17391304347825 7.714285714285714 113.53298338931678 9.054648519068936 113.5243827134487 6.369662043398888 110.82344337350784 6.369662043398888 110.81484269763976 9.054648519068936
T03552 114.78260869565216 7.714285714285714 116.14167904149069 9.054648519068934 116.13307836562261 6.369662043398887 113.43213902568175 6.369662043398887 113.42353834981367 9.054648519068934
T03553 117.3913043478261 7.714285714285714 118.75037469366463 9.054648519068934 118.74177401779653 6.369662043398886 116.04083467785567 6.369662043398887 116.0322340019876 9.054648519068936
T03554 119.99999999999999 7.714285714285714 121.35907034583852 9.054648519068934 121.35046966997044 6.369662043398887 118.64953033002956 6.369662043398887 118.64092965416148 9.054648519068934
T03555 122.60869565217392 7.714285714285714 123.96776599801245 9.054648519068934 123.95916532214437 6.369662043398886 121.2582259822035 6.369662043398886 121.24962530633542 9.054648519068934
T03556 125.21739130434783 7.714285714285714 126.57646165018633 9.054648519068936 126.56786097431828 6.369662043398888 123.8669216343774 6.369662043398888 123.85832095850931 9.054648519068934
T03557 127.82608695652172 7.714285714285714 129.18515730236027 9.054648519068934 129.1765566264922 6.369662043398886 126.47561728655133 6.369662043398887 126.46701661068325 9.054648519068934
T03558 130.43478260869566 7.714285714285714 131.7938529545342 9.054648519068934 131.7852522786661 6.369662043398887 129.08431293872522 6.369662043398887 129.07571226285714 9.054648519068936
T03559 133.04347826086956 7.714285714285714 134.40254860670808 9.054648519068932 134.39394793084 6.369662043398886 131.69300859089913 6.369662043398886 131.68440791503104 9.054648519068932
T03560 135.6521739130435 7.714285714285714 137.01124425888202 9.054648519068934 137.00264358301393 6.369662043398887 134.30170424307306 6.369662043398888 134.293103567205 9.054648519068936
T03561 138.2608695652174 7.714285714285714 139.61993991105595 9.054648519068934 139.61133923518787 6.369662043398888 136.910399895247 6.369662043398887 136.90179921937892 9.054648519068932
T03562 140.86956521739128 7.714285714285714 142.22863556322983 9.054648519068932 142.22003488736175 6.369662043398887 139.51909554742087 6.369662043398887 139.5104948715528 9.054648519068932
T03563 143.47826086956522 7.714285714285714 144.83733121540376 9.054648519068934 144.82873053953568 6.369662043398886 142.1277911995948 6.369662043398886 142.11919052372673 9.054648519068934
T03564 146.08695652173913 7.714285714285714 147.44602686757764 9.054648519068934 147.43742619170956 6.369662043398887 144.73648685176872 6.369662043398887 144.7278861759006 9.054648519068934
T03565 148.69565217391303 7.714285714285714 150.05472251975155 9.054648519068936 150.04612184388347 6.369662043398887 147.34518250394262 6.369662043398888 147.33658182807454 9.054648519068936
T03566 151.30434782608697 7.714285714285714 152.66341817192546 9.054648519068936 152.6548174960574 6.369662043398888 149.95387815611653 6.369662043398888 149.94527748024845 9.054648519068936
T03567 153.91304347826087 7.714285714285714 155.27211382409942 9.054648519068932 155.26351314823134 6.369662043398887 152.56257380829047 6.369662043398888 152.5539731324224 9.054648519068934
T03568 156.52173913043475 7.714285714285714 157.8808094762733 9.054648519068932 157.87220880040522 6.369662043398887 155.17126946046434 6.369662043398887 155.1626687845963 9.054648519068932
T03569 159.1304347826087 7.714285714285714 160.48950512844723 9.054648519068934 160.48090445257915 6.369662043398887 157.77996511263828 6.369662043398887 157.7713644367702 9.054648519068934
T03570 161.7391304347826 7.714285714285714 163.09820078062114 9.054648519068936 163.08960010475306 6.369662043398887 160.3886607648122 6.369662043398887 160.38006008894408 9.054648519068936
T03571 164.34782608695653 7.714285714285714 165.70689643279505 9.054648519068932 165.69829575692697 6.369662043398885 162.9973564169861 6.369662043398885 162.988755741118 9.054648519068934
T03572 166.95652173913044 7.714285714285714 168.31559208496896 9.054648519068934 168.30699140910087 6.369662043398886 165.60605206916 6.369662043398886 165.59745139329195 9.054648519068932
T03573 169.56521739130434 7.714285714285714 170.92428773714286 9.054648519068934 170.91568706127478 6.369662043398887 168.2147477213339 6.369662043398887 168.20614704546585 9.054648519068934
T03574 172.17391304347825 7.714285714285714 173.5329833893168 9.054648519068934 173.52438271344872 6.369662043398886 170.82344337350784 6.369662043398886 170.81484269763976 9.054648519068934
T03575 174.78260869565216 7.714285714285714 176.1416790414907 9.054648519068934 176.13307836562262 6.369662043398885 173.43213902568175 6.369662043398886 173.42353834981367 9.054648519068934
T03576 177.3913043478261 7.714285714285714 178.75037469366464 9.054648519068934 178.74177401779656 6.369662043398886 176.04083467785568 6.369662043398887 176.03223400198758 9.054648519068934
T03577 180.0 7.714285714285714 181.35907034583852 9.054648519068934 181.35046966997044 6.369662043398886 178.64953033002956 6.369662043398887 178.64092965416148 9.054648519068936
T03578 182.6086956521739 7.714285714285714 183.9677659980124 9.054648519068932 183.95916532214432 6.369662043398887 181.25822598220347 6.369662043398886 181.2496253063354 9.054648519068934
T03579 185.21739130434784 7.714285714285714 186.57646165018636 9.054648519068936 186.56786097431828 6.369662043398887 183.86692163437743 6.369662043398887 183.85832095850935 9.054648519068936
T03580 187.82608695652175 7.714285714285714 189.18515730236027 9.054648519068934 189.1765566264922 6.369662043398886 186.47561728655134 6.369662043398886 186.46701661068326 9.054648519068934
T03581 190.43478260869563 7.714285714285714 191.79385295453415 9.054648519068936 191.78525227866606 6.369662043398887 189.08431293872522 6.369662043398887 189.07571226285714 9.054648519068934
T03582 193.04347826086956 7.714285714285714 194.40254860670808 9.054648519068932 194.39394793084 6.369662043398886 191.69300859089915 6.369662043398886 191.68440791503107 9.054648519068932
T03583 195.65217391304347 7.714285714285714 197.011244258882 9.054648519068934 197.0026435830139 6.369662043398886 194.30170424307306 6.369662043398886 194.29310356720495 9.054648519068936
T03584 198.26086956521738 7.714285714285714 199.6199399110559 9.054648519068936 199.61133923518778 6.369662043398888 196.91039989524694 6.369662043398887 196.90179921937886 9.054648519068936
T03585 200.8695652173913 7.714285714285714 202.2286355632298 9.054648519068932 202.22003488736172 6.369662043398886 199.51909554742087 6.369662043398887 199.5104948715528 9.054648519068934
T03586 203.47826086956522 7.714285714285714 204.83733121540374 9.054648519068934 204.82873053953566 6.369662043398887 202.1277911995948 6.369662043398888 202.11919052372673 9.054648519068936
T03587 206.08695652173913 7.714285714285714 207.44602686757764 9.054648519068934 207.43742619170956 6.369662043398887 204.73648685176872 6.369662043398887 204.72788617590064 9.054648519068934
T03588 208.69565217391303 7.714285714285714 210.05472251975155 9.054648519068934 210.04612184388347 6.369662043398887 207.34518250394262 6.369662043398887 207.33658182807454 9.054648519068936
T03589 211.30434782608694 7.714285714285714 212.66341817192546 9.054648519068934 212.65481749605738 6.369662043398886 209.9538781561165 6.369662043398886 209.94527748024842 9.054648519068934
T03590 213.91304347826087 7.714285714285714 215.2721138240994 9.054648519068932 215.26351314823128 6.369662043398886 212.56257380829044 6.369662043398886 212.55397313242236 9.054648519068932
T03591 216.52173913043478 7.714285714285714 217.88080947627327 9.054648519068932 217.8722088004052 6.369662043398886 215.17126946046434 6.369662043398885 215.16266878459626 9.054648519068932
T03592 219.13043478260872 7.714285714285714 220.48950512844723 9.054648519068934 220.48090445257915 6.369662043398886 217.7799651126383 6.369662043398887 217.77136443677023 9.054648519068932
T03593 221.7391304347826 7.714285714285714 223.0982007806211 9.054648519068934 223.08960010475303 6.369662043398888 220.3886607648122 6.369662043398888 220.3800600889441 9.054648519068936
T03594 224.3478260869565 7.714285714285714 225.70689643279502 9.054648519068936 225.69829575692694 6.369662043398886 222.9973564169861 6.369662043398886 222.988755741118 9.054648519068934
T03595 226.95652173913044 7.714285714285714 228.31559208496896 9.054648519068934 228.30699140910087 6.369662043398887 225.60605206916003 6.369662043398887 225.59745139329192 9.054648519068932
T03596 229.56521739130432 7.714285714285714 230.92428773714283 9.054648519068934 230.91568706127475 6.369662043398886 228.2147477213339 6.369662043398886 228.2061470454658 9.054648519068932
T03597 232.17391304347828 7.714285714285714 233.53298338931677 9.054648519068934 233.5243827134487 6.369662043398886 230.82344337350784 6.369662043398887 230.81484269763976 9.054648519068934
T03598 234.7826086956522 7.714285714285714 236.14167904149068 9.054648519068934 236.1330783656226 6.369662043398888 233.4321390256817 6.369662043398888 233.42353834981367 9.054648519068936
T03599 237.39130434782606 7.714285714285714 238.75037469366458 9.054648519068934 238.7417740177965 6.369662043398886 236.04083467785566 6.369662043398886 236.03223400198758 9.054648519068932
T03600 239.99999999999997 7.714285714285714 241.3590703458385 9.054648519068934 241.3504696699704 6.369662043398887 238.6495303300295 6.369662043398887 238.64092965416148 9.054648519068934
T03601 242.60869565217388 7.714285714285714 243.9677659980124 9.054648519068932 243.95916532214432 6.369662043398885 241.25822598220347 6.369662043398886 241.2496253063354 9.054648519068934
T03602 245.21739130434784 7.714285714285714 246.57646165018636 9.054648519068934 246.56786097431825 6.369662043398886 243.8669216343774 6.369662043398887 243.85832095850932 9.054648519068934
T03603 247.82608695652175 7.714285714285714 249.18515730236024 9.054648519068934 249.17655662649216 6.369662043398887 246.4756172865513 6.369662043398888 246.46701661068323 9.054648519068936
T03604 250.43478260869566 7.714285714285714 251.79385295453415 9.054648519068936 251.78525227866606 6.369662043398887 249.08431293872522 6.369662043398887 249.07571226285714 9.054648519068936
T03605 253.04347826086956 7.714285714285714 254.40254860670805 9.054648519068934 254.39394793083997 6.369662043398886 251.69300859089913 6.369662043398886 251.68440791503104 9.054648519068934
T03606 255.65217391304344 7.714285714285714 257.01124425888196 9.054648519068932 257.0026435830139 6.369662043398887 254.30170424307303 6.369662043398887 254.29310356720495 9.054648519068932
T03607 258.26086956521743 7.714285714285714 259.61993991105595 9.054648519068934 259.61133923518787 6.369662043398886 256.91039989524705 6.369662043398886 256.901799219379 9.054648519068934
T03608 260.8695652173913 7.714285714285714 262.22863556322983 9.054648519068934 262.22003488736175 6.369662043398888 259.5190955474209 6.369662043398888 259.5104948715528 9.054648519068934
T03609 263.4782608695652 7.714285714285714 264.8373312154037 9.054648519068934 264.8287305395356 6.369662043398888 262.1277911995948 6.369662043398887 262.11919052372673 9.054648519068934
T03610 266.0869565217391 7.714285714285714 267.44602686757764 9.054648519068934 267.43742619170956 6.369662043398886 264.7364868517687 6.369662043398886 264.7278861759006 9.054648519068934
T03611 268.695652173913 7.714285714285714 270.0547225197515 9.054648519068934 270.04612184388344 6.369662043398887 267.3451825039426 6.369662043398887 267.3365818280745 9.054648519068936
T03612 271.304347826087 7.714285714285714 272.66341817192546 9.054648519068936 272.6548174960574 6.369662043398887 269.95387815611656 6.369662043398887 269.9452774802485 9.054648519068934
T03613 273.9130434782609 7.714285714285714 275.2721138240994 9.054648519068934 275.2635131482313 6.369662043398886 272.56257380829044 6.369662043398886 272.55397313242236 9.054648519068934
T03614 276.5217391304348 7.714285714285714 277.8808094762733 9.054648519068932 277.87220880040525 6.369662043398887 275.17126946046443 6.369662043398887 275.16266878459635 9.054648519068932
T03615 279.1304347826087 7.714285714285714 280.4895051284472 9.054648519068934 280.4809044525791 6.369662043398888 277.77996511263825 6.369662043398888 277.77136443677017 9.054648519068934
T03616 281.73913043478257 7.714285714285714 283.0982007806211 9.054648519068934 283.089600104753 6.369662043398886 280.3886607648122 6.369662043398886 280.3800600889441 9.054648519068936
T03617 284.3478260869565 7.714285714285714 285.706896432795 9.054648519068932 285.69829575692694 6.369662043398887 282.99735641698607 6.369662043398887 282.988755741118 9.054648519068934
T03618 286.95652173913044 7.714285714285714 288.31559208496896 9.054648519068932 288.3069914091009 6.369662043398886 285.60605206916 6.369662043398886 285.5974513932919 9.054648519068934
T03619 289.5652173913044 7.714285714285714 290.9242877371429 9.054648519068936 290.9156870612748 6.369662043398887 288.214747721334 6.369662043398886 288.2061470454659 9.054648519068936
T03620 292.17391304347825 7.714285714285714 293.53298338931677 9.054648519068934 293.5243827134487 6.369662043398888 290.8234433735078 6.369662043398887 290.81484269763973 9.054648519068934
T03621 294.7826086956522 7.714285714285714 296.1416790414907 9.054648519068934 296.1330783656226 6.369662043398887 293.4321390256818 6.369662043398887 293.4235383498137 9.054648519068934
T03622 297.39130434782606 7.714285714285714 298.7503746936646 9.054648519068932 298.7417740177965 6.369662043398885 296.0408346778556 6.369662043398886 296.03223400198755 9.054648519068934
T03623 300.0 7.714285714285714 301.3590703458385 9.054648519068934 301.35046966997044 6.369662043398887 298.6495303300296 6.369662043398887 298.6409296541615 9.054648519068936
T03624 302.60869565217394 7.714285714285714 303.96776599801245 9.054648519068932 303.9591653221443 6.369662043398885 301.2582259822035 6.369662043398886 301.2496253063354 9.054648519068932
T03625 305.2173913043478 7.714285714285714 306.57646165018633 9.054648519068934 306.56786097431825 6.369662043398887 303.8669216343774 6.369662043398887 303.8583209585093 9.054648519068934
T03626 307.82608695652175 7.714285714285714 309.18515730236027 9.054648519068934 309.1765566264922 6.369662043398886 306.47561728655137 6.369662043398886 306.4670166106833 9.054648519068934
T03627 310.4347826086956 7.714285714285714 311.79385295453415 9.054648519068934 311.78525227866606 6.369662043398887 309.0843129387252 6.369662043398887 309.0757122628571 9.054648519068934
T03628 313.0434782608695 7.714285714285714 314.402548606708 9.054648519068934 314.39394793083994 6.369662043398887 311.6930085908991 6.369662043398887 311.68440791503104 9.054648519068934
T03629 315.6521739130435 7.714285714285714 317.011244258882 9.054648519068934 317.00264358301393 6.369662043398887 314.30170424307306 6.369662043398887 314.293103567205 9.054648519068934
T03630 318.2608695652174 7.714285714285714 319.6199399110559 9.054648519068936 319.6113392351878 6.369662043398889 316.91039989524694 6.369662043398888 316.90179921937886 9.054648519068934
T03631 320.8695652173913 7.714285714285714 322.22863556322983 9.054648519068932 322.2200348873617 6.369662043398887 319.5190955474209 6.369662043398887 319.5104948715528 9.054648519068932
T03632 323.4782608695652 7.714285714285714 324.8373312154037 9.054648519068932 324.8287305395356 6.369662043398886 322.12779119959475 6.369662043398886 322.1191905237267 9.054648519068934
T03633 326.0869565217391 7.714285714285714 327.44602686757764 9.054648519068932 327.43742619170956 6.369662043398887 324.73648685176875 6.369662043398886 324.72788617590066 9.054648519068932
T03634 328.69565217391306 7.714285714285714 330.0547225197516 9.054648519068934 330.0461218438835 6.369662043398886 327.3451825039426 6.369662043398887 327.33658182807454 9.054648519068934
T03635 331.30434782608694 7.714285714285714 332.66341817192546 9.054648519068934 332.6548174960574 6.369662043398887 329.95387815611656 6.369662043398887 329.9452774802485 9.054648519068934
T03636 333.9130434782609 7.714285714285714 335.2721138240994 9.054648519068932 335.2635131482313 6.369662043398887 332.56257380829044 6.369662043398887 332.55397313242236 9.054648519068934
T03637 336.52173913043475 7.714285714285714 337.88080947627327 9.054648519068932 337.8722088004052 6.369662043398887 335.1712694604643 6.369662043398886 335.16266878459624 9.054648519068932
T03638 339.1304347826087 7.714285714285714 340.48950512844715 9.054648519068932 340.48090445257907 6.369662043398886 337.77996511263825 6.369662043398886 337.77136443677017 9.054648519068934
T03639 341.7391304347826 7.714285714285714 343.09820078062114 9.054648519068936 343.08960010475306 6.369662043398887 340.3886607648122 6.369662043398887 340.3800600889441 9.054648519068936
T03640 344.3478260869565 7.714285714285714 345.706896432795 9.054648519068934 345.69829575692694 6.369662043398886 342.9973564169861 6.369662043398886 342.98875574111804 9.054648519068934
T03641 346.95652173913044 7.714285714285714 348.31559208496896 9.054648519068932 348.3069914091009 6.369662043398886 345.60605206916 6.369662043398886 345.5974513932919 9.054648519068932
T03642 349.5652173913043 7.714285714285714 350.92428773714283 9.054648519068934 350.91568706127475 6.369662043398887 348.21474772133394 6.369662043398887 348.2061470454658 9.054648519068934
T03643 352.17391304347825 7.714285714285714 353.53298338931677 9.054648519068936 353.5243827134487 6.369662043398886 350.8234433735078 6.369662043398886 350.81484269763973 9.054648519068934
T03644 354.7826086956522 7.714285714285714 356.1416790414907 9.054648519068934 356.1330783656226 6.369662043398886 353.43213902568175 6.369662043398886 353.42353834981367 9.054648519068934
T03645 357.3913043478261 7.714285714285714 358.75037469366464 9.054648519068934 358.74177401779656 6.369662043398887 356.04083467785574 6.369662043398887 356.03223400198766 9.054648519068934
T03646 0.0 10.285714285714286 1.3702455697199394 11.625348013699176 1.3586411271954217 8.94037228677409 358.64135887280463 8.94037228677409 358.62975443028006 11.625348013699176
T03647 2.627737226277372 10.285714285714286 3.997982795997311 11.625348013699174 3.9863783534727943 8.94037228677409 1.2690960990819784 8.94037228677409 1.257491656557461 11.625348013699176
T03648 5.255474452554744 10.285714285714286 6.625720022274684 11.625348013699176 6.614115579750166 8.94037228677409 3.8968333253593515 8.940372286774092 3.885228882834834 11.625348013699176
T03649 7.883211678832117 10.285714285714286 9.253457248552056 11.625348013699178 9.24185280602754 8.940372286774092 6.5245705516367245 8.940372286774092 6.512966109112206 11.625348013699178
T03650 10.510948905109489 10.285714285714286 11.88119447482943 11.625348013699178 11.86959003230491 8.940372286774092 9.152307777914094 8.940372286774092 9.140703335389576 11.625348013699178
T03651 13.13868613138686 10.285714285714286 14.5089317011068 11.625348013699176 14.497327258582283 8.940372286774092 11.780045004191466 8.940372286774092 11.768440561666948 11.625348013699176
T03652 15.766423357664234 10.285714285714286 17.136668927384175 11.625348013699176 17.125064484859656 8.94037228677409 14.407782230468841 8.94037228677409 14.396177787944325 11.625348013699178
T03653 18.394160583941606 10.285714285714286 19.764406153661543 11.625348013699176 19.752801711137025 8.94037228677409 17.035519456746208 8.94037228677409 17.023915014221693 11.625348013699178
T03654 21.021897810218977 10.285714285714286 22.39214337993892 11.625348013699176 22.3805389374144 8.94037228677409 19.663256683023587 8.94037228677409 19.651652240499068 11.625348013699176
T03655 23.649635036496353 10.285714285714286 25.019880606216287 11.625348013699174 25.00827616369177 8.94037228677409 22.290993909300955 8.94037228677409 22.27938946677644 11.625348013699174
T03656 26.27737226277372 10.285714285714286 27.647617832493665 11.625348013699176 27.636013389969143 8.94037228677409 24.918731135578334 8.940372286774092 24.907126693053815 11.625348013699178
T03657 28.905109489051096 10.285714285714286 30.275355058771037 11.625348013699176 30.263750616246522 8.940372286774092 27.546468361855705 8.940372286774092 27.534863919331183 11.625348013699176
T03658 31.532846715328468 10.285714285714286 32.9030922850484 11.625348013699174 32.89148784252389 8.940372286774092 30.174205588133077 8.94037228677409 30.16260114560855 11.625348013699174
T03659 34.16058394160584 10.285714285714286 35.53082951132578 11.625348013699176 35.51922506880126 8.94037228677409 32.80194281441045 8.940372286774092 32.79033837188593 11.625348013699178
T03660 36.78832116788321 10.285714285714286 38.15856673760315 11.625348013699176 38.14696229507864 8.94037228677409 35.42968004068781 8.94037228677409 35.41807559816329 11.625348013699178
T03661 39.416058394160586 10.285714285714286 40.786303963880535 11.625348013699178 40.77469952135601 8.940372286774092 38.0574172669652 8.94037228677409 38.04581282444068 11.625348013699178
T03662 42.043795620437955 10.285714285714286 43.4140411901579 11.625348013699178 43.40243674763338 8.940372286774092 40.685154493242564 8.940372286774092 40.67355005071805 11.625348013699178
T03663 44.67153284671533 10.285714285714286 46.04177841643527 11.625348013699176 46.030173973910756 8.94037228677409 43.312891719519946 8.94037228677409 43.301287276995424 11.625348013699178
T03664 47.299270072992705 10.285714285714286 48.66951564271264 11.625348013699178 48.65791120018812 8.94037228677409 45.9406289457973 8.94037228677409 45.929024503272785 11.625348013699176
T03665 49.92700729927007 10.285714285714286 51.29725286899 11.625348013699174 51.28564842646549 8.940372286774092 48.56836617207467 8.940372286774092 48.55676172955015 11.625348013699176
T03666 52.55474452554744 10.285714285714286 53.924990095267376 11.625348013699176 53.91338565274286 8.94037228677409 51.19610339835204 8.94037228677409 51.18449895582752 11.625348013699176
T03667 55.18248175182482 10.285714285714286 56.55272732154476 11.625348013699174 56.541122879020236 8.94037228677409 53.823840624629426 8.94037228677409 53.81223618210491 11.625348013699176
T03668 57.81021897810219 10.285714285714286 59.18046454782213 11.625348013699176 59.168860105297625 8.94037228677409 56.4515778509068 8.940372286774092 56.43997340838228 11.625348013699176
T03669 60.43795620437956 10.285714285714286 61.80820177409949 11.625348013699178 61.79659733157498 8.940372286774092 59.079315077184155 8.94037228677409 59.06771063465964 11.625348013699178
T03670 63.065693430656935 10.285714285714286 64.43593900037688 11.625348013699176 64.42433455785236 8.94037228677409 61.707052303461545 8.94037228677409 61.69544786093702 11.625348013699178
T03671 65.69343065693431 10.285714285714286 67.06367622665425 11.625348013699178 67.05207178412972 8.940372286774092 64.33478952973891 8.940372286774092 64.32318508721438 11.625348013699176
T03672 68.32116788321169 10.285714285714286 69.69141345293163 11.625348013699176 69.67980901040711 8.94037228677409 66.96252675601629 8.94037228677409 66.95092231349177 11.625348013699178
T03673 70.94890510948905 10.285714285714286 72.31915067920899 11.625348013699174 72.30754623668449 8.94037228677409 69.59026398229366 8.94037228677409 69.57865953976915 11.625348013699174
T03674 73.57664233576642 10.285714285714286 74.94688790548636 11.625348013699176 74.93528346296185 8.94037228677409 72.21800120857102 8.94037228677409 72.20639676604651 11.625348013699176
T03675 76.2043795620438 10.285714285714286 77.57462513176374 11.625348013699178 77.56302068923922 8.94037228677409 74.8457384348484 8.94037228677409 74.8341339923239 11.625348013699176
T03676 78.83211678832117 10.285714285714286 80.20236235804113 11.625348013699176 80.1907579155166 8.940372286774092 77.47347566112579 8.940372286774092 77.46187121860126 11.625348013699176
T03677 81.45985401459855 10.285714285714286 82.83009958431849 11.625348013699176 82.81849514179396 8.940372286774092 80.10121288740315 8.940372286774092 80.08960844487864 11.625348013699176
T03678 84.08759124087591 10.285714285714286 85.45783681059585 11.625348013699176 85.44623236807134 8.94037228677409 82.72895011368053 8.94037228677409 82.717345671156 11.625348013699178
T03679 86.71532846715328 10.285714285714286 88.08557403687323 11.625348013699174 88.0739695943487 8.94037228677409 85.35668733995789 8.94037228677409 85.34508289743337 11.625348013699174
T03680 89.34306569343066 10.285714285714286 90.7133112631506 11.625348013699176 90.70170682062609 8.94037228677409 87.98442456623526 8.94037228677409 87.97282012371075 11.625348013699174
T03681 91.97080291970804 10.285714285714286 93.34104848942798 11.625348013699176 93.32944404690346 8.940372286774092 90.61216179251265 8.94037228677409 90.60055734998812 11.625348013699174
T03682 94.59854014598541 10.285714285714286 95.96878571570535 11.625348013699178 95.95718127318082 8.94037228677409 93.23989901879001 8.940372286774092 93.2282945762655 11.625348013699178
T03683 97.22627737226277 10.285714285714286 98.59652294198271 11.625348013699176 98.5849184994582 8.94037228677409 95.86763624506739 8.94037228677409 95.85603180254286 11.625348013699176
T03684 99.85401459854015 10.285714285714286 101.22426016826009 11.625348013699178 101.21265572573556 8.94037228677409 98.49537347134475 8.94037228677409 98.48376902882023 11.625348013699178
T03685 102.48175182481752 10.285714285714286 103.85199739453746 11.625348013699178 103.84039295201295 8.940372286774092 101.12311069762212 8.940372286774092 101.11150625509761 11.625348013699178
T03686 105.10948905109488 10.285714285714286 106.47973462081482 11.625348013699176 106.46813017829031 8.94037228677409 103.7508479238995 8.94037228677409 103.73924348137497 11.625348013699176
T03687 107.73722627737227 10.285714285714286 109.10747184709221 11.625348013699176 109.09586740456768 8.94037228677409 106.37858515017687 8.94037228677409 106.36698070765236 11.625348013699178
T03688 110.36496350364963 10.285714285714286 111.73520907336957 11.625348013699178 111.72360463084506 8.94037228677409 109.00632237645424 8.940372286774092 108.99471793392972 11.625348013699176
T03689 112.99270072992701 10.285714285714286 114.36294629964696 11.625348013699176 114.35134185712245 8.94037228677409 111.63405960273163 8.940372286774092 111.6224551602071 11.625348013699176
T03690 115.62043795620438 10.285714285714286 116.99068352592431 11.625348013699178 116.97907908339981 8.940372286774092 114.26179682900899 8.940372286774092 114.25019238648447 11.625348013699178
T03691 118.24817518248176 10.285714285714286 119.61842075220171 11.625348013699178 119.6068163096772 8.94037228677409 116.88953405528638 8.94037228677409 116.87792961276186 11.625348013699176
T03692 120.87591240875912 10.285714285714286 122.24615797847905 11.625348013699178 122.23455353595452 8.940372286774092 119.51727128156371 8.940372286774092 119.5056668390392 11.625348013699178
T03693 123.5036496350365 10.285714285714286 124.87389520475642 11.625348013699174 124.86229076223194 8.94037228677409 122.14500850784111 8.940372286774092 122.1334040653166 11.625348013699176
T03694 126.13138686131387 10.285714285714286 127.50163243103381 11.625348013699176 127.49002798850928 8.940372286774092 124.77274573411847 8.94037228677409 124.76114129159394 11.625348013699176
T03695 128.75912408759123 10.285714285714286 130.12936965731117 11.625348013699172 130.11776521478666 8.940372286774092 127.40048296039582 8.940372286774092 127.38887851787133 11.625348013699174
T03696 131.38686131386862 10.285714285714286 132.75710688358853 11.625348013699176 132.74550244106402 8.940372286774092 130.0282201866732 8.94037228677409 130.01661574414868 11.625348013699174
T03697 134.01459854014598 10.285714285714286 135.38484410986592 11.625348013699178 135.37323966734144 8.940372286774092 132.65595741295058 8.940372286774092 132.64435297042607 11.625348013699178
T03698 136.64233576642337 10.285714285714286 138.0125813361433 11.625348013699176 138.00097689361877 8.94037228677409 135.28369463922797 8.94037228677409 135.27209019670346 11.625348013699176
T03699 139.27007299270073 10.285714285714286 140.64031856242065 11.625348013699176 140.62871411989613 8.940372286774092 137.9114318655053 8.940372286774092 137.89982742298082 11.625348013699178
T03700 141.8978102189781 10.285714285714286 143.26805578869804 11.625348013699178 143.25645134617355 8.940372286774092 140.53916909178272 8.940372286774092 140.5275646492582 11.625348013699176
T03701 144.52554744525548 10.285714285714286 145.89579301497542 11.625348013699176 145.8841885724509 8.94037228677409 143.16690631806011 8.94037228677409 143.15530187553557 11.625348013699176
T03702 147.15328467153284 10.285714285714286 148.52353024125276 11.625348013699176 148.51192579872824 8.94037228677409 145.79464354433745 8.94037228677409 145.78303910181293 11.625348013699176
T03703 149.7810218978102 10.285714285714286 151.15126746753015 11.625348013699176 151.13966302500563 8.94037228677409 148.42238077061484 8.94037228677409 148.41077632809032 11.625348013699176
T03704 152.4087591240876 10.285714285714286 153.77900469380754 11.625348013699176 153.76740025128302 8.94037228677409 151.05011799689223 8.94037228677409 151.03851355436768 11.625348013699174
T03705 155.03649635036496 10.285714285714286 156.40674192008487 11.625348013699176 156.39513747756035 8.940372286774092 153.67785522316956 8.940372286774092 153.66625078064504 11.625348013699176
T03706 157.66423357664235 10.285714285714286 159.03447914636232 11.625348013699176 159.0228747038378 8.94037228677409 156.30559244944698 8.940372286774092 156.29398800692246 11.625348013699176
T03707 160.2919708029197 10.285714285714286 161.66221637263968 11.625348013699174 161.65061193011513 8.94037228677409 158.93332967572434 8.94037228677409 158.92172523319982 11.625348013699174
T03708 162.9197080291971 10.285714285714286 164.289953598917 11.625348013699176 164.27834915639252 8.94037228677409 161.5610669020017 8.94037228677409 161.54946245947718 11.625348013699176
T03709 165.54744525547446 10.285714285714286 166.91769082519437 11.625348013699178 166.90608638266988 8.940372286774092 164.18880412827903 8.940372286774092 164.17719968575454 11.62534801369918
T03710 168.17518248175182 10.285714285714286 169.54542805147176 11.625348013699178 169.53382360894727 8.940372286774092 166.81654135455645 8.940372286774092 166.80493691203193 11.625348013699178
T03711 170.8029197080292 10.285714285714286 172.17316527774915 11.625348013699176 172.16156083522463 8.940372286774092 169.4442785808338 8.94037228677409 169.4326741383093 11.625348013699176
T03712 173.43065693430657 10.285714285714286 174.80090250402648 11.625348013699178 174.789298061502 8.94037228677409 172.07201580711117 8.94037228677409 172.06041136458666 11.625348013699178
T03713 176.05839416058393 10.285714285714286 177.42863973030387 11.625348013699174 177.41703528777938 8.94037228677409 174.69975303338856 8.94037228677409 174.68814859086405 11.625348013699176
T03714 178.68613138686132 10.285714285714286 180.05637695658126 11.625348013699174 180.04477251405672 8.94037228677409 177.32749025966595 8.94037228677409 177.3158858171414 11.625348013699174
T03715 181.3138686131387 10.285714285714286 182.68411418285862 11.625348013699176 182.6725097403341 8.94037228677409 179.9552274859433 8.940372286774092 179.9436230434188 11.625348013699176
T03716 183.94160583941607 10.285714285714286 185.311851409136 11.625348013699176 185.3002469666115 8.94037228677409 182.58296471222067 8.94037228677409 182.57136026969616 11.625348013699174
T03717 186.56934306569343 10.285714285714286 187.93958863541337 11.625348013699176 187.92798419288883 8.94037228677409 185.21070193849803 8.94037228677409 185.19909749597352 11.625348013699178
T03718 189.19708029197082 10.285714285714286 190.56732586169073 11.625348013699176 190.55572141916622 8.94037228677409 187.83843916477542 8.940372286774092 187.82683472225088 11.625348013699178
T03719 191.82481751824818 10.285714285714286 193.19506308796812 11.625348013699176 193.1834586454436 8.94037228677409 190.46617639105278 8.940372286774092 190.45457194852827 11.625348013699178
T03720 194.45255474452554 10.285714285714286 195.82280031424548 11.625348013699178 195.81119587172097 8.940372286774092 193.09391361733014 8.940372286774092 193.08230917480563 11.625348013699178
T03721 197.08029197080293 10.285714285714286 198.45053754052287 11.625348013699176 198.43893309799833 8.94037228677409 195.72165084360753 8.94037228677409 195.710046401083 11.625348013699178
T03722 199.7080291970803 10.285714285714286 201.0782747668002 11.625348013699176 201.0666703242757 8.94037228677409 198.34938806988487 8.940372286774092 198.33778362736035 11.625348013699176
T03723 202.33576642335765 10.285714285714286 203.7060119930776 11.625348013699176 203.69440755055308 8.94037228677409 200.97712529616226 8.94037228677409 200.96552085363774 11.625348013699174
T03724 204.96350364963504 10.285714285714286 206.33374921935498 11.625348013699176 206.32214477683044 8.940372286774092 203.60486252243965 8.940372286774092 203.5932580799151 11.625348013699176
T03725 207.59124087591243 10.285714285714286 208.96148644563235 11.625348013699174 208.94988200310783 8.94037228677409 206.232599748717 8.94037228677409 206.2209953061925 11.625348013699176
T03726 210.21897810218977 10.285714285714286 211.5892236719097 11.625348013699176 211.5776192293852 8.94037228677409 208.86033697499437 8.94037228677409 208.84873253246985 11.625348013699178
T03727 212.84671532846716 10.285714285714286 214.2169608981871 11.625348013699176 214.20535645566255 8.94037228677409 211.48807420127176 8.94037228677409 211.47646975874724 11.625348013699176
T03728 215.47445255474454 10.285714285714286 216.84469812446446 11.625348013699178 216.83309368193994 8.940372286774092 214.11581142754912 8.940372286774092 214.1042069850246 11.62534801369918
T03729 218.1021897810219 10.285714285714286 219.47243535074185 11.625348013699176 219.46083090821733 8.94037228677409 216.7435486538265 8.940372286774092 216.731944211302 11.625348013699178
T03730 220.72992700729927 10.285714285714286 222.1001725770192 11.625348013699176 222.0885681344947 8.94037228677409 219.37128588010387 8.94037228677409 219.35968143757935 11.625348013699176
T03731 223.35766423357666 10.285714285714286 224.72790980329657 11.625348013699176 224.71630536077205 8.94037228677409 221.99902310638126 8.94037228677409 221.98741866385672 11.625348013699176
T03732 225.98540145985402 10.285714285714286 227.35564702957396 11.625348013699174 227.34404258704944 8.94037228677409 224.62676033265862 8.94037228677409 224.6151558901341 11.625348013699174
T03733 228.61313868613138 10.285714285714286 229.98338425585135 11.625348013699174 229.9717798133268 8.94037228677409 227.25449755893598 8.940372286774092 227.24289311641147 11.625348013699176
T03734 231.24087591240877 10.285714285714286 232.6111214821287 11.625348013699176 232.59951703960414 8.94037228677409 229.8822347852134 8.94037228677409 229.87063034268883 11.625348013699174
T03735 233.86861313868613 10.285714285714286 235.23885870840604 11.625348013699176 235.2272542658815 8.94037228677409 232.50997201149073 8.940372286774092 232.4983675689662 11.625348013699176
T03736 236.49635036496352 10.285714285714286 237.86659593468346 11.625348013699178 237.85499149215894 8.940372286774092 235.1377092377681 8.940372286774092 235.1261047952436 11.625348013699176
T03737 239.12408759124088 10.285714285714286 240.49433316096082 11.625348013699176 240.4827287184363 8.94037228677409 237.76544646404545 8.940372286774092 237.75384202152094 11.625348013699176
T03738 241.75182481751824 10.285714285714286 243.12207038723815 11.625348013699178 243.11046594471367 8.94037228677409 240.39318369032281 8.94037228677409 240.3815792477983 11.625348013699178
T03739 244.37956204379563 10.285714285714286 245.74980761351557 11.625348013699174 245.73820317099103 8.94037228677409 243.02092091660026 8.94037228677409 243.00931647407572 11.625348013699176
T03740 247.007299270073 10.285714285714286 248.37754483979293 11.625348013699176 248.3659403972684 8.940372286774092 245.64865814287762 8.94037228677409 245.63705370035308 11.625348013699174
T03741 249.63503649635035 10.285714285714286 251.00528206607027 11.625348013699178 250.99367762354572 8.940372286774092 248.27639536915495 8.940372286774092 248.2647909266304 11.625348013699178
T03742 252.26277372262774 10.285714285714286 253.63301929234768 11.625348013699178 253.6214148498232 8.94037228677409 250.90413259543232 8.94037228677409 250.89252815290783 11.625348013699178
T03743 254.8905109489051 10.285714285714286 256.26075651862504 11.625348013699176 256.24915207610053 8.94037228677409 253.53186982170968 8.94037228677409 253.5202653791852 11.625348013699176
T03744 257.51824817518246 10.285714285714286 258.8884937449024 11.625348013699178 258.8768893023779 8.940372286774092 256.15960704798704 8.940372286774092 256.1480026054625 11.62534801369918
T03745 260.1459854014599 10.285714285714286 261.5162309711798 11.625348013699178 261.50462652865525 8.940372286774092 258.7873442742645 8.940372286774092 258.77573983173994 11.62534801369918
T03746 262.77372262773724 10.285714285714286 264.1439681974571 11.625348013699176 264.1323637549326 8.940372286774092 261.4150815005418 8.94037228677409 261.4034770580173 11.625348013699176
T03747 265.4014598540146 10.285714285714286 266.77170542373455 11.625348013699176 266.7601009812101 8.94037228677409 264.0428187268192 8.94037228677409 264.0312142842947 11.625348013699176
T03748 268.02919708029196 10.285714285714286 269.3994426500119 11.625348013699174 269.3878382074874 8.94037228677409 266.67055595309654 8.940372286774092 266.6589515105721 11.625348013699178
T03749 270.6569343065693 10.285714285714286 272.02717987628927 11.625348013699174 272.01557543376475 8.94037228677409 269.2982931793739 8.94037228677409 269.2866887368494 11.625348013699176
T03750 273.28467153284674 10.285714285714286 274.6549171025667 11.625348013699176 274.6433126600421 8.94037228677409 271.9260304056514 8.94037228677409 271.9144259631268 11.625348013699176
T03751 275.9124087591241 10.285714285714286 277.28265432884405 11.625348013699178 277.2710498863195 8.940372286774092 274.55376763192874 8.94037228677409 274.54216318940416 11.625348013699176
T03752 278.54014598540147 10.285714285714286 279.9103915551214 11.625348013699172 279.89878711259684 8.94037228677409 277.1815048582061 8.94037228677409 277.1699004156815 11.625348013699174
T03753 281.1678832116789 10.285714285714286 282.5381287813988 11.625348013699176 282.5265243388743 8.94037228677409 279.8092420844835 8.94037228677409 279.797637641959 11.625348013699176
T03754 283.7956204379562 10.285714285714286 285.16586600767613 11.625348013699176 285.15426156515167 8.94037228677409 282.43697931076076 8.940372286774092 282.4253748682363 11.625348013699178
T03755 286.42335766423355 10.285714285714286 287.7936032339535 11.625348013699176 287.781998791429 8.94037228677409 285.0647165370381 8.94037228677409 285.05311209451366 11.625348013699176
T03756 289.05109489051097 10.285714285714286 290.4213404602309 11.625348013699176 290.40973601770634 8.94037228677409 287.6924537633156 8.940372286774092 287.680849320791 11.625348013699176
T03757 291.6788321167883 10.285714285714286 293.04907768650827 11.625348013699174 293.0374732439837 8.94037228677409 290.32019098959296 8.94037228677409 290.3085865470684 11.625348013699176
T03758 294.3065693430657 10.285714285714286 295.67681491278563 11.625348013699176 295.66521047026106 8.940372286774092 292.9479282158703 8.940372286774092 292.93632377334575 11.625348013699178
T03759 296.9343065693431 10.285714285714286 298.30455213906305 11.625348013699176 298.2929476965386 8.940372286774092 295.57566544214774 8.940372286774092 295.5640609996232 11.625348013699176
T03760 299.5620437956204 10.285714285714286 300.93228936534035 11.625348013699176 300.9206849228159 8.94037228677409 298.203402668425 8.94037228677409 298.1917982259005 11.625348013699176
T03761 302.1897810218978 10.285714285714286 303.5600265916177 11.625348013699174 303.5484221490932 8.94037228677409 300.83113989470235 8.94037228677409 300.8195354521779 11.625348013699176
T03762 304.8175182481752 10.285714285714286 306.18776381789513 11.625348013699176 306.17615937537056 8.940372286774092 303.45887712097976 8.940372286774092 303.44727267845525 11.625348013699176
T03763 307.44525547445255 10.285714285714286 308.8155010441725 11.625348013699178 308.8038966016479 8.940372286774092 306.0866143472571 8.940372286774092 306.0750099047326 11.625348013699176
T03764 310.0729927007299 10.285714285714286 311.44323827044985 11.625348013699176 311.4316338279253 8.940372286774092 308.7143515735345 8.940372286774092 308.70274713100997 11.625348013699176
T03765 312.70072992700733 10.285714285714286 314.0709754967272 11.625348013699176 314.05937105420276 8.94037228677409 311.3420887998119 8.94037228677409 311.3304843572874 11.625348013699178
T03766 315.3284671532847 10.285714285714286 316.69871272300463 11.625348013699176 316.6871082804801 8.94037228677409 313.96982602608927 8.94037228677409 313.9582215835648 11.625348013699176
T03767 317.95620437956205 10.285714285714286 319.326449949282 11.625348013699176 319.3148455067575 8.940372286774092 316.5975632523666 8.940372286774092 316.58595880984217 11.625348013699178
T03768 320.5839416058394 10.285714285714286 321.95418717555935 11.625348013699176 321.9425827330348 8.94037228677409 319.22530047864404 8.94037228677409 319.2136960361195 11.625348013699176
T03769 323.2116788321168 10.285714285714286 324.5819244018367 11.625348013699176 324.57031995931214 8.94037228677409 321.85303770492135 8.94037228677409 321.84143326239683 11.625348013699176
T03770 325.8394160583942 10.285714285714286 327.20966162811413 11.625348013699178 327.1980571855896 8.940372286774092 324.4807749311988 8.940372286774092 324.46917048867425 11.625348013699178
T03771 328.46715328467155 10.285714285714286 329.8373988543915 11.625348013699174 329.825794411867 8.94037228677409 327.1085121574762 8.94037228677409 327.0969077149516 11.625348013699172
T03772 331.0948905109489 10.285714285714286 332.4651360806688 11.625348013699174 332.45353163814434 8.940372286774092 329.7362493837535 8.94037228677409 329.724644941229 11.625348013699174
T03773 333.7226277372263 10.285714285714286 335.0928733069462 11.625348013699176 335.0812688644217 8.940372286774092 332.3639866100309 8.94037228677409 332.3523821675064 11.625348013699176
T03774 336.35036496350364 10.285714285714286 337.7206105332236 11.625348013699178 337.70900609069906 8.94037228677409 334.99172383630827 8.940372286774092 334.98011939378375 11.625348013699176
T03775 338.978102189781 10.285714285714286 340.34834775950094 11.625348013699176 340.33674331697637 8.94037228677409 337.6194610625856 8.940372286774092 337.60785662006106 11.625348013699176
T03776 341.6058394160584 10.285714285714286 342.97608498577836 11.625348013699178 342.96448054325384 8.940372286774092 340.247198288863 8.94037228677409 340.2355938463385 11.625348013699178
T03777 344.2335766423358 10.285714285714286 345.6038222120557 11.625348013699176 345.5922177695312 8.94037228677409 342.87493551514035 8.94037228677409 342.86333107261584 11.625348013699176
T03778 346.86131386861314 10.285714285714286 348.2315594383331 11.625348013699176 348.21995499580856 8.940372286774092 345.5026727414177 8.940372286774092 345.4910682988932 11.625348013699176
T03779 349.48905109489056 10.285714285714286 350.8592966646105 11.625348013699178 350.84769222208604 8.940372286774092 348.13040996769513 8.940372286774092 348.11880552517067 11.625348013699178
T03780 352.11678832116786 10.285714285714286 353.4870338908878 11.625348013699176 353.4754294483633 8.940372286774092 350.75814719397243 8.94037228677409 350.746542751448 11.625348013699176
T03781 354.7445255474452 10.285714285714286 356.11477111716516 11.625348013699176 356.10316667464065 8.940372286774092 353.3858844202498 8.940372286774092 353.37427997772534 11.625348013699178
T03782 357.37226277372264 10.285714285714286 358.7425083434426 11.625348013699176 358.73090390091807 8.940372286774092 356.0136216465272 8.94037228677409 356.0020172040027 11.625348013699176
T03783 0.0 12.857142857142858 1.3844161255287786 14.196033912171764 1.3696861656846684 11.511072309187258 358.63031383431536 11.511072309187258 358.61558387447127 14.196033912171764
T03784 2.6470588235294117 12.857142857142858 4.03147494905819 14.196033912171762 4.0167449892140805 11.511072309187256 1.2773726578447708 11.511072309187256 1.262642698000661 14.196033912171762
T03785 5.294117647058823 12.857142857142858 6.678533772587602 14.196033912171764 6.663803812743492 11.511072309187258 3.9244314813741834 11.51107230918726 3.909701521530074 14.196033912171764
T03786 7.9411764705882355 12.857142857142858 9.325592596117016 14.196033912171764 9.310862636272907 11.511072309187258 6.571490304903596 11.511072309187258 6.556760345059486 14.196033912171764
T03787 10.588235294117647 12.857142857142858 11.972651419646427 14.196033912171762 11.957921459802316 11.511072309187258 9.218549128433008 11.511072309187258 9.203819168588897 14.196033912171762
T03788 13.23529411764706 12.857142857142858 14.61971024317584 14.196033912171762 14.604980283331729 11.511072309187258 11.865607951962419 11.511072309187258 11.85087799211831 14.196033912171764
T03789 15.882352941176471 12.857142857142858 17.266769066705244 14.196033912171762 17.252039106861137 11.511072309187258 14.512666775491828 11.511072309187258 14.49793681564772 14.196033912171764
T03790 18.529411764705884 12.857142857142858 19.91382789023466 14.196033912171764 19.89909793039055 11.511072309187258 17.159725599021243 11.511072309187258 17.144995639177136 14.196033912171764
T03791 21.176470588235293 12.857142857142858 22.56088671376407 14.196033912171762 22.54615675391996 11.511072309187258 19.806784422550653 11.511072309187258 19.792054462706542 14.196033912171762
T03792 23.823529411764707 12.857142857142858 25.207945537293487 14.196033912171766 25.19321557744938 11.511072309187258 22.45384324608007 11.511072309187258 22.43911328623596 14.196033912171766
T03793 26.47058823529412 12.857142857142858 27.855004360822903 14.196033912171766 27.84027440097879 11.511072309187258 25.10090206960948 11.511072309187258 25.08617210976537 14.196033912171764
T03794 29.11764705882353 12.857142857142858 30.502063184352302 14.19603391217176 30.4873332245082 11.511072309187258 27.747960893138885 11.511072309187258 27.73323093329477 14.19603391217176
T03795 31.764705882352942 12.857142857142858 33.14912200788172 14.196033912171762 33.134392048037604 11.511072309187258 30.395019716668298 11.511072309187258 30.38028975682419 14.196033912171764
T03796 34.41176470588235 12.857142857142858 35.79618083141113 14.196033912171762 35.78145087156702 11.511072309187256 33.04207854019771 11.511072309187256 33.0273485803536 14.196033912171762
T03797 37.05882352941177 12.857142857142858 38.44323965494055 14.196033912171764 38.42850969509644 11.511072309187258 35.68913736372713 11.511072309187258 35.674407403883016 14.196033912171764
T03798 39.70588235294118 12.857142857142858 41.09029847846997 14.196033912171764 41.07556851862586 11.511072309187258 38.33619618725655 11.511072309187258 38.32146622741244 14.196033912171766
T03799 42.35294117647059 12.857142857142858 43.73735730199937 14.196033912171762 43.72262734215526 11.511072309187258 40.98325501078596 11.511072309187258 40.96852505094184 14.196033912171762
T03800 45.0 12.857142857142858 46.38441612552878 14.196033912171764 46.36968616568467 11.511072309187258 43.63031383431536 11.511072309187258 43.61558387447125 14.196033912171762
T03801 47.64705882352941 12.857142857142858 49.03147494905819 14.196033912171762 49.016744989214075 11.511072309187258 46.277372657844765 11.511072309187258 46.26264269800066 14.196033912171762
T03802 50.294117647058826 12.857142857142858 51.678533772587606 14.196033912171764 51.66380381274349 11.511072309187258 48.924431481374185 11.511072309187258 48.909701521530074 14.196033912171764
T03803 52.94117647058824 12.857142857142858 54.32559259611701 14.196033912171764 54.3108626362729 11.511072309187258 51.57149030490359 11.511072309187256 51.55676034505948 14.196033912171762
T03804 55.58823529411765 12.857142857142858 56.972651419646425 14.19603391217176 56.95792145980232 11.511072309187256 54.21854912843301 11.511072309187258 54.20381916858889 14.196033912171762
T03805 58.23529411764706 12.857142857142858 59.61971024317584 14.196033912171764 59.60498028333173 11.511072309187258 56.86560795196242 11.511072309187258 56.850877992118306 14.196033912171764
T03806 60.88235294117648 12.857142857142858 62.26676906670526 14.19603391217176 62.25203910686115 11.511072309187256 59.51266677549183 11.511072309187258 59.49793681564772 14.196033912171762
T03807 63.529411764705884 12.857142857142858 64.91382789023466 14.196033912171764 64.89909793039055 11.511072309187258 62.159725599021236 11.511072309187258 62.144995639177125 14.196033912171764
T03808 66.1764705882353 12.857142857142858 67.56088671376409 14.196033912171764 67.54615675391997 11.511072309187258 64.80678442255066 11.511072309187258 64.79205446270656 14.196033912171766
T03809 68.8235294117647 12.857142857142858 70.20794553729348 14.19603391217176 70.19321557744937 11.511072309187256 67.45384324608007 11.511072309187256 67.43911328623597 14.196033912171762
T03810 71.47058823529412 12.857142857142858 72.8550043608229 14.196033912171762 72.84027440097879 11.511072309187256 70.10090206960948 11.511072309187258 70.08617210976536 14.196033912171762
T03811 74.11764705882354 12.857142857142858 75.50206318435231 14.196033912171764 75.4873332245082 11.511072309187258 72.7479608931389 11.511072309187258 72.73323093329479 14.196033912171764
T03812 76.76470588235294 12.857142857142858 78.14912200788172 14.196033912171764 78.13439204803761 11.511072309187258 75.3950197166683 11.511072309187258 75.38028975682418 14.196033912171762
T03813 79.41176470588236 12.857142857142858 80.79618083141115 14.196033912171762 80.78145087156705 11.511072309187258 78.04207854019772 11.511072309187258 78.02734858035362 14.196033912171762
T03814 82.05882352941177 12.857142857142858 83.44323965494056 14.196033912171764 83.42850969509644 11.511072309187258 80.68913736372713 11.511072309187258 80.67440740388302 14.196033912171764
T03815 84.70588235294117 12.857142857142858 86.09029847846996 14.196033912171766 86.07556851862584 11.51107230918726 83.33619618725653 11.51107230918726 83.32146622741243 14.196033912171764
T03816 87.3529411764706 12.857142857142858 88.73735730199938 14.196033912171762 88.72262734215526 11.511072309187256 85.98325501078595 11.511072309187258 85.96852505094184 14.196033912171764
T03817 90.0 12.857142857142858 91.38441612552877 14.196033912171764 91.36968616568467 11.511072309187258 88.63031383431536 11.511072309187258 88.61558387447124 14.196033912171764
T03818 92.64705882352942 12.857142857142858 94.0314749490582 14.196033912171762 94.01674498921409 11.511072309187256 91.27737265784478 11.511072309187256 91.26264269800066 14.196033912171762
T03819 95.29411764705883 12.857142857142858 96.67853377258761 14.196033912171764 96.66380381274351 11.51107230918726 93.92443148137419 11.51107230918726 93.90970152153008 14.196033912171764
T03820 97.94117647058823 12.857142857142858 99.32559259611702 14.196033912171764 99.3108626362729 11.511072309187258 96.57149030490359 11.511072309187258 96.55676034505949 14.196033912171764
T03821 100.58823529411765 12.857142857142858 101.97265141964644 14.196033912171762 101.95792145980232 11.511072309187258 99.21854912843301 11.511072309187258 99.2038191685889 14.19603391217176
T03822 103.23529411764706 12.857142857142858 104.61971024317585 14.196033912171764 104.60498028333173 11.511072309187258 101.86560795196242 11.511072309187258 101.8508779921183 14.196033912171764
T03823 105.88235294117648 12.857142857142858 107.26676906670525 14.196033912171762 107.25203910686115 11.511072309187258 104.51266677549184 11.511072309187258 104.49793681564772 14.196033912171764
T03824 108.52941176470588 12.857142857142858 109.91382789023466 14.196033912171764 109.89909793039055 11.511072309187258 107.15972559902124 11.511072309187258 107.14499563917713 14.196033912171764
T03825 111.1764705882353 12.857142857142858 112.56088671376409 14.196033912171764 112.54615675391997 11.511072309187258 109.80678442255066 11.511072309187258 109.79205446270656 14.196033912171764
T03826 113.82352941176471 12.857142857142858 115.2079455372935 14.196033912171766 115.19321557744937 11.511072309187258 112.45384324608007 11.511072309187258 112.43911328623597 14.196033912171766
T03827 116.47058823529412 12.857142857142858 117.8550043608229 14.196033912171766 117.8402744009788 11.511072309187258 115.10090206960949 11.511072309187258 115.08617210976536 14.196033912171764
T03828 119.11764705882352 12.857142857142858 120.50206318435231 14.196033912171762 120.48733322450818 11.511072309187258 117.74796089313887 11.511072309187258 117.73323093329476 14.196033912171762
T03829 121.76470588235296 12.857142857142858 123.14912200788173 14.196033912171764 123.13439204803761 11.511072309187258 120.39501971666832 11.511072309187258 120.3802897568242 14.196033912171764
T03830 124.41176470588236 12.857142857142858 125.79618083141114 14.196033912171762 125.78145087156702 11.511072309187256 123.0420785401977 11.511072309187256 123.0273485803536 14.196033912171762
T03831 127.05882352941177 12.857142857142858 128.44323965494056 14.196033912171764 128.42850969509644 11.511072309187258 125.68913736372713 11.511072309187258 125.67440740388301 14.196033912171764
T03832 129.7058823529412 12.857142857142858 131.09029847846998 14.196033912171764 131.0755685186259 11.511072309187258 128.33619618725655 11.511072309187258 128.32146622741243 14.196033912171766
T03833 132.3529411764706 12.857142857142858 133.7373573019994 14.19603391217176 133.72262734215528 11.511072309187256 130.983255010786 11.511072309187258 130.96852505094188 14.196033912171762
T03834 135.0 12.857142857142858 136.3844161255288 14.196033912171764 136.36968616568467 11.511072309187258 133.63031383431536 11.511072309187258 133.61558387447124 14.196033912171762
T03835 137.6470588235294 12.857142857142858 139.03147494905818 14.196033912171762 139.01674498921406 11.511072309187258 136.27737265784478 11.511072309187258 136.26264269800066 14.196033912171762
T03836 140.29411764705884 12.857142857142858 141.67853377258763 14.196033912171764 141.66380381274348 11.511072309187258 138.92443148137417 11.511072309187258 138.90970152153008 14.196033912171764
T03837 142.94117647058823 12.857142857142858 144.32559259611702 14.196033912171764 144.3108626362729 11.511072309187258 141.57149030490362 11.511072309187256 141.55676034505947 14.196033912171762
T03838 145.58823529411765 12.857142857142858 146.9726514196464 14.196033912171764 146.9579214598023 11.511072309187258 144.218549128433 11.511072309187258 144.2038191685889 14.196033912171764
T03839 148.23529411764707 12.857142857142858 149.61971024317586 14.196033912171764 149.60498028333174 11.511072309187258 146.86560795196243 11.511072309187258 146.8508779921183 14.196033912171764
T03840 150.88235294117646 12.857142857142858 152.26676906670525 14.19603391217176 152.25203910686116 11.511072309187256 149.51266677549185 11.511072309187258 149.49793681564773 14.196033912171762
T03841 153.52941176470588 12.857142857142858 154.91382789023467 14.196033912171766 154.89909793039052 11.511072309187258 152.15972559902124 11.511072309187258 152.14499563917713 14.196033912171766
T03842 156.1764705882353 12.857142857142858 157.5608867137641 14.196033912171764 157.54615675391997 11.511072309187258 154.8067844225507 11.511072309187258 154.79205446270655 14.196033912171764
T03843 158.82352941176472 12.857142857142858 160.2079455372935 14.196033912171764 160.1932155774494 11.511072309187258 157.4538432460801 11.511072309187258 157.439113286236 14.196033912171764
T03844 161.47058823529412 12.857142857142858 162.8550043608229 14.196033912171762 162.84027440097879 11.511072309187256 160.10090206960948 11.511072309187256 160.08617210976536 14.196033912171762
T03845 164.11764705882354 12.857142857142858 165.50206318435232 14.196033912171762 165.48733322450823 11.511072309187258 162.74796089313892 11.511072309187258 162.7332309332948 14.196033912171762
T03846 166.76470588235296 12.857142857142858 168.14912200788174 14.196033912171764 168.1343920480376 11.511072309187258 165.39501971666832 11.511072309187258 165.3802897568242 14.196033912171764
T03847 169.41176470588235 12.857142857142858 170.79618083141114 14.19603391217176 170.78145087156702 11.511072309187256 168.04207854019774 11.511072309187258 168.0273485803536 14.196033912171762
T03848 172.05882352941177 12.857142857142858 173.44323965494056 14.196033912171766 173.4285096950964 11.511072309187258 170.68913736372713 11.511072309187258 170.674407403883 14.196033912171766
T03849 174.7058823529412 12.857142857142858 176.09029847846998 14.196033912171764 176.07556851862586 11.511072309187258 173.33619618725655 11.511072309187258 173.32146622741243 14.196033912171762
T03850 177.3529411764706 12.857142857142858 178.7373573019994 14.196033912171764 178.72262734215528 11.511072309187256 175.983255010786 11.511072309187258 175.96852505094188 14.196033912171764
T03851 180.0 12.857142857142858 181.38441612552876 14.196033912171764 181.36968616568467 11.511072309187258 178.63031383431536 11.511072309187258 178.61558387447124 14.196033912171764
T03852 182.6470588235294 12.857142857142858 184.03147494905815 14.196033912171762 184.01674498921406 11.511072309187256 181.27737265784475 11.511072309187256 181.26264269800066 14.196033912171762
T03853 185.29411764705884 12.857142857142858 186.6785337725876 14.196033912171762 186.66380381274348 11.511072309187258 183.92443148137417 11.51107230918726 183.90970152153008 14.196033912171764
T03854 187.94117647058823 12.857142857142858 189.325592596117 14.196033912171764 189.3108626362729 11.511072309187258 186.5714903049036 11.511072309187258 186.55676034505947 14.196033912171764
T03855 190.58823529411765 12.857142857142858 191.9726514196464 14.196033912171762 191.95792145980232 11.511072309187258 189.218549128433 11.511072309187256 189.20381916858892 14.19603391217176
T03856 193.23529411764707 12.857142857142858 194.61971024317583 14.196033912171764 194.60498028333174 11.511072309187258 191.8656079519624 11.51107230918726 191.8508779921183 14.196033912171766
T03857 195.88235294117646 12.857142857142858 197.26676906670522 14.196033912171762 197.25203910686113 11.511072309187258 194.51266677549182 11.511072309187258 194.49793681564773 14.196033912171764
T03858 198.52941176470588 12.857142857142858 199.91382789023464 14.196033912171764 199.89909793039052 11.511072309187258 197.15972559902121 11.511072309187258 197.14499563917713 14.196033912171764
T03859 201.1764705882353 12.857142857142858 202.56088671376406 14.196033912171764 202.54615675391997 11.511072309187258 199.80678442255066 11.511072309187258 199.79205446270655 14.196033912171764
T03860 203.82352941176472 12.857142857142858 205.20794553729348 14.196033912171764 205.1932155774494 11.511072309187258 202.45384324608008 11.511072309187258 202.439113286236 14.196033912171764
T03861 206.47058823529412 12.857142857142858 207.8550043608229 14.196033912171766 207.84027440097879 11.511072309187258 205.10090206960948 11.511072309187258 205.08617210976536 14.196033912171764
T03862 209.11764705882354 12.857142857142858 210.5020631843523 14.196033912171762 210.4873332245082 11.511072309187258 207.7479608931389 11.511072309187256 207.73323093329478 14.19603391217176
T03863 211.76470588235296 12.857142857142858 213.14912200788174 14.196033912171764 213.1343920480376 11.511072309187258 210.3950197166683 11.511072309187258 210.3802897568242 14.196033912171764
T03864 214.41176470588235 12.857142857142858 215.79618083141114 14.196033912171762 215.78145087156702 11.511072309187256 213.0420785401977 11.511072309187256 213.0273485803536 14.196033912171762
T03865 217.05882352941177 12.857142857142858 218.44323965494053 14.196033912171764 218.4285096950964 11.511072309187258 215.6891373637271 11.511072309187258 215.674407403883 14.196033912171764
T03866 219.7058823529412 12.857142857142858 221.09029847846995 14.196033912171764 221.07556851862586 11.511072309187258 218.33619618725655 11.511072309187258 218.32146622741243 14.196033912171766
T03867 222.3529411764706 12.857142857142858 223.73735730199937 14.19603391217176 223.72262734215528 11.511072309187256 220.98325501078597 11.511072309187258 220.96852505094188 14.196033912171762
T03868 225.0 12.857142857142858 226.38441612552876 14.196033912171762 226.36968616568467 11.511072309187258 223.63031383431533 11.511072309187258 223.61558387447124 14.196033912171762
T03869 227.64705882352942 12.857142857142858 229.03147494905818 14.196033912171762 229.01674498921406 11.511072309187258 226.27737265784478 11.511072309187258 226.26264269800066 14.196033912171764
T03870 230.2941176470588 12.857142857142858 231.6785337725876 14.196033912171764 231.66380381274345 11.511072309187258 228.92443148137414 11.511072309187258 228.90970152153002 14.196033912171764
T03871 232.94117647058823 12.857142857142858 234.32559259611696 14.196033912171764 234.3108626362729 11.511072309187256 231.5714903049036 11.511072309187258 231.55676034505944 14.196033912171764
T03872 235.58823529411768 12.857142857142858 236.97265141964644 14.196033912171762 236.95792145980232 11.511072309187258 234.218549128433 11.511072309187258 234.2038191685889 14.196033912171764
T03873 238.23529411764704 12.857142857142858 239.61971024317583 14.196033912171762 239.6049802833317 11.511072309187256 236.8656079519624 11.511072309187258 236.85087799211826 14.196033912171762
T03874 240.88235294117646 12.857142857142858 242.2667690667052 14.19603391217176 242.25203910686113 11.511072309187258 239.51266677549182 11.511072309187258 239.49793681564773 14.196033912171762
T03875 243.5294117647059 12.857142857142858 244.91382789023467 14.196033912171764 244.89909793039055 11.511072309187258 242.15972559902124 11.511072309187258 242.14499563917713 14.196033912171764
T03876 246.17647058823528 12.857142857142858 247.56088671376406 14.196033912171766 247.54615675391995 11.511072309187258 244.80678442255063 11.511072309187258 244.79205446270652 14.196033912171766
T03877 248.82352941176472 12.857142857142858 250.20794553729348 14.196033912171762 250.19321557744937 11.511072309187256 247.45384324608005 11.511072309187256 247.439113286236 14.196033912171762
T03878 251.47058823529414 12.857142857142858 252.85500436082293 14.196033912171762 252.8402744009788 11.511072309187256 250.10090206960948 11.511072309187258 250.08617210976536 14.196033912171762
T03879 254.11764705882354 12.857142857142858 255.5020631843523 14.196033912171762 255.48733322450818 11.511072309187258 252.74796089313887 11.511072309187258 252.73323093329475 14.196033912171762
T03880 256.7647058823529 12.857142857142858 258.1491220078817 14.196033912171764 258.1343920480376 11.511072309187258 255.3950197166683 11.511072309187258 255.38028975682417 14.196033912171764
T03881 259.4117647058824 12.857142857142858 260.79618083141116 14.19603391217176 260.781450871567 11.511072309187256 258.04207854019774 11.511072309187256 258.0273485803536 14.196033912171762
T03882 262.05882352941177 12.857142857142858 263.44323965494056 14.196033912171766 263.4285096950964 11.511072309187258 260.6891373637271 11.511072309187258 260.674407403883 14.196033912171766
T03883 264.7058823529412 12.857142857142858 266.09029847847 14.196033912171764 266.0755685186259 11.51107230918726 263.3361961872566 11.51107230918726 263.3214662274125 14.196033912171764
T03884 267.35294117647055 12.857142857142858 268.73735730199934 14.196033912171762 268.72262734215525 11.511072309187256 265.9832550107859 11.511072309187256 265.96852505094176 14.196033912171762
T03885 270.0 12.857142857142858 271.3844161255288 14.196033912171764 271.36968616568464 11.511072309187258 268.63031383431536 11.511072309187258 268.6155838744712 14.196033912171764
T03886 272.64705882352945 12.857142857142858 274.03147494905824 14.196033912171762 274.0167449892141 11.511072309187256 271.27737265784475 11.511072309187256 271.26264269800066 14.196033912171762
T03887 275.2941176470588 12.857142857142858 276.67853377258757 14.196033912171762 276.6638038127435 11.511072309187258 273.92443148137414 11.511072309187258 273.90970152153005 14.196033912171764
T03888 277.94117647058823 12.857142857142858 279.325592596117 14.196033912171764 279.3108626362729 11.511072309187258 276.5714903049036 11.511072309187258 276.55676034505944 14.196033912171764
T03889 280.5882352941177 12.857142857142858 281.97265141964647 14.196033912171762 281.9579214598023 11.511072309187258 279.218549128433 11.511072309187258 279.2038191685889 14.19603391217176
T03890 283.2352941176471 12.857142857142858 284.61971024317586 14.196033912171764 284.60498028333177 11.511072309187258 281.86560795196243 11.511072309187258 281.85087799211834 14.196033912171766
T03891 285.88235294117646 12.857142857142858 287.26676906670525 14.196033912171762 287.2520391068611 11.511072309187258 284.5126667754918 11.511072309187258 284.4979368156477 14.196033912171764
T03892 288.5294117647059 12.857142857142858 289.9138278902347 14.196033912171764 289.89909793039055 11.511072309187258 287.1597255990213 11.511072309187258 287.1449956391771 14.196033912171764
T03893 291.1764705882353 12.857142857142858 292.5608867137641 14.196033912171762 292.54615675391995 11.511072309187256 289.8067844225506 11.511072309187256 289.7920544627065 14.196033912171762
T03894 293.8235294117647 12.857142857142858 295.2079455372935 14.196033912171764 295.1932155774494 11.511072309187258 292.45384324608005 11.511072309187258 292.4391132862359 14.196033912171764
T03895 296.47058823529414 12.857142857142858 297.85500436082293 14.196033912171764 297.8402744009788 11.511072309187258 295.1009020696095 11.511072309187258 295.0861721097654 14.196033912171764
T03896 299.11764705882354 12.857142857142858 300.50206318435227 14.196033912171762 300.4873332245082 11.511072309187258 297.74796089313884 11.511072309187258 297.73323093329475 14.19603391217176
T03897 301.7647058823529 12.857142857142858 303.1491220078817 14.196033912171762 303.1343920480376 11.511072309187258 300.3950197166683 11.511072309187258 300.3802897568242 14.196033912171764
T03898 304.4117647058824 12.857142857142858 305.79618083141116 14.196033912171762 305.781450871567 11.511072309187258 303.04207854019774 11.511072309187258 303.0273485803536 14.196033912171762
T03899 307.05882352941177 12.857142857142858 308.44323965494056 14.196033912171764 308.4285096950964 11.511072309187258 305.6891373637271 11.511072309187256 305.674407403883 14.196033912171764
T03900 309.7058823529412 12.857142857142858 311.09029847847 14.196033912171762 311.0755685186259 11.511072309187258 308.3361961872566 11.511072309187258 308.3214662274125 14.196033912171766
T03901 312.3529411764706 12.857142857142858 313.7373573019994 14.196033912171762 313.72262734215525 11.511072309187258 310.98325501078597 11.511072309187258 310.9685250509418 14.196033912171762
T03902 315.0 12.857142857142858 316.3844161255288 14.196033912171762 316.36968616568464 11.511072309187258 313.63031383431536 11.511072309187258 313.6155838744712 14.196033912171762
T03903 317.64705882352945 12.857142857142858 319.03147494905824 14.196033912171762 319.01674498921415 11.511072309187258 316.2773726578448 11.511072309187258 316.2626426980007 14.196033912171762
T03904 320.2941176470588 12.857142857142858 321.67853377258757 14.196033912171764 321.6638038127435 11.511072309187258 318.92443148137414 11.511072309187258 318.90970152153005 14.196033912171764
T03905 322.94117647058823 12.857142857142858 324.325592596117 14.196033912171764 324.3108626362729 11.511072309187256 321.5714903049036 11.511072309187258 321.55676034505944 14.196033912171764
T03906 325.5882352941177 12.857142857142858 326.97265141964647 14.196033912171762 326.9579214598023 11.511072309187258 324.218549128433 11.511072309187258 324.2038191685889 14.196033912171764
T03907 328.2352941176471 12.857142857142858 329.61971024317586 14.196033912171764 329.60498028333177 11.511072309187258 326.86560795196243 11.511072309187258 326.85087799211834 14.196033912171764
T03908 330.88235294117646 12.857142857142858 332.26676906670525 14.19603391217176 332.2520391068611 11.511072309187258 329.5126667754918 11.511072309187258 329.4979368156477 14.196033912171762
T03909 333.5294117647059 12.857142857142858 334.9138278902347 14.196033912171764 334.89909793039055 11.511072309187258 332.1597255990213 11.511072309187258 332.1449956391771 14.196033912171764
T03910 336.1764705882353 12.857142857142858 337.5608867137641 14.196033912171764 337.54615675392 11.511072309187256 334.80678442255066 11.511072309187258 334.7920544627066 14.196033912171764
T03911 338.8235294117647 12.857142857142858 340.2079455372935 14.19603391217176 340.1932155774494 11.511072309187256 337.45384324608005 11.511072309187256 337.4391132862359 14.196033912171762
T03912 341.47058823529414 12.857142857142858 342.85500436082293 14.196033912171762 342.8402744009788 11.511072309187256 340.1009020696095 11.511072309187256 340.08617210976536 14.196033912171762
T03913 344.11764705882354 12.857142857142858 345.5020631843523 14.196033912171764 345.4873332245082 11.511072309187258 342.74796089313884 11.511072309187258 342.73323093329475 14.196033912171764
T03914 346.7647058823529 12.857142857142858 348.1491220078817 14.196033912171764 348.1343920480376 11.511072309187258 345.3950197166683 11.511072309187258 345.3802897568242 14.196033912171762
T03915 349.4117647058824 12.857142857142858 350.79618083141116 14.196033912171762 350.781450871567 11.511072309187258 348.04207854019774 11.511072309187258 348.0273485803536 14.196033912171762
T03916 352.05882352941177 12.857142857142858 353.44323965494056 14.196033912171766 353.4285096950964 11.511072309187258 350.6891373637271 11.511072309187258 350.674407403883 14.196033912171766
T03917 354.7058823529412 12.857142857142858 356.09029847847 14.196033912171764 356.0755685186259 11.51107230918726 353.3361961872566 11.51107230918726 353.3214662274125 14.196033912171764
T03918 357.3529411764706 12.857142857142858 358.7373573019994 14.196033912171762 358.72262734215525 11.511072309187256 355.98325501078597 11.511072309187258 355.9685250509418 14.196033912171764
T03919 0.0 15.428571428571429 1.4017340594636454 16.76670274472248 1.3837206101406505 14.081758883782792 358.61627938985936 14.081758883782793 358.5982659405364 16.76670274472248
T03920 2.6865671641791047 15.428571428571429 4.088301223642751 16.766702744722476 4.070287774319755 14.081758883782793 1.3028465540384828 14.081758883782793 1.2848331047154884 16.766702744722476
T03921 5.373134328358209 15.428571428571429 6.774868387821855 16.766702744722476 6.756854938498861 14.081758883782792 3.9894137182175884 14.081758883782793 3.971400268894593 16.766702744722476
T03922 8.059701492537313 15.428571428571429 9.461435552000959 16.76670274472248 9.443422102677964 14.081758883782793 6.67598088239669 14.081758883782793 6.657967433073695 16.76670274472248
T03923 10.746268656716419 15.428571428571429 12.148002716180065 16.766702744722476 12.12998926685707 14.081758883782793 9.362548046575798 14.081758883782793 9.344534597252803 16.76670274472248
T03924 13.432835820895523 15.428571428571429 14.834569880359172 16.76670274472248 14.81655643103618 14.081758883782793 12.049115210754906 14.081758883782793 12.03110176143191 16.766702744722476
T03925 16.119402985074625 15.428571428571429 17.521137044538275 16.76670274472248 17.50312359521528 14.081758883782793 14.735682374934004 14.081758883782793 14.71766892561101 16.766702744722476
T03926 18.80597014925373 15.428571428571429 20.207704208717377 16.766702744722476 20.189690759394377 14.081758883782792 17.422249539113107 14.081758883782792 17.40423608979011 16.766702744722476
T03927 21.492537313432837 15.428571428571429 22.894271372896483 16.766702744722476 22.876257923573494 14.081758883782793 20.108816703292216 14.081758883782792 20.09080325396922 16.766702744722476
T03928 24.17910447761194 15.428571428571429 25.580838537075586 16.76670274472248 25.562825087752593 14.081758883782793 22.79538386747132 14.081758883782793 22.777370418148326 16.766702744722476
T03929 26.865671641791046 15.428571428571429 28.26740570125469 16.76670274472248 28.249392251931695 14.081758883782792 25.481951031650418 14.081758883782792 25.46393758232743 16.766702744722476
T03930 29.552238805970152 15.428571428571429 30.953972865433798 16.766702744722476 30.9359594161108 14.081758883782792 28.168518195829527 14.081758883782792 28.15050474650653 16.766702744722476
T03931 32.23880597014925 15.428571428571429 33.64054002961289 16.766702744722476 33.62252658028991 14.081758883782793 30.855085360008626 14.081758883782792 30.83707191068563 16.766702744722476
T03932 34.92537313432835 15.428571428571429 36.32710719379202 16.766702744722476 36.30909374446901 14.081758883782793 33.54165252418775 14.081758883782793 33.52363907486475 16.766702744722476
T03933 37.61194029850746 15.428571428571429 39.01367435797111 16.766702744722476 38.99566090864811 14.081758883782792 36.22821968836684 14.081758883782792 36.210206239043856 16.766702744722476
T03934 40.298507462686565 15.428571428571429 41.70024152215022 16.76670274472248 41.68222807282722 14.081758883782793 38.91478685254595 14.081758883782793 38.89677340322295 16.76670274472248
T03935 42.985074626865675 15.428571428571429 44.38680868632932 16.766702744722476 44.36879523700633 14.081758883782792 41.601354016725054 14.081758883782792 41.583340567402054 16.766702744722476
T03936 45.67164179104478 15.428571428571429 47.07337585050842 16.766702744722476 47.05536240118543 14.081758883782792 44.287921180904156 14.081758883782793 44.269907731581156 16.766702744722476
T03937 48.35820895522388 15.428571428571429 49.75994301468753 16.766702744722476 49.74192956536453 14.081758883782793 46.97448834508326 14.081758883782793 46.956474895760266 16.766702744722476
T03938 51.04477611940299 15.428571428571429 52.446510178866625 16.766702744722476 52.42849672954363 14.081758883782793 49.661055509262354 14.081758883782793 49.64304205993936 16.766702744722476
T03939 53.73134328358209 15.428571428571429 55.133077343045734 16.766702744722476 55.11506389372274 14.081758883782792 52.34762267344147 14.081758883782792 52.32960922411847 16.766702744722476
T03940 56.417910447761194 15.428571428571429 57.81964450722483 16.76670274472248 57.80163105790184 14.081758883782793 55.03418983762056 14.081758883782793 55.016176388297566 16.76670274472248
T03941 59.104477611940304 15.428571428571429 60.506211671403946 16.76670274472248 60.488198222080946 14.081758883782793 57.720757001799676 14.081758883782793 57.702743552476676 16.766702744722476
T03942 61.791044776119406 15.428571428571429 63.192778835583056 16.766702744722476 63.17476538626006 14.081758883782792 60.407324165978785 14.081758883782792 60.38931071665579 16.766702744722476
T03943 64.4776119402985 15.428571428571429 65.87934599976215 16.766702744722476 65.86133255043916 14.081758883782793 63.09389133015788 14.081758883782792 63.07587788083489 16.766702744722476
T03944 67.16417910447761 15.428571428571429 68.56591316394126 16.76670274472248 68.54789971461827 14.081758883782792 65.780458494337 14.081758883782792 65.762445045014 16.76670274472248
T03945 69.8507462686567 15.428571428571429 71.25248032812036 16.76670274472248 71.23446687879736 14.081758883782793 68.46702565851609 14.081758883782793 68.44901220919309 16.76670274472248
T03946 72.53731343283583 15.428571428571429 73.93904749229948 16.766702744722476 73.92103404297649 14.081758883782793 71.15359282269522 14.081758883782793 71.13557937337222 16.766702744722476
T03947 75.22388059701493 15.428571428571429 76.62561465647856 16.766702744722476 76.60760120715557 14.081758883782793 73.84015998687431 14.081758883782793 73.8221465375513 16.766702744722476
T03948 77.91044776119404 15.428571428571429 79.31218182065767 16.766702744722476 79.29416837133468 14.081758883782792 76.52672715105342 14.081758883782793 76.50871370173043 16.76670274472248
T03949 80.59701492537313 15.428571428571429 81.99874898483678 16.76670274472248 81.98073553551379 14.081758883782793 79.21329431523252 14.081758883782793 79.19528086590952 16.76670274472248
T03950 83.28358208955224 15.428571428571429 84.6853161490159 16.766702744722476 84.6673026996929 14.081758883782793 81.89986147941163 14.081758883782792 81.88184803008863 16.766702744722476
T03951 85.97014925373135 15.428571428571429 87.37188331319501 16.766702744722476 87.35386986387202 14.081758883782793 84.58642864359074 14.081758883782793 84.56841519426774 16.76670274472248
T03952 88.65671641791045 15.428571428571429 90.0584504773741 16.766702744722476 90.0404370280511 14.081758883782792 87.27299580776983 14.081758883782793 87.25498235844682 16.766702744722476
T03953 91.34328358208955 15.428571428571429 92.7450176415532 16.766702744722476 92.72700419223021 14.081758883782793 89.95956297194894 14.081758883782792 89.94154952262595 16.766702744722476
T03954 94.02985074626865 15.428571428571429 95.4315848057323 16.766702744722476 95.4135713564093 14.081758883782793 92.64613013612804 14.081758883782793 92.62811668680504 16.766702744722476
T03955 96.71641791044776 15.428571428571429 98.11815196991142 16.766702744722476 98.10013852058842 14.081758883782792 95.33269730030715 14.081758883782792 95.31468385098415 16.766702744722476
T03956 99.40298507462687 15.428571428571429 100.80471913409052 16.76670274472248 100.78670568476753 14.081758883782793 98.01926446448624 14.081758883782793 98.00125101516325 16.76670274472248
T03957 102.08955223880598 15.428571428571429 103.49128629826963 16.76670274472248 103.47327284894664 14.081758883782793 100.70583162866536 14.081758883782793 100.68781817934236 16.766702744722476
T03958 104.77611940298507 15.428571428571429 106.17785346244872 16.766702744722476 106.15984001312573 14.081758883782793 103.39239879284446 14.081758883782793 103.37438534352147 16.766702744722476
T03959 107.46268656716418 15.428571428571429 108.86442062662782 16.766702744722476 108.84640717730483 14.081758883782793 106.07896595702357 14.081758883782793 106.06095250770058 16.766702744722476
T03960 110.1492537313433 15.428571428571429 111.55098779080696 16.76670274472248 111.53297434148395 14.081758883782793 108.76553312120268 14.081758883782793 108.74751967187969 16.76670274472248
T03961 112.83582089552239 15.428571428571429 114.23755495498604 16.766702744722476 114.21954150566303 14.081758883782792 111.45210028538176 14.081758883782792 111.43408683605877 16.766702744722476
T03962 115.5223880597015 15.428571428571429 116.92412211916515 16.766702744722476 116.90610866984215 14.081758883782793 114.13866744956088 14.081758883782793 114.12065400023788 16.76670274472248
T03963 118.20895522388061 15.428571428571429 119.61068928334426 16.766702744722476 119.59267583402126 14.081758883782792 116.82523461373998 14.081758883782792 116.80722116441699 16.76670274472248
T03964 120.89552238805969 15.428571428571429 122.29725644752335 16.766702744722476 122.27924299820035 14.081758883782793 119.51180177791909 14.081758883782793 119.4937883285961 16.76670274472248
T03965 123.58208955223881 15.428571428571429 124.98382361170246 16.766702744722476 124.96581016237947 14.081758883782792 122.19836894209817 14.081758883782792 122.18035549277518 16.766702744722476
T03966 126.26865671641792 15.428571428571429 127.67039077588157 16.766702744722476 127.65237732655858 14.081758883782792 124.88493610627728 14.081758883782792 124.86692265695429 16.766702744722476
T03967 128.955223880597 15.428571428571429 130.35695794006065 16.766702744722476 130.33894449073767 14.081758883782792 127.57150327045638 14.081758883782793 127.55348982113338 16.766702744722476
T03968 131.6417910447761 15.428571428571429 133.04352510423976 16.766702744722476 133.02551165491678 14.081758883782792 130.2580704346355 14.081758883782793 130.2400569853125 16.766702744722476
T03969 134.32835820895522 15.428571428571429 135.73009226841887 16.766702744722476 135.71207881909586 14.081758883782792 132.9446375988146 14.081758883782792 132.9266241494916 16.766702744722476
T03970 137.01492537313433 15.428571428571429 138.41665943259798 16.766702744722476 138.398645983275 14.081758883782792 135.63120476299372 14.081758883782792 135.6131913136707 16.766702744722476
T03971 139.7014925373134 15.428571428571429 141.1032265967771 16.76670274472248 141.08521314745408 14.081758883782793 138.3177719271728 14.081758883782793 138.2997584778498 16.76670274472248
T03972 142.38805970149255 15.428571428571429 143.7897937609562 16.766702744722476 143.77178031163322 14.081758883782792 141.00433909135197 14.081758883782793 140.98632564202893 16.766702744722476
T03973 145.07462686567166 15.428571428571429 146.47636092513534 16.76670274472248 146.45834747581233 14.081758883782793 143.69090625553105 14.081758883782793 143.67289280620804 16.766702744722476
T03974 147.76119402985077 15.428571428571429 149.16292808931442 16.766702744722476 149.1449146399914 14.081758883782792 146.37747341971013 14.081758883782792 146.35945997038715 16.766702744722476
T03975 150.44776119402985 15.428571428571429 151.8494952534935 16.766702744722476 151.8314818041705 14.081758883782792 149.0640405838892 14.081758883782793 149.04602713456623 16.766702744722476
T03976 153.13432835820896 15.428571428571429 154.5360624176726 16.766702744722476 154.5180489683496 14.081758883782792 151.75060774806832 14.081758883782792 151.73259429874534 16.76670274472248
T03977 155.82089552238807 15.428571428571429 157.22262958185172 16.766702744722476 157.2046161325287 14.081758883782792 154.43717491224743 14.081758883782793 154.41916146292448 16.766702744722476
T03978 158.50746268656715 15.428571428571429 159.9091967460308 16.766702744722476 159.89118329670782 14.081758883782793 157.12374207642654 14.081758883782793 157.10572862710353 16.76670274472248
T03979 161.19402985074626 15.428571428571429 162.5957639102099 16.766702744722476 162.57775046088693 14.081758883782792 159.81030924060565 14.081758883782792 159.79229579128264 16.766702744722476
T03980 163.88059701492537 15.428571428571429 165.28233107438902 16.766702744722476 165.26431762506604 14.081758883782793 162.49687640478476 14.081758883782793 162.47886295546175 16.76670274472248
T03981 166.56716417910448 15.428571428571429 167.96889823856813 16.766702744722476 167.95088478924515 14.081758883782793 165.18344356896387 14.081758883782793 165.16543011964086 16.766702744722476
T03982 169.2537313432836 15.428571428571429 170.65546540274727 16.766702744722476 170.63745195342426 14.081758883782792 167.87001073314298 14.081758883782792 167.85199728381997 16.766702744722476
T03983 171.9402985074627 15.428571428571429 173.34203256692638 16.766702744722476 173.32401911760337 14.081758883782793 170.5565778973221 14.081758883782793 170.53856444799908 16.766702744722476
T03984 174.6268656716418 15.428571428571429 176.02859973110546 16.76670274472248 176.01058628178245 14.081758883782793 173.24314506150117 14.081758883782793 173.2251316121782 16.766702744722476
T03985 177.3134328358209 15.428571428571429 178.71516689528454 16.766702744722476 178.69715344596153 14.081758883782793 175.92971222568025 14.081758883782793 175.91169877635727 16.766702744722476
T03986 180.0 15.428571428571429 181.40173405946362 16.76670274472248 181.38372061014064 14.081758883782792 178.61627938985936 14.081758883782793 178.59826594053638 16.76670274472248
T03987 182.6865671641791 15.428571428571429 184.08830122364273 16.766702744722476 184.07028777431975 14.081758883782793 181.30284655403847 14.081758883782793 181.2848331047155 16.766702744722476
T03988 185.37313432835822 15.428571428571429 186.77486838782184 16.766702744722476 186.75685493849886 14.081758883782793 183.9894137182176 14.081758883782793 183.9714002688946 16.766702744722476
T03989 188.0597014925373 15.428571428571429 189.46143555200092 16.76670274472248 189.44342210267794 14.081758883782793 186.6759808823967 14.081758883782793 186.65796743307368 16.76670274472248
T03990 190.7462686567164 15.428571428571429 192.14800271618006 16.766702744722476 192.12998926685705 14.081758883782792 189.3625480465758 14.081758883782792 189.3445345972528 16.766702744722476
T03991 193.43283582089552 15.428571428571429 194.83456988035917 16.76670274472248 194.81655643103616 14.081758883782793 192.0491152107549 14.081758883782793 192.0311017614319 16.766702744722476
T03992 196.11940298507463 15.428571428571429 197.52113704453828 16.766702744722476 197.50312359521527 14.081758883782792 194.73568237493402 14.081758883782792 194.717668925611 16.766702744722476
T03993 198.80597014925374 15.428571428571429 200.20770420871736 16.766702744722476 200.18969075939435 14.081758883782792 197.4222495391131 14.081758883782792 197.40423608979012 16.766702744722476
T03994 201.49253731343285 15.428571428571429 202.89427137289647 16.766702744722476 202.87625792357346 14.081758883782793 200.1088167032922 14.081758883782793 200.09080325396923 16.766702744722476
T03995 204.17910447761196 15.428571428571429 205.58083853707558 16.766702744722476 205.56282508775257 14.081758883782793 202.79538386747132 14.081758883782792 202.77737041814834 16.766702744722476
T03996 206.86567164179104 15.428571428571429 208.26740570125466 16.76670274472248 208.24939225193168 14.081758883782792 205.4819510316504 14.081758883782792 205.46393758232742 16.766702744722476
T03997 209.55223880597015 15.428571428571429 210.95397286543377 16.766702744722476 210.9359594161108 14.081758883782793 208.1685181958295 14.081758883782792 208.15050474650653 16.766702744722476
T03998 212.23880597014926 15.428571428571429 213.64054002961288 16.766702744722476 213.6225265802899 14.081758883782792 210.85508536000864 14.081758883782792 210.83707191068564 16.766702744722476
T03999 214.92537313432837 15.428571428571429 216.32710719379202 16.766702744722476 216.309093744469 14.081758883782793 213.54165252418775 14.081758883782793 213.52363907486475 16.766702744722476
T04000 217.61194029850745 15.428571428571429 219.0136743579711 16.766702744722476 218.9956609086481 14.081758883782792 216.22821968836683 14.081758883782792 216.21020623904383 16.766702744722476
T04001 220.2985074626866 15.428571428571429 221.70024152215024 16.76670274472248 221.68222807282723 14.081758883782792 218.91478685254597 14.081758883782792 218.89677340322297 16.76670274472248
T04002 222.9850746268657 15.428571428571429 224.38680868632935 16.766702744722476 224.36879523700637 14.081758883782793 221.60135401672508 14.081758883782793 221.58334056740208 16.76670274472248
T04003 225.67164179104478 15.428571428571429 227.0733758505084 16.766702744722476 227.0553624011854 14.081758883782792 224.28792118090414 14.081758883782792 224.26990773158116 16.766702744722476
T04004 228.3582089552239 15.428571428571429 229.7599430146875 16.766702744722476 229.74192956536453 14.081758883782792 226.97448834508324 14.081758883782792 226.95647489576027 16.766702744722476
T04005 231.044776119403 15.428571428571429 232.4465101788666 16.766702744722476 232.42849672954364 14.081758883782793 229.66105550926235 14.081758883782793 229.64304205993935 16.766702744722476
T04006 233.73134328358208 15.428571428571429 235.13307734304567 16.766702744722476 235.11506389372272 14.081758883782792 232.34762267344144 14.081758883782792 232.32960922411849 16.766702744722476
T04007 236.41791044776122 15.428571428571429 237.81964450722487 16.766702744722476 237.80163105790186 14.081758883782793 235.03418983762054 14.081758883782793 235.01617638829757 16.766702744722476
T04008 239.1044776119403 15.428571428571429 240.50621167140395 16.76670274472248 240.48819822208094 14.081758883782793 237.72075700179968 14.081758883782793 237.70274355247665 16.766702744722476
T04009 241.79104477611938 15.428571428571429 243.19277883558303 16.766702744722476 243.17476538626002 14.081758883782792 240.40732416597876 14.081758883782792 240.38931071665573 16.76670274472248
T04010 244.47761194029852 15.428571428571429 245.87934599976217 16.766702744722476 245.86133255043916 14.081758883782793 243.0938913301579 14.081758883782793 243.07587788083492 16.766702744722476
T04011 247.16417910447763 15.428571428571429 248.56591316394127 16.766702744722476 248.54789971461824 14.081758883782792 245.78045849433698 14.081758883782792 245.762445045014 16.766702744722476
T04012 249.8507462686567 15.428571428571429 251.25248032812036 16.76670274472248 251.23446687879732 14.081758883782793 248.46702565851606 14.081758883782793 248.44901220919309 16.76670274472248
T04013 252.53731343283584 15.428571428571429 253.9390474922995 16.766702744722476 253.92103404297646 14.081758883782793 251.1535928226952 14.081758883782793 251.1355793733722 16.766702744722476
T04014 255.22388059701493 15.428571428571429 256.62561465647855 16.766702744722476 256.60760120715554 14.081758883782793 253.84015998687428 14.081758883782793 253.82214653755128 16.766702744722476
T04015 257.910447761194 15.428571428571429 259.31218182065766 16.76670274472248 259.29416837133465 14.081758883782793 256.52672715105336 14.081758883782793 256.50871370173036 16.76670274472248
T04016 260.5970149253732 15.428571428571429 261.9987489848368 16.76670274472248 261.9807355355138 14.081758883782793 259.2132943152326 14.081758883782793 259.1952808659095 16.76670274472248
T04017 263.2835820895522 15.428571428571429 264.6853161490158 16.76670274472248 264.66730269969287 14.081758883782793 261.8998614794116 14.081758883782793 261.88184803008863 16.76670274472248
T04018 265.9701492537314 15.428571428571429 267.37188331319504 16.766702744722476 267.35386986387203 14.081758883782792 264.5864286435908 14.081758883782793 264.5684151942678 16.76670274472248
T04019 268.65671641791045 15.428571428571429 270.0584504773741 16.766702744722476 270.0404370280511 14.081758883782792 267.2729958077698 14.081758883782793 267.2549823584468 16.76670274472248
T04020 271.34328358208955 15.428571428571429 272.7450176415532 16.766702744722476 272.7270041922302 14.081758883782793 269.9595629719489 14.081758883782792 269.9415495226259 16.766702744722476
T04021 274.02985074626866 15.428571428571429 275.43158480573226 16.766702744722476 275.4135713564093 14.081758883782792 272.646130136128 14.081758883782793 272.6281166868051 16.766702744722476
T04022 276.7164179104478 15.428571428571429 278.11815196991137 16.766702744722476 278.1001385205884 14.081758883782793 275.33269730030713 14.081758883782793 275.3146838509842 16.76670274472248
T04023 279.4029850746268 15.428571428571429 280.8047191340905 16.76670274472248 280.78670568476747 14.081758883782793 278.01926446448624 14.081758883782793 278.00125101516323 16.76670274472248
T04024 282.089552238806 15.428571428571429 283.49128629826964 16.76670274472248 283.47327284894664 14.081758883782793 280.70583162866535 14.081758883782792 280.68781817934234 16.766702744722476
T04025 284.7761194029851 15.428571428571429 286.17785346244875 16.76670274472248 286.15984001312574 14.081758883782793 283.3923987928445 14.081758883782793 283.3743853435215 16.76670274472248
T04026 287.46268656716416 15.428571428571429 288.8644206266278 16.766702744722476 288.8464071773048 14.081758883782793 286.0789659570235 14.081758883782793 286.0609525077005 16.766702744722476
T04027 290.1492537313433 15.428571428571429 291.550987790807 16.766702744722476 291.53297434148396 14.081758883782792 288.76553312120274 14.081758883782792 288.7475196718797 16.766702744722476
T04028 292.8358208955224 15.428571428571429 294.237554954986 16.766702744722476 294.219541505663 14.081758883782792 291.45210028538173 14.081758883782792 291.4340868360588 16.76670274472248
T04029 295.52238805970154 15.428571428571429 296.9241221191652 16.766702744722476 296.9061086698421 14.081758883782793 294.1386674495609 14.081758883782793 294.1206540002379 16.766702744722476
T04030 298.2089552238806 15.428571428571429 299.61068928334424 16.766702744722476 299.59267583402124 14.081758883782792 296.82523461373995 14.081758883782792 296.80722116441694 16.766702744722476
T04031 300.8955223880597 15.428571428571429 302.29725644752335 16.766702744722476 302.27924299820035 14.081758883782793 299.51180177791906 14.081758883782793 299.49378832859605 16.766702744722476
T04032 303.5820895522388 15.428571428571429 304.98382361170246 16.766702744722476 304.96581016237946 14.081758883782792 302.1983689420982 14.081758883782792 302.1803554927752 16.766702744722476
T04033 306.2686567164179 15.428571428571429 307.6703907758816 16.766702744722476 307.65237732655856 14.081758883782792 304.8849361062773 14.081758883782792 304.8669226569543 16.766702744722476
T04034 308.95522388059703 15.428571428571429 310.3569579400607 16.766702744722476 310.3389444907377 14.081758883782792 307.57150327045645 14.081758883782793 307.5534898211334 16.766702744722476
T04035 311.64179104477614 15.428571428571429 313.0435251042398 16.766702744722476 313.0255116549168 14.081758883782792 310.2580704346355 14.081758883782792 310.2400569853125 16.766702744722476
T04036 314.32835820895525 15.428571428571429 315.7300922684189 16.76670274472248 315.7120788190959 14.081758883782793 312.94463759881467 14.081758883782793 312.9266241494916 16.76670274472248
T04037 317.0149253731343 15.428571428571429 318.41665943259795 16.766702744722476 318.39864598327495 14.081758883782792 315.63120476299366 14.081758883782792 315.61319131367065 16.766702744722476
T04038 319.70149253731347 15.428571428571429 321.10322659677706 16.76670274472248 321.08521314745406 14.081758883782792 318.3177719271728 14.081758883782793 318.2997584778498 16.76670274472248
T04039 322.3880597014925 15.428571428571429 323.7897937609562 16.766702744722476 323.77178031163317 14.081758883782792 321.0043390913519 14.081758883782792 320.9863256420289 16.766702744722476
T04040 325.07462686567163 15.428571428571429 326.4763609251352 16.766702744722476 326.4583474758123 14.081758883782792 323.690906255531 14.081758883782793 323.672892806208 16.766702744722476
T04041 327.76119402985074 15.428571428571429 329.1629280893144 16.766702744722476 329.1449146399914 14.081758883782793 326.37747341971016 14.081758883782793 326.3594599703871 16.76670274472248
T04042 330.44776119402985 15.428571428571429 331.8494952534935 16.766702744722476 331.8314818041705 14.081758883782792 329.0640405838892 14.081758883782792 329.0460271345662 16.766702744722476
T04043 333.13432835820896 15.428571428571429 334.5360624176726 16.76670274472248 334.5180489683496 14.081758883782793 331.7506077480684 14.081758883782792 331.7325942987453 16.76670274472248
T04044 335.82089552238807 15.428571428571429 337.2226295818517 16.766702744722476 337.2046161325287 14.081758883782793 334.43717491224743 14.081758883782793 334.4191614629244 16.76670274472248
T04045 338.5074626865672 15.428571428571429 339.90919674603083 16.766702744722476 339.8911832967078 14.081758883782793 337.1237420764266 14.081758883782793 337.10572862710353 16.766702744722476
T04046 341.1940298507463 15.428571428571429 342.59576391020994 16.76670274472248 342.57775046088693 14.081758883782792 339.81030924060565 14.081758883782792 339.79229579128264 16.766702744722476
T04047 343.8805970149254 15.428571428571429 345.2823310743891 16.766702744722476 345.26431762506604 14.081758883782792 342.4968764047848 14.081758883782792 342.4788629554618 16.766702744722476
T04048 346.56716417910445 15.428571428571429 347.9688982385681 16.766702744722476 347.9508847892451 14.081758883782793 345.1834435689638 14.081758883782793 345.1654301196408 16.76670274472248
T04049 349.2537313432836 15.428571428571429 350.65546540274727 16.766702744722476 350.63745195342426 14.081758883782792 347.870010733143 14.081758883782792 347.85199728381997 16.766702744722476
T04050 351.94029850746267 15.428571428571429 353.3420325669263 16.766702744722476 353.3240191176033 14.081758883782793 350.5565778973221 14.081758883782793 350.538564447999 16.766702744722476
T04051 354.6268656716418 15.428571428571429 356.02859973110543 16.766702744722476 356.0105862817824 14.081758883782792 353.24314506150114 14.081758883782792 353.22513161217813 16.766702744722476
T04052 357.3134328358209 15.428571428571429 358.71516689528454 16.766702744722476 358.69715344596153 14.081758883782792 355.9297122256803 14.081758883782793 355.91169877635724 16.766702744722476
T04053 0.0 18.0 1.4223902768074708 19.33735073889503 1.4008948829601113 16.65242855258158 358.5991051170399 16.65242855258158 358.57760972319255 19.337350738895033
T04054 2.706766917293233 18.0 4.129157194100704 19.337350738895033 4.107661800253346 16.65242855258158 1.3058720343331502 16.65242855258158 1.2843766404857915 19.337350738895033
T04055 5.413533834586466 18.0 6.835924111393938 19.33735073889503 6.814428717546579 16.65242855258158 4.012638951626384 16.65242855258158 3.9911435577790253 19.33735073889503
T04056 8.120300751879698 18.0 9.542691028687171 19.337350738895033 9.521195634839811 16.652428552581583 6.719405868919618 16.652428552581583 6.697910475072258 19.337350738895033
T04057 10.827067669172932 18.0 12.249457945980403 19.337350738895033 12.227962552133043 16.65242855258158 9.426172786212849 16.65242855258158 9.404677392365489 19.337350738895033
T04058 13.533834586466167 18.0 14.956224863273636 19.33735073889503 14.93472946942628 16.65242855258158 12.132939703506086 16.652428552581583 12.111444309658726 19.337350738895033
T04059 16.240601503759397 18.0 17.662991780566866 19.337350738895033 17.64149638671951 16.65242855258158 14.839706620799312 16.65242855258158 14.818211226951952 19.337350738895033
T04060 18.94736842105263 18.0 20.369758697860103 19.337350738895033 20.348263304012743 16.65242855258158 17.54647353809255 16.65242855258158 17.52497814424519 19.337350738895033
T04061 21.654135338345863 18.0 23.076525615153333 19.337350738895026 23.055030221305977 16.65242855258158 20.253240455385782 16.65242855258158 20.23174506153842 19.337350738895026
T04062 24.3609022556391 18.0 25.783292532446573 19.33735073889503 25.76179713859921 16.65242855258158 22.96000737267902 16.65242855258158 22.93851197883166 19.337350738895033
T04063 27.067669172932334 18.0 28.49005944973981 19.33735073889503 28.468564055892443 16.65242855258158 25.666774289972253 16.65242855258158 25.645278896124896 19.337350738895033
T04064 29.774436090225564 18.0 31.196826367033033 19.33735073889503 31.175330973185677 16.65242855258158 28.373541207265482 16.65242855258158 28.352045813418123 19.33735073889503
T04065 32.48120300751879 18.0 33.90359328432626 19.337350738895033 33.8820978904789 16.65242855258158 31.080308124558712 16.652428552581583 31.05881273071135 19.337350738895033
T04066 35.18796992481203 18.0 36.61036020161949 19.337350738895033 36.58886480777214 16.65242855258158 33.78707504185194 16.652428552581583 33.76557964800458 19.337350738895033
T04067 37.89473684210526 18.0 39.317127118912744 19.33735073889503 39.29563172506538 16.65242855258158 36.493841959145186 16.65242855258158 36.47234656529783 19.33735073889503
T04068 40.6015037593985 18.0 42.02389403620596 19.337350738895026 42.0023986423586 16.65242855258158 39.20060887643841 16.65242855258158 39.17911348259105 19.33735073889503
T04069 43.30827067669173 18.0 44.7306609534992 19.33735073889503 44.709165559651844 16.65242855258158 41.907375793731646 16.65242855258158 41.885880399884286 19.33735073889503
T04070 46.015037593984964 18.0 47.43742787079243 19.337350738895033 47.41593247694507 16.652428552581583 44.614142711024876 16.65242855258158 44.59264731717752 19.337350738895033
T04071 48.7218045112782 18.0 50.14419478808567 19.33735073889503 50.12269939423832 16.65242855258158 47.32090962831812 16.652428552581583 47.29941423447075 19.337350738895033
T04072 51.42857142857143 18.0 52.8509617053789 19.337350738895026 52.82946631153153 16.65242855258158 50.02767654561134 16.652428552581583 50.00618115176398 19.33735073889503
T04073 54.13533834586467 18.0 55.55772862267213 19.33735073889503 55.53623322882477 16.65242855258158 52.73444346290457 16.65242855258158 52.71294806905721 19.33735073889503
T04074 56.8421052631579 18.0 58.26449553996537 19.33735073889503 58.243000146118 16.65242855258158 55.44121038019781 16.652428552581583 55.41971498635045 19.337350738895033
T04075 59.54887218045113 18.0 60.97126245725859 19.337350738895033 60.94976706341124 16.65242855258158 58.147977297491046 16.652428552581583 58.12648190364368 19.337350738895033
T04076 62.255639097744364 18.0 63.67802937455184 19.33735073889503 63.656533980704474 16.65242855258158 60.85474421478428 16.65242855258158 60.83324882093692 19.33735073889503
T04077 64.96240601503759 18.0 66.38479629184505 19.337350738895033 66.3633008979977 16.65242855258158 63.561511132077506 16.65242855258158 63.54001573823015 19.33735073889503
T04078 67.66917293233082 18.0 69.09156320913829 19.33735073889503 69.07006781529094 16.65242855258158 66.26827804937075 16.652428552581583 66.24678265552339 19.337350738895033
T04079 70.37593984962406 18.0 71.79833012643154 19.337350738895033 71.77683473258418 16.652428552581583 68.97504496666399 16.652428552581583 68.95354957281663 19.337350738895033
T04080 73.0827067669173 18.0 74.50509704372477 19.33735073889503 74.48360164987741 16.65242855258158 71.68181188395722 16.65242855258158 71.66031649010986 19.337350738895033
T04081 75.78947368421052 18.0 77.21186396101798 19.337350738895033 77.19036856717064 16.652428552581583 74.38857880125045 16.65242855258158 74.36708340740309 19.33735073889503
T04082 78.49624060150376 18.0 79.91863087831123 19.337350738895033 79.89713548446387 16.65242855258158 77.09534571854368 16.65242855258158 77.07385032469632 19.33735073889503
T04083 81.203007518797 18.0 82.62539779560447 19.337350738895026 82.60390240175711 16.65242855258158 79.80211263583692 16.65242855258158 79.78061724198956 19.337350738895026
T04084 83.90977443609022 18.0 85.3321647128977 19.337350738895033 85.31066931905033 16.65242855258158 82.50887955313014 16.65242855258158 82.48738415928278 19.337350738895033
T04085 86.61654135338345 18.0 88.03893163019093 19.33735073889503 88.01743623634357 16.65242855258158 85.21564647042338 16.65242855258158 85.19415107657602 19.33735073889503
T04086 89.32330827067669 18.0 90.74569854748417 19.33735073889503 90.72420315363681 16.65242855258158 87.92241338771662 16.65242855258158 87.90091799386926 19.337350738895026
T04087 92.03007518796993 18.0 93.4524654647774 19.337350738895033 93.43097007093004 16.65242855258158 90.62918030500985 16.65242855258158 90.6076849111625 19.337350738895033
T04088 94.73684210526316 18.0 96.15923238207064 19.337350738895033 96.13773698822328 16.652428552581583 93.33594722230309 16.652428552581583 93.31445182845573 19.337350738895033
T04089 97.4436090225564 18.0 98.86599929936388 19.33735073889503 98.84450390551652 16.65242855258158 96.04271413959633 16.65242855258158 96.02121874574897 19.33735073889503
T04090 100.15037593984962 18.0 101.57276621665712 19.337350738895033 101.55127082280974 16.65242855258158 98.74948105688955 16.65242855258158 98.72798566304219 19.337350738895033
T04091 102.85714285714286 18.0 104.27953313395034 19.33735073889503 104.25803774010296 16.65242855258158 101.45624797418277 16.65242855258158 101.43475258033541 19.337350738895033
T04092 105.5639097744361 18.0 106.98630005124357 19.337350738895033 106.9648046573962 16.65242855258158 104.16301489147601 16.65242855258158 104.14151949762865 19.33735073889503
T04093 108.27067669172934 18.0 109.69306696853681 19.33735073889503 109.67157157468944 16.65242855258158 106.86978180876925 16.652428552581583 106.84828641492189 19.337350738895033
T04094 110.97744360902256 18.0 112.39983388583002 19.33735073889503 112.37833849198266 16.65242855258158 109.57654872606247 16.65242855258158 109.55505333221511 19.33735073889503
T04095 113.6842105263158 18.0 115.10660080312327 19.337350738895033 115.08510540927591 16.65242855258158 112.2833156433557 16.65242855258158 112.26182024950836 19.337350738895033
T04096 116.39097744360902 18.0 117.81336772041648 19.33735073889503 117.79187232656912 16.65242855258158 114.99008256064893 16.65242855258158 114.96858716680158 19.337350738895033
T04097 119.09774436090225 18.0 120.52013463770972 19.337350738895033 120.49863924386236 16.65242855258158 117.69684947794217 16.65242855258158 117.67535408409482 19.337350738895033
T04098 121.80451127819549 18.0 123.22690155500295 19.337350738895033 123.2054061611556 16.652428552581583 120.4036163952354 16.652428552581583 120.38212100138806 19.337350738895033
T04099 124.51127819548873 18.0 125.93366847229619 19.33735073889503 125.91217307844883 16.65242855258158 123.11038331252864 16.65242855258158 123.0888879186813 19.337350738895033
T04100 127.21804511278197 18.0 128.64043538958944 19.33735073889503 128.61893999574207 16.65242855258158 125.81715022982188 16.65242855258158 125.79565483597453 19.33735073889503
T04101 129.92481203007517 18.0 131.34720230688265 19.33735073889503 131.32570691303528 16.65242855258158 128.5239171471151 16.65242855258158 128.50242175326773 19.337350738895033
T04102 132.6315789473684 18.0 134.0539692241759 19.337350738895033 134.0324738303285 16.652428552581583 131.23068406440834 16.652428552581583 131.20918867056096 19.337350738895033
T04103 135.33834586466165 18.0 136.76073614146912 19.337350738895026 136.73924074762175 16.65242855258158 133.93745098170157 16.65242855258158 133.9159555878542 19.337350738895026
T04104 138.04511278195488 18.0 139.46750305876236 19.337350738895033 139.446007664915 16.65242855258158 136.6442178989948 16.65242855258158 136.62272250514744 19.33735073889503
T04105 140.75187969924812 18.0 142.1742699760556 19.337350738895026 142.15277458220822 16.65242855258158 139.35098481628805 16.65242855258158 139.32948942244067 19.337350738895026
T04106 143.45864661654136 18.0 144.88103689334883 19.337350738895033 144.85954149950146 16.65242855258158 142.05775173358128 16.65242855258158 142.0362563397339 19.337350738895033
T04107 146.1654135338346 18.0 147.5878038106421 19.33735073889503 147.5663084167947 16.65242855258158 144.76451865087452 16.65242855258158 144.74302325702718 19.33735073889503
T04108 148.8721804511278 18.0 150.29457072793528 19.337350738895026 150.2730753340879 16.65242855258158 147.47128556816773 16.65242855258158 147.44979017432038 19.337350738895026
T04109 151.57894736842104 18.0 153.00133764522852 19.337350738895033 152.97984225138114 16.65242855258158 150.17805248546097 16.65242855258158 150.15655709161362 19.337350738895033
T04110 154.28571428571428 18.0 155.70810456252175 19.337350738895033 155.68660916867438 16.65242855258158 152.8848194027542 16.65242855258158 152.86332400890686 19.337350738895033
T04111 156.99248120300751 18.0 158.414871479815 19.33735073889503 158.39337608596762 16.652428552581583 155.59158632004744 16.652428552581583 155.5700909262001 19.337350738895033
T04112 159.69924812030075 18.0 161.12163839710823 19.337350738895033 161.10014300326085 16.65242855258158 158.29835323734068 16.65242855258158 158.27685784349333 19.33735073889503
T04113 162.406015037594 18.0 163.82840531440146 19.33735073889503 163.8069099205541 16.65242855258158 161.00512015463391 16.65242855258158 160.98362476078657 19.33735073889503
T04114 165.1127819548872 18.0 166.53517223169467 19.33735073889503 166.51367683784733 16.65242855258158 163.71188707192712 16.65242855258158 163.69039167807978 19.33735073889503
T04115 167.81954887218043 18.0 169.2419391489879 19.337350738895033 169.22044375514056 16.65242855258158 166.41865398922036 16.65242855258158 166.397158595373 19.337350738895033
T04116 170.52631578947367 18.0 171.94870606628115 19.337350738895033 171.9272106724338 16.65242855258158 169.1254209065136 16.652428552581583 169.10392551266625 19.337350738895033
T04117 173.2330827067669 18.0 174.65547298357438 19.33735073889503 174.63397758972704 16.65242855258158 171.83218782380683 16.65242855258158 171.8106924299595 19.337350738895033
T04118 175.93984962406014 18.0 177.36223990086762 19.337350738895033 177.34074450702028 16.65242855258158 174.53895474110007 16.65242855258158 174.51745934725272 19.337350738895033
T04119 178.64661654135338 18.0 180.06900681816086 19.33735073889503 180.0475114243135 16.65242855258158 177.2457216583933 16.652428552581583 177.22422626454596 19.337350738895033
T04120 181.35338345864662 18.0 182.7757737354541 19.337350738895033 182.75427834160675 16.65242855258158 179.95248857568654 16.65242855258158 179.9309931818392 19.33735073889503
T04121 184.06015037593986 18.0 185.48254065274733 19.337350738895033 185.4610452589 16.65242855258158 182.65925549297975 16.652428552581583 182.6377600991324 19.337350738895033
T04122 186.7669172932331 18.0 188.18930757004057 19.337350738895033 188.16781217619322 16.65242855258158 185.366022410273 16.65242855258158 185.34452701642564 19.337350738895033
T04123 189.47368421052633 18.0 190.8960744873338 19.337350738895033 190.87457909348646 16.65242855258158 188.07278932756623 16.652428552581583 188.05129393371888 19.337350738895033
T04124 192.18045112781957 18.0 193.60284140462704 19.33735073889503 193.5813460107797 16.65242855258158 190.77955624485946 16.65242855258158 190.75806085101212 19.33735073889503
T04125 194.8872180451128 18.0 196.30960832192028 19.337350738895033 196.28811292807293 16.65242855258158 193.4863231621527 16.65242855258158 193.46482776830535 19.33735073889503
T04126 197.59398496240604 18.0 199.01637523921352 19.33735073889503 198.99487984536617 16.65242855258158 196.19309007944597 16.65242855258158 196.1715946855986 19.337350738895033
T04127 200.30075187969925 18.0 201.72314215650673 19.337350738895033 201.70164676265938 16.652428552581583 198.89985699673917 16.652428552581583 198.8783616028918 19.337350738895033
T04128 203.00751879699249 18.0 204.42990907379996 19.33735073889503 204.40841367995262 16.65242855258158 201.60662391403238 16.652428552581583 201.58512852018504 19.33735073889503
T04129 205.71428571428572 18.0 207.13667599109317 19.337350738895033 207.11518059724582 16.652428552581583 204.31339083132562 16.652428552581583 204.29189543747827 19.337350738895033
T04130 208.42105263157896 18.0 209.8434429083864 19.337350738895033 209.82194751453906 16.65242855258158 207.02015774861883 16.65242855258158 206.99866235477148 19.337350738895033
T04131 211.1278195488722 18.0 212.55020982567964 19.337350738895026 212.5287144318323 16.65242855258158 209.7269246659121 16.65242855258158 209.70542927206472 19.33735073889503
T04132 213.83458646616543 18.0 215.25697674297288 19.33735073889503 215.23548134912554 16.65242855258158 212.4336915832053 16.65242855258158 212.41219618935796 19.337350738895033
T04133 216.54135338345867 18.0 217.96374366026612 19.337350738895033 217.94224826641877 16.65242855258158 215.14045850049857 16.65242855258158 215.11896310665122 19.337350738895033
T04134 219.24812030075188 18.0 220.67051057755933 19.337350738895026 220.64901518371198 16.652428552581576 217.8472254177918 16.652428552581576 217.8257300239444 19.337350738895026
T04135 221.95488721804512 18.0 223.37727749485256 19.33735073889503 223.35578210100522 16.65242855258158 220.55399233508504 16.65242855258158 220.53249694123764 19.337350738895033
T04136 224.66165413533835 18.0 226.0840444121458 19.33735073889503 226.06254901829845 16.65242855258158 223.26075925237828 16.65242855258158 223.2392638585309 19.33735073889503
T04137 227.3684210526316 18.0 228.79081132943904 19.33735073889503 228.7693159355917 16.65242855258158 225.9675261696715 16.65242855258158 225.9460307758241 19.33735073889503
T04138 230.07518796992483 18.0 231.49757824673225 19.337350738895033 231.4760828528849 16.65242855258158 228.67429308696472 16.65242855258158 228.65279769311735 19.337350738895033
T04139 232.78195488721803 18.0 234.20434516402548 19.33735073889503 234.1828497701781 16.65242855258158 231.38106000425796 16.65242855258158 231.3595646104106 19.33735073889503
T04140 235.4887218045113 18.0 236.91111208131878 19.337350738895033 236.88961668747143 16.65242855258158 234.08782692155117 16.652428552581583 234.0663315277038 19.337350738895033
T04141 238.1954887218045 18.0 239.61787899861196 19.33735073889503 239.59638360476458 16.65242855258158 236.79459383884438 16.65242855258158 236.77309844499703 19.33735073889503
T04142 240.90225563909777 18.0 242.32464591590522 19.337350738895033 242.30315052205785 16.65242855258158 239.5013607561377 16.65242855258158 239.47986536229033 19.337350738895033
T04143 243.60902255639098 18.0 245.03141283319843 19.337350738895033 245.00991743935106 16.65242855258158 242.2081276734309 16.65242855258158 242.18663227958353 19.337350738895033
T04144 246.3157894736842 18.0 247.73817975049164 19.33735073889503 247.71668435664427 16.65242855258158 244.91489459072412 16.65242855258158 244.89339919687674 19.337350738895033
T04145 249.02255639097746 18.0 250.44494666778493 19.33735073889503 250.4234512739376 16.65242855258158 247.62166150801738 16.65242855258158 247.60016611417 19.33735073889503
T04146 251.72932330827066 18.0 253.15171358507817 19.33735073889503 253.13021819123074 16.65242855258158 250.3284284253106 16.65242855258158 250.30693303146322 19.33735073889503
T04147 254.43609022556393 18.0 255.85848050237138 19.337350738895033 255.836985108524 16.65242855258158 253.03519534260386 16.652428552581583 253.01369994875648 19.337350738895033
T04148 257.14285714285717 18.0 258.5652474196646 19.337350738895033 258.5437520258173 16.65242855258158 255.74196225989712 16.65242855258158 255.7204668660497 19.337350738895033
T04149 259.84962406015035 18.0 261.2720143369578 19.337350738895033 261.2505189431104 16.65242855258158 258.4487291771903 16.65242855258158 258.4272337833429 19.337350738895033
T04150 262.55639097744364 18.0 263.9787812542511 19.337350738895033 263.9572858604038 16.65242855258158 261.15549609448357 16.65242855258158 261.13400070063625 19.33735073889503
T04151 265.2631578947368 18.0 266.68554817154427 19.33735073889503 266.6640527776969 16.65242855258158 263.86226301177675 16.65242855258158 263.8407676179294 19.33735073889503
T04152 267.9699248120301 18.0 269.39231508883756 19.33735073889503 269.37081969499025 16.65242855258158 266.56902992907004 16.65242855258158 266.5475345352227 19.33735073889503
T04153 270.6766917293233 18.0 272.09908200613074 19.337350738895026 272.07758661228337 16.65242855258158 269.2757968463632 16.65242855258158 269.25430145251585 19.33735073889503
T04154 273.3834586466166 18.0 274.80584892342404 19.33735073889503 274.7843535295767 16.65242855258158 271.9825637636565 16.65242855258158 271.9610683698092 19.33735073889503
T04155 276.09022556390977 18.0 277.5126158407173 19.337350738895033 277.49112044686984 16.652428552581583 274.6893306809497 16.652428552581583 274.6678352871023 19.337350738895033
T04156 278.796992481203 18.0 280.2193827580104 19.33735073889503 280.1978873641631 16.65242855258158 277.39609759824293 16.65242855258158 277.37460220439556 19.33735073889503
T04157 281.50375939849624 18.0 282.9261496753037 19.337350738895033 282.9046542814563 16.65242855258158 280.10286451553617 16.652428552581583 280.0813691216888 19.337350738895033
T04158 284.2105263157895 18.0 285.6329165925969 19.33735073889503 285.61142119874955 16.65242855258158 282.8096314328294 16.652428552581583 282.78813603898203 19.337350738895033
T04159 286.9172932330827 18.0 288.3396835098902 19.337350738895033 288.3181881160428 16.65242855258158 285.51639835012264 16.65242855258158 285.4949029562752 19.33735073889503
T04160 289.62406015037595 18.0 291.0464504271834 19.33735073889503 291.024955033336 16.65242855258158 288.2231652674159 16.65242855258158 288.2016698735685 19.33735073889503
T04161 292.3308270676692 18.0 293.75321734447664 19.33735073889503 293.73172195062926 16.65242855258158 290.9299321847091 16.65242855258158 290.90843679086174 19.33735073889503
T04162 295.0375939849624 18.0 296.4599842617699 19.33735073889503 296.4384888679225 16.65242855258158 293.63669910200235 16.65242855258158 293.615203708155 19.33735073889503
T04163 297.7443609022556 18.0 299.16675117906306 19.33735073889503 299.1452557852157 16.65242855258158 296.34346601929553 16.65242855258158 296.32197062544816 19.337350738895033
T04164 300.4511278195489 18.0 301.87351809635635 19.33735073889503 301.852022702509 16.65242855258158 299.0502329365888 16.65242855258158 299.0287375427414 19.33735073889503
T04165 303.1578947368421 18.0 304.58028501364953 19.337350738895033 304.55878961980216 16.65242855258158 301.756999853882 16.65242855258158 301.73550446003463 19.337350738895033
T04166 305.8646616541354 18.0 307.2870519309428 19.33735073889503 307.26555653709545 16.65242855258158 304.4637667711753 16.65242855258158 304.4422713773279 19.33735073889503
T04167 308.57142857142856 18.0 309.993818848236 19.33735073889503 309.97232345438863 16.65242855258158 307.1705336884685 16.65242855258158 307.1490382946211 19.33735073889503
T04168 311.27819548872185 18.0 312.7005857655293 19.337350738895033 312.6790903716819 16.65242855258158 309.8773006057617 16.65242855258158 309.85580521191434 19.33735073889503
T04169 313.98496240601503 18.0 315.4073526828225 19.337350738895033 315.3858572889751 16.65242855258158 312.58406752305496 16.652428552581583 312.5625721292076 19.337350738895033
T04170 316.69172932330827 18.0 318.11411960011577 19.337350738895033 318.09262420626834 16.65242855258158 315.2908344403482 16.65242855258158 315.2693390465008 19.337350738895033
T04171 319.3984962406015 18.0 320.82088651740895 19.33735073889503 320.7993911235616 16.65242855258158 317.99760135764143 16.65242855258158 317.97610596379405 19.33735073889503
T04172 322.10526315789474 18.0 323.5276534347022 19.337350738895033 323.5061580408548 16.65242855258158 320.70436827493467 16.65242855258158 320.6828728810873 19.337350738895033
T04173 324.812030075188 18.0 326.2344203519955 19.33735073889503 326.21292495814805 16.65242855258158 323.4111351922279 16.65242855258158 323.38963979838053 19.33735073889503
T04174 327.5187969924812 18.0 328.94118726928866 19.33735073889503 328.9196918754413 16.65242855258158 326.11790210952114 16.65242855258158 326.09640671567377 19.33735073889503
T04175 330.2255639097744 18.0 331.64795418658184 19.337350738895033 331.6264587927345 16.652428552581583 328.8246690268143 16.65242855258158 328.803173632967 19.33735073889503
T04176 332.9323308270677 18.0 334.35472110387514 19.337350738895033 334.33322571002776 16.65242855258158 331.5314359441076 16.65242855258158 331.50994055026024 19.337350738895033
T04177 335.63909774436087 18.0 337.0614880211683 19.33735073889503 337.039992627321 16.65242855258158 334.2382028614008 16.65242855258158 334.2167074675535 19.337350738895033
T04178 338.34586466165416 18.0 339.7682549384616 19.33735073889503 339.74675954461424 16.65242855258158 336.9449697786941 16.65242855258158 336.9234743848467 19.337350738895033
T04179 341.05263157894734 18.0 342.4750218557548 19.337350738895033 342.4535264619075 16.65242855258158 339.65173669598727 16.65242855258158 339.63024130213995 19.337350738895033
T04180 343.75939849624064 18.0 345.1817887730481 19.33735073889503 345.1602933792007 16.65242855258158 342.35850361328056 16.65242855258158 342.3370082194332 19.337350738895033
T04181 346.4661654135338 18.0 347.88855569034126 19.33735073889503 347.86706029649395 16.65242855258158 345.06527053057374 16.652428552581583 345.0437751367264 19.33735073889503
T04182 349.17293233082705 18.0 350.5953226076345 19.337350738895033 350.5738272137871 16.65242855258158 347.772037447867 16.65242855258158 347.7505420540196 19.337350738895033
T04183 351.8796992481203 18.0 353.30208952492774 19.337350738895033 353.2805941310804 16.652428552581583 350.4788043651602 16.652428552581583 350.4573089713129 19.337350738895033
T04184 354.5864661654135 18.0 356.008856442221 19.337350738895033 355.9873610483736 16.652428552581583 353.18557128245345 16.652428552581583 353.1640758886061 19.337350738895033
T04185 357.29323308270676 18.0 358.7156233595142 19.33735073889503 358.6941279656669 16.65242855258158 355.8923381997467 16.65242855258158 355.8708428058994 19.33735073889503
T04186 0.0 20.571428571428573 1.4466198950091325 21.90797373899533 1.4213980584740151 19.223077558193822 358.578601941526 19.223077558193822 358.5533801049909 21.90797373899533
T04187 2.7480916030534353 20.571428571428573 4.194711498062568 21.90797373899533 4.169489661527451 19.223077558193822 1.326693544579449 19.223077558193822 1.301471708044332 21.90797373899533
T04188 5.4961832061068705 20.571428571428573 6.942803101116002 21.90797373899533 6.917581264580884 19.223077558193822 4.074785147632883 19.223077558193822 4.049563311097768 21.90797373899533
T04189 8.244274809160306 20.571428571428573 9.69089470416944 21.90797373899533 9.665672867634319 19.223077558193822 6.8228767506863175 19.223077558193822 6.797654914151201 21.90797373899533
T04190 10.992366412213741 20.571428571428573 12.438986307222873 21.907973738995327 12.413764470687756 19.223077558193822 9.570968353739755 19.223077558193822 9.545746517204636 21.907973738995324
T04191 13.740458015267176 20.571428571428573 15.187077910276308 21.90797373899533 15.161856073741195 19.223077558193822 12.31905995679319 19.223077558193822 12.293838120258071 21.90797373899533
T04192 16.48854961832061 20.571428571428573 17.935169513329743 21.907973738995327 17.909947676794626 19.223077558193822 15.067151559846625 19.223077558193822 15.041929723311505 21.907973738995327
T04193 19.236641221374047 20.571428571428573 20.683261116383182 21.90797373899533 20.658039279848065 19.223077558193822 17.815243162900064 19.223077558193822 17.79002132636495 21.907973738995334
T04194 21.984732824427482 20.571428571428573 23.431352719436614 21.90797373899533 23.40613088290149 19.223077558193822 20.563334765953492 19.223077558193822 20.538112929418382 21.90797373899533
T04195 24.732824427480917 20.571428571428573 26.17944432249005 21.907973738995327 26.154222485954932 19.223077558193822 23.31142636900693 19.223077558193822 23.286204532471814 21.907973738995327
T04196 27.480916030534353 20.571428571428573 28.927535925543484 21.907973738995334 28.902314089008367 19.223077558193822 26.059517972060366 19.223077558193822 26.03429613552525 21.90797373899533
T04197 30.22900763358779 20.571428571428573 31.675627528596923 21.90797373899533 31.6504056920618 19.223077558193822 28.8076095751138 19.223077558193822 28.782387738578684 21.90797373899533
T04198 32.97709923664122 20.571428571428573 34.423719131650344 21.90797373899533 34.398497295115234 19.223077558193822 31.555701178167233 19.223077558193822 31.530479341632116 21.90797373899533
T04199 35.72519083969466 20.571428571428573 37.1718107347038 21.90797373899533 37.14658889816868 19.223077558193822 34.30379278122068 19.223077558193822 34.27857094468556 21.90797373899533
T04200 38.47328244274809 20.571428571428573 39.91990233775722 21.907973738995327 39.894680501222105 19.223077558193822 37.0518843842741 19.223077558193822 37.02666254773898 21.907973738995327
T04201 41.221374045801525 20.571428571428573 42.66799394081066 21.90797373899533 42.642772104275544 19.223077558193822 39.799975987327535 19.223077558193822 39.77475415079242 21.907973738995327
T04202 43.969465648854964 20.571428571428573 45.4160855438641 21.907973738995324 45.39086370732898 19.223077558193822 42.54806759038098 19.223077558193822 42.52284575384586 21.907973738995327
T04203 46.7175572519084 20.571428571428573 48.16417714691753 21.907973738995334 48.13895531038241 19.223077558193822 45.29615919343441 19.223077558193825 45.270937356899296 21.907973738995334
T04204 49.465648854961835 20.571428571428573 50.91226874997097 21.907973738995327 50.887046913435846 19.223077558193822 48.04425079648785 19.223077558193822 48.019028959952735 21.907973738995327
T04205 52.213740458015266 20.571428571428573 53.6603603530244 21.90797373899533 53.63513851648928 19.223077558193822 50.792342399541276 19.223077558193822 50.76712056300616 21.90797373899533
T04206 54.961832061068705 20.571428571428573 56.40845195607783 21.90797373899533 56.383230119542716 19.223077558193822 53.54043400259471 19.223077558193822 53.5152121660596 21.907973738995327
T04207 57.709923664122144 20.571428571428573 59.15654355913128 21.907973738995324 59.131321722596155 19.223077558193822 56.288525605648154 19.223077558193822 56.26330376911304 21.907973738995324
T04208 60.45801526717558 20.571428571428573 61.90463516218471 21.90797373899533 61.87941332564959 19.223077558193822 59.036617208701585 19.223077558193822 59.011395372166476 21.907973738995327
T04209 63.20610687022901 20.571428571428573 64.65272676523814 21.907973738995324 64.62750492870303 19.223077558193822 61.784708811755024 19.223077558193822 61.7594869752199 21.907973738995327
T04210 65.95419847328245 20.571428571428573 67.40081836829158 21.90797373899533 67.37559653175646 19.223077558193822 64.53280041480846 19.223077558193822 64.50757857827334 21.907973738995327
T04211 68.70229007633588 20.571428571428573 70.148909971345 21.907973738995334 70.12368813480988 19.223077558193825 67.2808920178619 19.223077558193825 67.25567018132678 21.907973738995334
T04212 71.45038167938932 20.571428571428573 72.89700157439846 21.90797373899533 72.87177973786333 19.223077558193822 70.02898362091534 19.223077558193822 70.00376178438022 21.90797373899533
T04213 74.19847328244275 20.571428571428573 75.64509317745188 21.907973738995327 75.61987134091676 19.223077558193822 72.77707522396877 19.223077558193822 72.75185338743364 21.907973738995327
T04214 76.94656488549619 20.571428571428573 78.39318478050532 21.907973738995334 78.3679629439702 19.223077558193825 75.5251668270222 19.223077558193822 75.49994499048708 21.90797373899533
T04215 79.69465648854961 20.571428571428573 81.14127638355875 21.90797373899533 81.11605454702364 19.223077558193822 78.27325843007563 19.223077558193822 78.2480365935405 21.90797373899533
T04216 82.44274809160305 20.571428571428573 83.88936798661219 21.907973738995324 83.86414615007708 19.223077558193822 81.02135003312907 19.223077558193822 80.99612819659394 21.907973738995327
T04217 85.19083969465649 20.571428571428573 86.63745958966562 21.907973738995327 86.61223775313051 19.223077558193822 83.7694416361825 19.223077558193822 83.74421979964738 21.90797373899533
T04218 87.93893129770993 20.571428571428573 89.38555119271906 21.907973738995334 89.36032935618394 19.223077558193822 86.51753323923595 19.223077558193822 86.49231140270082 21.907973738995334
T04219 90.68702290076337 20.571428571428573 92.1336427957725 21.907973738995334 92.10842095923739 19.223077558193825 89.26562484228938 19.223077558193825 89.24040300575426 21.90797373899533
T04220 93.4351145038168 20.571428571428573 94.88173439882594 21.907973738995324 94.85651256229082 19.223077558193822 92.01371644534282 19.223077558193822 91.9884946088077 21.907973738995327
T04221 96.18320610687024 20.571428571428573 97.62982600187937 21.90797373899533 97.60460416534426 19.223077558193822 94.76180804839626 19.223077558193825 94.73658621186114 21.90797373899533
T04222 98.93129770992367 20.571428571428573 100.3779176049328 21.90797373899533 100.3526957683977 19.223077558193822 97.5098996514497 19.223077558193822 97.48467781491458 21.90797373899533
T04223 101.67938931297711 20.571428571428573 103.12600920798624 21.907973738995327 103.10078737145112 19.223077558193822 100.25799125450312 19.223077558193822 100.232769417968 21.90797373899533
T04224 104.42748091603053 20.571428571428573 105.87410081103967 21.90797373899533 105.84887897450454 19.223077558193822 103.00608285755655 19.223077558193822 102.98086102102143 21.90797373899533
T04225 107.17557251908397 20.571428571428573 108.6221924140931 21.90797373899533 108.59697057755798 19.223077558193822 105.75417446060997 19.223077558193822 105.72895262407486 21.90797373899533
T04226 109.92366412213741 20.571428571428573 111.37028401714655 21.90797373899533 111.34506218061142 19.223077558193822 108.50226606366343 19.223077558193822 108.4770442271283 21.90797373899533
T04227 112.67175572519085 20.571428571428573 114.11837562019998 21.90797373899533 114.09315378366486 19.223077558193822 111.25035766671687 19.223077558193822 111.22513583018176 21.907973738995334
T04228 115.41984732824429 20.571428571428573 116.86646722325342 21.90797373899533 116.8412453867183 19.223077558193822 113.9984492697703 19.223077558193822 113.97322743323518 21.907973738995327
T04229 118.16793893129773 20.571428571428573 119.61455882630686 21.90797373899533 119.58933698977174 19.223077558193822 116.74654087282374 19.223077558193822 116.72131903628862 21.907973738995327
T04230 120.91603053435117 20.571428571428573 122.3626504293603 21.90797373899533 122.33742859282518 19.223077558193822 119.49463247587718 19.223077558193822 119.46941063934206 21.90797373899533
T04231 123.66412213740458 20.571428571428573 125.11074203241371 21.90797373899533 125.08552019587859 19.223077558193822 122.24272407893059 19.223077558193822 122.21750224239547 21.90797373899533
T04232 126.41221374045801 20.571428571428573 127.85883363546716 21.907973738995334 127.83361179893204 19.223077558193822 124.99081568198403 19.223077558193822 124.96559384544894 21.90797373899533
T04233 129.16030534351145 20.571428571428573 130.60692523852057 21.90797373899533 130.58170340198546 19.223077558193822 127.73890728503747 19.223077558193822 127.71368544850235 21.907973738995327
T04234 131.9083969465649 20.571428571428573 133.355016841574 21.907973738995327 133.3297950050389 19.223077558193822 130.4869988880909 19.223077558193822 130.46177705155577 21.907973738995327
T04235 134.65648854961833 20.571428571428573 136.10310844462745 21.90797373899533 136.07788660809234 19.223077558193822 133.23509049114435 19.223077558193822 133.2098686546092 21.90797373899533
T04236 137.40458015267177 20.571428571428573 138.8512000476809 21.90797373899533 138.82597821114578 19.223077558193822 135.9831820941978 19.223077558193822 135.95796025766265 21.90797373899533
T04237 140.1526717557252 20.571428571428573 141.59929165073436 21.907973738995324 141.57406981419922 19.223077558193822 138.73127369725123 19.223077558193822 138.70605186071612 21.907973738995324
T04238 142.90076335877865 20.571428571428573 144.3473832537878 21.90797373899533 144.32216141725266 19.223077558193822 141.47936530030466 19.223077558193822 141.45414346376955 21.90797373899533
T04239 145.6488549618321 20.571428571428573 147.09547485684124 21.90797373899533 147.07025302030613 19.223077558193822 144.2274569033581 19.223077558193825 144.202235066823 21.90797373899533
T04240 148.3969465648855 20.571428571428573 149.84356645989465 21.907973738995324 149.8183446233595 19.223077558193822 146.9755485064115 19.223077558193822 146.9503266698764 21.907973738995327
T04241 151.14503816793894 20.571428571428573 152.59165806294808 21.90797373899533 152.56643622641295 19.223077558193822 149.72364010946495 19.223077558193822 149.69841827292984 21.907973738995334
T04242 153.89312977099237 20.571428571428573 155.33974966600152 21.90797373899533 155.31452782946639 19.223077558193822 152.4717317125184 19.223077558193822 152.44650987598328 21.90797373899533
T04243 156.6412213740458 20.571428571428573 158.08784126905496 21.90797373899533 158.06261943251982 19.223077558193825 155.21982331557183 19.223077558193825 155.19460147903672 21.90797373899533
T04244 159.38931297709922 20.571428571428573 160.83593287210837 21.907973738995327 160.81071103557323 19.223077558193822 157.96791491862524 19.223077558193822 157.94269308209013 21.90797373899533
T04245 162.13740458015266 20.571428571428573 163.5840244751618 21.90797373899533 163.55880263862667 19.223077558193822 160.71600652167868 19.223077558193825 160.69078468514357 21.90797373899533
T04246 164.8854961832061 20.571428571428573 166.33211607821525 21.907973738995327 166.3068942416801 19.223077558193822 163.46409812473212 19.223077558193822 163.438876288197 21.907973738995327
T04247 167.63358778625954 20.571428571428573 169.0802076812687 21.90797373899533 169.05498584473355 19.223077558193822 166.21218972778556 19.223077558193822 166.18696789125045 21.90797373899533
T04248 170.38167938931298 20.571428571428573 171.8282992843221 21.90797373899533 171.803077447787 19.223077558193822 168.960281330839 19.223077558193822 168.93505949430389 21.907973738995327
T04249 173.12977099236642 20.571428571428573 174.57639088737554 21.90797373899533 174.55116905084043 19.223077558193822 171.70837293389243 19.223077558193822 171.68315109735732 21.907973738995324
T04250 175.87786259541986 20.571428571428573 177.32448249042898 21.90797373899533 177.29926065389387 19.223077558193825 174.45646453694587 19.223077558193825 174.43124270041076 21.90797373899533
T04251 178.6259541984733 20.571428571428573 180.0725740934824 21.90797373899533 180.0473522569473 19.223077558193822 177.2045561399993 19.223077558193822 177.17933430346417 21.90797373899533
T04252 181.37404580152673 20.571428571428573 182.82066569653583 21.90797373899533 182.79544386000074 19.223077558193822 179.95264774305275 19.223077558193822 179.9274259065176 21.90797373899533
T04253 184.12213740458017 20.571428571428573 185.56875729958927 21.90797373899533 185.54353546305418 19.223077558193822 182.70073934610616 19.223077558193822 182.67551750957105 21.90797373899533
T04254 186.8702290076336 20.571428571428573 188.3168489026427 21.907973738995327 188.29162706610762 19.223077558193822 185.4488309491596 19.223077558193822 185.4236091126245 21.907973738995327
T04255 189.61832061068705 20.571428571428573 191.06494050569614 21.90797373899533 191.03971866916106 19.223077558193822 188.19692255221304 19.223077558193822 188.17170071567793 21.907973738995334
T04256 192.3664122137405 20.571428571428573 193.8130321087496 21.90797373899533 193.7878102722145 19.223077558193822 190.94501415526648 19.223077558193825 190.91979231873137 21.907973738995334
T04257 195.1145038167939 20.571428571428573 196.56112371180302 21.907973738995324 196.5359018752679 19.223077558193822 193.6931057583199 19.223077558193822 193.66788392178478 21.90797373899533
T04258 197.86259541984734 20.571428571428573 199.30921531485646 21.907973738995327 199.28399347832135 19.223077558193822 196.44119736137336 19.223077558193822 196.41597552483825 21.907973738995327
T04259 200.61068702290078 20.571428571428573 202.05730691790993 21.90797373899533 202.0320850813748 19.223077558193822 199.1892889644268 19.223077558193822 199.16406712789168 21.907973738995327
T04260 203.35877862595422 20.571428571428573 204.80539852096334 21.907973738995327 204.78017668442823 19.223077558193822 201.93738056748023 19.223077558193822 201.9121587309451 21.90797373899533
T04261 206.10687022900765 20.571428571428573 207.5534901240168 21.90797373899533 207.52826828748167 19.223077558193822 204.68547217053364 19.223077558193822 204.66025033399856 21.90797373899533
T04262 208.85496183206106 20.571428571428573 210.30158172707021 21.907973738995327 210.27635989053508 19.223077558193822 207.43356377358708 19.223077558193822 207.40834193705197 21.907973738995327
T04263 211.6030534351145 20.571428571428573 213.04967333012365 21.907973738995327 213.02445149358851 19.223077558193822 210.18165537664052 19.223077558193822 210.1564335401054 21.90797373899533
T04264 214.35114503816794 20.571428571428573 215.79776493317706 21.907973738995327 215.77254309664195 19.223077558193822 212.92974697969393 19.223077558193822 212.90452514315885 21.90797373899533
T04265 217.09923664122138 20.571428571428573 218.5458565362305 21.90797373899533 218.5206346996954 19.223077558193822 215.6778385827474 19.223077558193822 215.6526167462123 21.907973738995327
T04266 219.84732824427482 20.571428571428573 221.29394813928397 21.907973738995324 221.26872630274883 19.223077558193822 218.4259301858008 19.223077558193822 218.40070834926573 21.907973738995324
T04267 222.59541984732826 20.571428571428573 224.0420397423374 21.907973738995334 224.01681790580227 19.223077558193825 221.17402178885425 19.223077558193825 221.14879995231914 21.907973738995334
T04268 225.3435114503817 20.571428571428573 226.79013134539082 21.907973738995327 226.7649095088557 19.223077558193822 223.9221133919077 19.223077558193822 223.89689155537258 21.90797373899533
T04269 228.09160305343514 20.571428571428573 229.53822294844426 21.907973738995324 229.51300111190912 19.223077558193822 226.67020499496113 19.223077558193822 226.64498315842602 21.907973738995324
T04270 230.83969465648858 20.571428571428573 232.28631455149767 21.907973738995324 232.2610927149626 19.223077558193822 229.41829659801456 19.223077558193822 229.39307476147948 21.907973738995327
T04271 233.58778625954199 20.571428571428573 235.0344061545511 21.907973738995327 235.009184318016 19.223077558193822 232.16638820106797 19.223077558193822 232.1411663645329 21.90797373899533
T04272 236.33587786259545 20.571428571428573 237.78249775760455 21.90797373899533 237.75727592106946 19.223077558193822 234.91447980412144 19.223077558193822 234.88925796758633 21.90797373899533
T04273 239.08396946564886 20.571428571428573 240.53058936065796 21.90797373899533 240.50536752412287 19.223077558193822 237.66257140717485 19.223077558193822 237.6373495706397 21.90797373899533
T04274 241.83206106870233 20.571428571428573 243.27868096371142 21.90797373899533 243.25345912717634 19.223077558193825 240.41066301022832 19.223077558193822 240.3854411736932 21.90797373899533
T04275 244.58015267175574 20.571428571428573 246.02677256676483 21.907973738995324 246.00155073022975 19.223077558193822 243.15875461328173 19.223077558193822 243.13353277674662 21.907973738995327
T04276 247.32824427480915 20.571428571428573 248.77486416981824 21.90797373899533 248.74964233328316 19.223077558193822 245.90684621633514 19.223077558193822 245.88162437980003 21.90797373899533
T04277 250.07633587786262 20.571428571428573 251.5229557728717 21.90797373899533 251.49773393633663 19.223077558193822 248.6549378193886 19.223077558193822 248.6297159828535 21.90797373899533
T04278 252.82442748091603 20.571428571428573 254.27104737592512 21.907973738995327 254.24582553939004 19.223077558193822 251.40302942244202 19.223077558193822 251.3778075859069 21.907973738995327
T04279 255.5725190839695 20.571428571428573 257.0191389789786 21.90797373899533 256.9939171424435 19.223077558193822 254.15112102549548 19.223077558193822 254.12589918896037 21.90797373899533
T04280 258.3206106870229 20.571428571428573 259.767230582032 21.907973738995334 259.7420087454969 19.223077558193822 256.89921262854887 19.223077558193822 256.8739907920138 21.90797373899533
T04281 261.0687022900764 20.571428571428573 262.51532218508544 21.90797373899533 262.49010034855036 19.223077558193822 259.64730423160233 19.223077558193822 259.62208239506725 21.90797373899533
T04282 263.8167938931298 20.571428571428573 265.2634137881389 21.90797373899533 265.23819195160377 19.223077558193825 262.39539583465574 19.223077558193822 262.37017399812066 21.90797373899533
T04283 266.56488549618325 20.571428571428573 268.0115053911923 21.907973738995324 267.98628355465723 19.223077558193822 265.1434874377092 19.223077558193822 265.11826560117413 21.907973738995324
T04284 269.31297709923666 20.571428571428573 270.7595969942457 21.90797373899533 270.73437515771064 19.223077558193825 267.8915790407626 19.22307755819383 267.86635720422754 21.907973738995334
T04285 272.06106870229013 20.571428571428573 273.5076885972992 21.907973738995334 273.4824667607641 19.223077558193822 270.6396706438161 19.223077558193822 270.614448807281 21.907973738995334
T04286 274.80916030534354 20.571428571428573 276.2557802003526 21.90797373899533 276.2305583638175 19.223077558193822 273.3877622468695 19.223077558193822 273.3625404103344 21.90797373899533
T04287 277.557251908397 20.571428571428573 279.0038718034061 21.907973738995324 278.97864996687105 19.223077558193822 276.135853849923 19.223077558193822 276.11063201338794 21.907973738995327
T04288 280.3053435114504 20.571428571428573 281.75196340645954 21.90797373899533 281.72674156992446 19.223077558193822 278.88394545297643 19.223077558193822 278.85872361644135 21.907973738995327
T04289 283.0534351145038 20.571428571428573 284.50005500951295 21.90797373899533 284.47483317297787 19.223077558193822 281.63203705602984 19.223077558193822 281.60681521949476 21.907973738995334
T04290 285.8015267175573 20.571428571428573 287.2481466125664 21.907973738995324 287.22292477603133 19.223077558193822 284.3801286590833 19.223077558193822 284.35490682254823 21.907973738995327
T04291 288.5496183206107 20.571428571428573 289.9962382156198 21.907973738995327 289.97101637908474 19.223077558193822 287.1282202621367 19.223077558193822 287.10299842560164 21.907973738995327
T04292 291.2977099236642 20.571428571428573 292.7443298186733 21.90797373899533 292.7191079821382 19.223077558193822 289.8763118651902 19.223077558193822 289.8510900286551 21.907973738995327
T04293 294.0458015267176 20.571428571428573 295.4924214217267 21.907973738995324 295.4671995851916 19.223077558193822 292.6244034682436 19.223077558193822 292.5991816317085 21.907973738995324
T04294 296.793893129771 20.571428571428573 298.2405130247801 21.90797373899533 298.21529118824503 19.223077558193822 295.372495071297 19.223077558193822 295.34727323476193 21.907973738995327
T04295 299.5419847328244 20.571428571428573 300.9886046278335 21.907973738995327 300.96338279129844 19.223077558193822 298.1205866743504 19.223077558193822 298.09536483781534 21.907973738995327
T04296 302.29007633587787 20.571428571428573 303.736696230887 21.907973738995327 303.7114743943519 19.223077558193822 300.8686782774039 19.223077558193822 300.8434564408688 21.907973738995327
T04297 305.0381679389313 20.571428571428573 306.4847878339404 21.90797373899533 306.4595659974053 19.223077558193822 303.6167698804573 19.223077558193825 303.5915480439222 21.90797373899533
T04298 307.78625954198475 20.571428571428573 309.23287943699387 21.90797373899533 309.2076576004588 19.223077558193822 306.36486148351077 19.223077558193822 306.3396396469757 21.90797373899533
T04299 310.53435114503816 20.571428571428573 311.9809710400473 21.907973738995324 311.9557492035122 19.223077558193822 309.1129530865642 19.223077558193822 309.0877312500291 21.907973738995324
T04300 313.2824427480916 20.571428571428573 314.72906264310075 21.907973738995334 314.70384080656567 19.223077558193822 311.86104468961764 19.223077558193822 311.83582285308256 21.90797373899533
T04301 316.03053435114504 20.571428571428573 317.47715424615416 21.907973738995324 317.4519324096191 19.223077558193822 314.60913629267105 19.223077558193822 314.583914456136 21.907973738995324
T04302 318.77862595419845 20.571428571428573 320.22524584920757 21.907973738995327 320.2000240126725 19.223077558193822 317.35722789572446 19.223077558193822 317.3320060591894 21.90797373899533
T04303 321.5267175572519 20.571428571428573 322.97333745226103 21.907973738995327 322.94811561572595 19.223077558193822 320.10531949877793 19.223077558193822 320.08009766224285 21.907973738995327
T04304 324.2748091603053 20.571428571428573 325.72142905531445 21.907973738995324 325.69620721877936 19.223077558193822 322.85341110183134 19.223077558193822 322.82818926529626 21.907973738995324
T04305 327.0229007633588 20.571428571428573 328.4695206583679 21.907973738995327 328.44429882183283 19.223077558193822 325.6015027048848 19.223077558193822 325.57628086834967 21.907973738995327
T04306 329.7709923664122 20.571428571428573 331.2176122614213 21.90797373899533 331.19239042488624 19.223077558193822 328.3495943079382 19.223077558193822 328.3243724714031 21.90797373899533
T04307 332.51908396946567 20.571428571428573 333.9657038644748 21.90797373899533 333.9404820279397 19.223077558193822 331.0976859109917 19.223077558193822 331.07246407445655 21.90797373899533
T04308 335.2671755725191 20.571428571428573 336.7137954675282 21.907973738995327 336.6885736309931 19.223077558193822 333.8457775140451 19.223077558193822 333.82055567750996 21.907973738995324
T04309 338.01526717557255 20.571428571428573 339.46188707058167 21.90797373899533 339.4366652340466 19.223077558193822 336.59386911709856 19.223077558193822 336.5686472805634 21.907973738995334
T04310 340.76335877862596 20.571428571428573 342.2099786736351 21.907973738995334 342.1847568371 19.223077558193822 339.341960720152 19.223077558193822 339.31673888361684 21.907973738995334
T04311 343.5114503816794 20.571428571428573 344.95807027668855 21.907973738995324 344.9328484401534 19.223077558193822 342.09005232320544 19.223077558193822 342.0648304866703 21.90797373899533
T04312 346.25954198473283 20.571428571428573 347.70616187974196 21.90797373899533 347.6809400432069 19.223077558193822 344.83814392625885 19.223077558193822 344.8129220897237 21.90797373899533
T04313 349.0076335877863 20.571428571428573 350.4542534827954 21.90797373899533 350.4290316462603 19.223077558193822 347.5862355293123 19.223077558193822 347.5610136927772 21.90797373899533
T04314 351.7557251908397 20.571428571428573 353.20234508584883 21.907973738995327 353.1771232493137 19.223077558193822 350.33432713236573 19.223077558193822 350.3091052958306 21.90797373899533
T04315 354.5038167938931 20.571428571428573 355.95043668890224 21.90797373899533 355.9252148523671 19.223077558193822 353.08241873541914 19.223077558193822 353.057196898884 21.90797373899533
T04316 357.2519083969466 20.571428571428573 358.6985282919557 21.907973738995327 358.6733064554206 19.223077558193822 355.83051033847255 19.223077558193822 355.80528850193747 21.907973738995327
